"[[Piece(r, 2, isdama=False), '*'], 'X', [Piece(r, -5, isdama=False), '/'], 'X', [Piece(r, 8, isdama=False), '-'], 'X', [Piece(r, -11, isdama=False), '+'], 'X', 'X', [Piece(r, -7, isdama=False), '/'], 'X', [Piece(r, 10, isdama=False), '*'], 'X', [Piece(r, -3, isdama=False), '+'], 'X', [Piece(r, 0, isdama=False), '-'], [Piece(r, 4, isdama=False), '-'], 'X', [Piece(r, -1, isdama=False), '+'], 'X', [Piece(r, 6, isdama=False), '*'], 'X', [Piece(r, -9, isdama=False), '/'], 'X', 'X', [None, '+'], 'X', [None, '-'], 'X', [None, '/'], 'X', [None, '*'], [None, '*'], 'X', [None, '/'], 'X', [None, '-'], 'X', [None, '+'], 'X', 'X', [Piece(b, -9, isdama=False), '/'], 'X', [Piece(b, 6, isdama=False), '*'], 'X', [Piece(b, -1, isdama=False), '+'], 'X', [Piece(b, 4, isdama=False), '-'], [Piece(b, 0, isdama=False), '-'], 'X', [Piece(b, -3, isdama=False), '+'], 'X', [Piece(b, 10, isdama=False), '*'], 'X', [Piece(b, -7, isdama=False), '/'], 'X', 'X', [Piece(b, -11, isdama=False), '+'], 'X', [Piece(b, 8, isdama=False), '-'], 'X', [Piece(b, -5, isdama=False), '/'], 'X', [Piece(b, 2, isdama=False), '*']]","{""valid_moves"": [{""position"": [16, ""-""], ""piece"": [""red"", 4, false], ""destination"": [25]}, {""position"": [18, ""+""], ""piece"": [""red"", -1, false], ""destination"": [25, 27]}, {""position"": [20, ""*""], ""piece"": [""red"", 6, false], ""destination"": [27, 29]}, {""position"": [22, ""/""], ""piece"": [""red"", -9, false], ""destination"": [29, 31]}]}","Piece(r, 4, isdama=False): [25]
Piece(r, -1, isdama=False): [25, 27]
Piece(r, 6, isdama=False): [27, 29]
Piece(r, -9, isdama=False): [29, 31]"
"[[Piece(r, 2, isdama=False), '*'], 'X', [Piece(r, -5, isdama=False), '/'], 'X', [Piece(r, 8, isdama=False), '-'], 'X', [Piece(r, -11, isdama=False), '+'], 'X', 'X', [Piece(r, -7, isdama=False), '/'], 'X', [Piece(r, 10, isdama=False), '*'], 'X', [Piece(r, -3, isdama=False), '+'], 'X', [Piece(r, 0, isdama=False), '-'], [Piece(r, 4, isdama=False), '-'], 'X', [Piece(r, -1, isdama=False), '+'], 'X', [Piece(r, 6, isdama=False), '*'], 'X', [Piece(r, -9, isdama=False), '/'], 'X', 'X', [None, '+'], 'X', [None, '-'], 'X', [None, '/'], 'X', [None, '*'], [None, '*'], 'X', [None, '/'], 'X', [None, '-'], 'X', [None, '+'], 'X', 'X', [Piece(b, -9, isdama=False), '/'], 'X', [Piece(b, 6, isdama=False), '*'], 'X', [Piece(b, -1, isdama=False), '+'], 'X', [Piece(b, 4, isdama=False), '-'], [Piece(b, 0, isdama=False), '-'], 'X', [Piece(b, -3, isdama=False), '+'], 'X', [Piece(b, 10, isdama=False), '*'], 'X', [Piece(b, -7, isdama=False), '/'], 'X', 'X', [Piece(b, -11, isdama=False), '+'], 'X', [Piece(b, 8, isdama=False), '-'], 'X', [Piece(b, -5, isdama=False), '/'], 'X', [Piece(b, 2, isdama=False), '*']]","{""valid_moves"": [{""position"": [16, ""-""], ""piece"": [""red"", 4, false], ""destination"": [25]}, {""position"": [18, ""+""], ""piece"": [""red"", -1, false], ""destination"": [25, 27]}, {""position"": [20, ""*""], ""piece"": [""red"", 6, false], ""destination"": [27, 29]}, {""position"": [22, ""/""], ""piece"": [""red"", -9, false], ""destination"": [29, 31]}]}","Piece(r, 4, isdama=False): [25]
Piece(r, -1, isdama=False): [25, 27]
Piece(r, 6, isdama=False): [27, 29]
Piece(r, -9, isdama=False): [29, 31]"
"[[Piece(r, 2, isdama=False), '*'], 'X', [Piece(r, -5, isdama=False), '/'], 'X', [Piece(r, 8, isdama=False), '-'], 'X', [Piece(r, -11, isdama=False), '+'], 'X', 'X', [Piece(r, -7, isdama=False), '/'], 'X', [Piece(r, 10, isdama=False), '*'], 'X', [Piece(r, -3, isdama=False), '+'], 'X', [Piece(r, 0, isdama=False), '-'], [Piece(r, 4, isdama=False), '-'], 'X', [Piece(r, -1, isdama=False), '+'], 'X', [Piece(r, 6, isdama=False), '*'], 'X', [Piece(r, -9, isdama=False), '/'], 'X', 'X', [None, '+'], 'X', [None, '-'], 'X', [None, '/'], 'X', [None, '*'], [None, '*'], 'X', [None, '/'], 'X', [None, '-'], 'X', [None, '+'], 'X', 'X', [Piece(b, -9, isdama=False), '/'], 'X', [Piece(b, 6, isdama=False), '*'], 'X', [Piece(b, -1, isdama=False), '+'], 'X', [Piece(b, 4, isdama=False), '-'], [Piece(b, 0, isdama=False), '-'], 'X', [Piece(b, -3, isdama=False), '+'], 'X', [Piece(b, 10, isdama=False), '*'], 'X', [Piece(b, -7, isdama=False), '/'], 'X', 'X', [Piece(b, -11, isdama=False), '+'], 'X', [Piece(b, 8, isdama=False), '-'], 'X', [Piece(b, -5, isdama=False), '/'], 'X', [Piece(b, 2, isdama=False), '*']]","{""valid_moves"": [{""position"": [16, ""-""], ""piece"": [""red"", 4, false], ""destination"": [25]}, {""position"": [18, ""+""], ""piece"": [""red"", -1, false], ""destination"": [25, 27]}, {""position"": [20, ""*""], ""piece"": [""red"", 6, false], ""destination"": [27, 29]}, {""position"": [22, ""/""], ""piece"": [""red"", -9, false], ""destination"": [29, 31]}]}","Piece(r, 4, isdama=False): [25]
Piece(r, -1, isdama=False): [25, 27]
Piece(r, 6, isdama=False): [27, 29]
Piece(r, -9, isdama=False): [29, 31]"
"[[Piece(r, 2, isdama=False), '*'], 'X', [Piece(r, -5, isdama=False), '/'], 'X', [Piece(r, 8, isdama=False), '-'], 'X', [Piece(r, -11, isdama=False), '+'], 'X', 'X', [Piece(r, -7, isdama=False), '/'], 'X', [Piece(r, 10, isdama=False), '*'], 'X', [Piece(r, -3, isdama=False), '+'], 'X', [Piece(r, 0, isdama=False), '-'], [Piece(r, 4, isdama=False), '-'], 'X', [Piece(r, -1, isdama=False), '+'], 'X', [Piece(r, 6, isdama=False), '*'], 'X', [Piece(r, -9, isdama=False), '/'], 'X', 'X', [None, '+'], 'X', [None, '-'], 'X', [None, '/'], 'X', [None, '*'], [None, '*'], 'X', [None, '/'], 'X', [None, '-'], 'X', [None, '+'], 'X', 'X', [Piece(b, -9, isdama=False), '/'], 'X', [Piece(b, 6, isdama=False), '*'], 'X', [Piece(b, -1, isdama=False), '+'], 'X', [Piece(b, 4, isdama=False), '-'], [Piece(b, 0, isdama=False), '-'], 'X', [Piece(b, -3, isdama=False), '+'], 'X', [Piece(b, 10, isdama=False), '*'], 'X', [Piece(b, -7, isdama=False), '/'], 'X', 'X', [Piece(b, -11, isdama=False), '+'], 'X', [Piece(b, 8, isdama=False), '-'], 'X', [Piece(b, -5, isdama=False), '/'], 'X', [Piece(b, 2, isdama=False), '*']]","{""valid_moves"": [{""position"": [16, ""-""], ""piece"": [""red"", 4, false], ""destination"": [25]}, {""position"": [18, ""+""], ""piece"": [""red"", -1, false], ""destination"": [25, 27]}, {""position"": [20, ""*""], ""piece"": [""red"", 6, false], ""destination"": [27, 29]}, {""position"": [22, ""/""], ""piece"": [""red"", -9, false], ""destination"": [29, 31]}]}","Piece(r, 4, isdama=False): [25]
Piece(r, -1, isdama=False): [25, 27]
Piece(r, 6, isdama=False): [27, 29]
Piece(r, -9, isdama=False): [29, 31]"
"[[Piece(r, 2, isdama=False), '*'], 'X', [Piece(r, -5, isdama=False), '/'], 'X', [Piece(r, 8, isdama=False), '-'], 'X', [Piece(r, -11, isdama=False), '+'], 'X', 'X', [Piece(r, -7, isdama=False), '/'], 'X', [Piece(r, 10, isdama=False), '*'], 'X', [Piece(r, -3, isdama=False), '+'], 'X', [Piece(r, 0, isdama=False), '-'], [Piece(r, 4, isdama=False), '-'], 'X', [Piece(r, -1, isdama=False), '+'], 'X', [Piece(r, 6, isdama=False), '*'], 'X', [Piece(r, -9, isdama=False), '/'], 'X', 'X', [None, '+'], 'X', [None, '-'], 'X', [None, '/'], 'X', [None, '*'], [None, '*'], 'X', [None, '/'], 'X', [None, '-'], 'X', [None, '+'], 'X', 'X', [Piece(b, -9, isdama=False), '/'], 'X', [Piece(b, 6, isdama=False), '*'], 'X', [Piece(b, -1, isdama=False), '+'], 'X', [Piece(b, 4, isdama=False), '-'], [Piece(b, 0, isdama=False), '-'], 'X', [Piece(b, -3, isdama=False), '+'], 'X', [Piece(b, 10, isdama=False), '*'], 'X', [Piece(b, -7, isdama=False), '/'], 'X', 'X', [Piece(b, -11, isdama=False), '+'], 'X', [Piece(b, 8, isdama=False), '-'], 'X', [Piece(b, -5, isdama=False), '/'], 'X', [Piece(b, 2, isdama=False), '*']]","{""valid_moves"": [{""position"": [16, ""-""], ""piece"": [""red"", 4, false], ""destination"": [25]}, {""position"": [18, ""+""], ""piece"": [""red"", -1, false], ""destination"": [25, 27]}, {""position"": [20, ""*""], ""piece"": [""red"", 6, false], ""destination"": [27, 29]}, {""position"": [22, ""/""], ""piece"": [""red"", -9, false], ""destination"": [29, 31]}]}","Piece(r, 4, isdama=False): [25]
Piece(r, -1, isdama=False): [25, 27]
Piece(r, 6, isdama=False): [27, 29]
Piece(r, -9, isdama=False): [29, 31]"
"[[Piece(r, 2, isdama=False), '*'], 'X', [Piece(r, -5, isdama=False), '/'], 'X', [Piece(r, 8, isdama=False), '-'], 'X', [Piece(r, -11, isdama=False), '+'], 'X', 'X', [Piece(r, -7, isdama=False), '/'], 'X', [Piece(r, 10, isdama=False), '*'], 'X', [Piece(r, -3, isdama=False), '+'], 'X', [Piece(r, 0, isdama=False), '-'], [Piece(r, 4, isdama=False), '-'], 'X', [Piece(r, -1, isdama=False), '+'], 'X', [Piece(r, 6, isdama=False), '*'], 'X', [Piece(r, -9, isdama=False), '/'], 'X', 'X', [None, '+'], 'X', [None, '-'], 'X', [None, '/'], 'X', [None, '*'], [None, '*'], 'X', [None, '/'], 'X', [None, '-'], 'X', [None, '+'], 'X', 'X', [Piece(b, -9, isdama=False), '/'], 'X', [Piece(b, 6, isdama=False), '*'], 'X', [Piece(b, -1, isdama=False), '+'], 'X', [Piece(b, 4, isdama=False), '-'], [Piece(b, 0, isdama=False), '-'], 'X', [Piece(b, -3, isdama=False), '+'], 'X', [Piece(b, 10, isdama=False), '*'], 'X', [Piece(b, -7, isdama=False), '/'], 'X', 'X', [Piece(b, -11, isdama=False), '+'], 'X', [Piece(b, 8, isdama=False), '-'], 'X', [Piece(b, -5, isdama=False), '/'], 'X', [Piece(b, 2, isdama=False), '*']]","{""valid_moves"": [{""position"": [16, ""-""], ""piece"": [""red"", 4, false], ""destination"": [25]}, {""position"": [18, ""+""], ""piece"": [""red"", -1, false], ""destination"": [25, 27]}, {""position"": [20, ""*""], ""piece"": [""red"", 6, false], ""destination"": [27, 29]}, {""position"": [22, ""/""], ""piece"": [""red"", -9, false], ""destination"": [29, 31]}]}","Piece(r, 4, isdama=False): [25]
Piece(r, -1, isdama=False): [25, 27]
Piece(r, 6, isdama=False): [27, 29]
Piece(r, -9, isdama=False): [29, 31]"
"[[Piece(r, 2, isdama=False), '*'], 'X', [Piece(r, -5, isdama=False), '/'], 'X', [Piece(r, 8, isdama=False), '-'], 'X', [Piece(r, -11, isdama=False), '+'], 'X', 'X', [Piece(r, -7, isdama=False), '/'], 'X', [Piece(r, 10, isdama=False), '*'], 'X', [Piece(r, -3, isdama=False), '+'], 'X', [Piece(r, 0, isdama=False), '-'], [Piece(r, 4, isdama=False), '-'], 'X', [Piece(r, -1, isdama=False), '+'], 'X', [Piece(r, 6, isdama=False), '*'], 'X', [Piece(r, -9, isdama=False), '/'], 'X', 'X', [None, '+'], 'X', [None, '-'], 'X', [None, '/'], 'X', [None, '*'], [None, '*'], 'X', [None, '/'], 'X', [None, '-'], 'X', [None, '+'], 'X', 'X', [Piece(b, -9, isdama=False), '/'], 'X', [Piece(b, 6, isdama=False), '*'], 'X', [Piece(b, -1, isdama=False), '+'], 'X', [Piece(b, 4, isdama=False), '-'], [Piece(b, 0, isdama=False), '-'], 'X', [Piece(b, -3, isdama=False), '+'], 'X', [Piece(b, 10, isdama=False), '*'], 'X', [Piece(b, -7, isdama=False), '/'], 'X', 'X', [Piece(b, -11, isdama=False), '+'], 'X', [Piece(b, 8, isdama=False), '-'], 'X', [Piece(b, -5, isdama=False), '/'], 'X', [Piece(b, 2, isdama=False), '*']]","{""valid_moves"": [{""position"": [16, ""-""], ""piece"": [""red"", 4, false], ""destination"": [25]}, {""position"": [18, ""+""], ""piece"": [""red"", -1, false], ""destination"": [25, 27]}, {""position"": [20, ""*""], ""piece"": [""red"", 6, false], ""destination"": [27, 29]}, {""position"": [22, ""/""], ""piece"": [""red"", -9, false], ""destination"": [29, 31]}]}","Piece(r, 4, isdama=False): [25]
Piece(r, -1, isdama=False): [25, 27]
Piece(r, 6, isdama=False): [27, 29]
Piece(r, -9, isdama=False): [29, 31]"
"[[Piece(r, 2, isdama=False), '*'], 'X', [Piece(r, -5, isdama=False), '/'], 'X', [Piece(r, 8, isdama=False), '-'], 'X', [Piece(r, -11, isdama=False), '+'], 'X', 'X', [Piece(r, -7, isdama=False), '/'], 'X', [Piece(r, 10, isdama=False), '*'], 'X', [Piece(r, -3, isdama=False), '+'], 'X', [Piece(r, 0, isdama=False), '-'], [Piece(r, 4, isdama=False), '-'], 'X', [Piece(r, -1, isdama=False), '+'], 'X', [None, '*'], 'X', [Piece(r, -9, isdama=False), '/'], 'X', 'X', [None, '+'], 'X', [Piece(r, 6, isdama=False), '-'], 'X', [None, '/'], 'X', [None, '*'], [None, '*'], 'X', [None, '/'], 'X', [Piece(b, 6, isdama=False), '-'], 'X', [None, '+'], 'X', 'X', [Piece(b, -9, isdama=False), '/'], 'X', [None, '*'], 'X', [Piece(b, -1, isdama=False), '+'], 'X', [Piece(b, 4, isdama=False), '-'], [Piece(b, 0, isdama=False), '-'], 'X', [Piece(b, -3, isdama=False), '+'], 'X', [Piece(b, 10, isdama=False), '*'], 'X', [Piece(b, -7, isdama=False), '/'], 'X', 'X', [Piece(b, -11, isdama=False), '+'], 'X', [Piece(b, 8, isdama=False), '-'], 'X', [Piece(b, -5, isdama=False), '/'], 'X', [Piece(b, 2, isdama=False), '*']]","{""valid_moves"": [{""position"": [11, ""*""], ""piece"": [""red"", 10, false], ""destination"": [20]}, {""position"": [13, ""+""], ""piece"": [""red"", -3, false], ""destination"": [20]}, {""position"": [16, ""-""], ""piece"": [""red"", 4, false], ""destination"": [25]}, {""position"": [18, ""+""], ""piece"": [""red"", -1, false], ""destination"": [25]}, {""position"": [22, ""/""], ""piece"": [""red"", -9, false], ""destination"": [29, 31]}, {""position"": [27, ""-""], ""piece"": [""red"", 6, false], ""destination"": [34]}]}","Piece(r, 10, isdama=False): [20]
Piece(r, -3, isdama=False): [20]
Piece(r, 4, isdama=False): [25]
Piece(r, -1, isdama=False): [25]
Piece(r, -9, isdama=False): [29, 31]
Piece(r, 6, isdama=False): [34]"
"[[Piece(r, 2, isdama=False), '*'], 'X', [Piece(r, -5, isdama=False), '/'], 'X', [Piece(r, 8, isdama=False), '-'], 'X', [Piece(r, -11, isdama=False), '+'], 'X', 'X', [Piece(r, -7, isdama=False), '/'], 'X', [Piece(r, 10, isdama=False), '*'], 'X', [Piece(r, -3, isdama=False), '+'], 'X', [Piece(r, 0, isdama=False), '-'], [Piece(r, 4, isdama=False), '-'], 'X', [Piece(r, -1, isdama=False), '+'], 'X', [None, '*'], 'X', [Piece(r, -9, isdama=False), '/'], 'X', 'X', [None, '+'], 'X', [Piece(r, 6, isdama=False), '-'], 'X', [None, '/'], 'X', [None, '*'], [None, '*'], 'X', [None, '/'], 'X', [Piece(b, 6, isdama=False), '-'], 'X', [None, '+'], 'X', 'X', [Piece(b, -9, isdama=False), '/'], 'X', [None, '*'], 'X', [Piece(b, -1, isdama=False), '+'], 'X', [Piece(b, 4, isdama=False), '-'], [Piece(b, 0, isdama=False), '-'], 'X', [Piece(b, -3, isdama=False), '+'], 'X', [Piece(b, 10, isdama=False), '*'], 'X', [Piece(b, -7, isdama=False), '/'], 'X', 'X', [Piece(b, -11, isdama=False), '+'], 'X', [Piece(b, 8, isdama=False), '-'], 'X', [Piece(b, -5, isdama=False), '/'], 'X', [Piece(b, 2, isdama=False), '*']]","{""valid_moves"": [{""position"": [11, ""*""], ""piece"": [""red"", 10, false], ""destination"": [20]}, {""position"": [13, ""+""], ""piece"": [""red"", -3, false], ""destination"": [20]}, {""position"": [16, ""-""], ""piece"": [""red"", 4, false], ""destination"": [25]}, {""position"": [18, ""+""], ""piece"": [""red"", -1, false], ""destination"": [25]}, {""position"": [22, ""/""], ""piece"": [""red"", -9, false], ""destination"": [29, 31]}, {""position"": [27, ""-""], ""piece"": [""red"", 6, false], ""destination"": [34]}]}","Piece(r, 10, isdama=False): [20]
Piece(r, -3, isdama=False): [20]
Piece(r, 4, isdama=False): [25]
Piece(r, -1, isdama=False): [25]
Piece(r, -9, isdama=False): [29, 31]
Piece(r, 6, isdama=False): [34]"
"[[Piece(r, 2, isdama=False), '*'], 'X', [Piece(r, -5, isdama=False), '/'], 'X', [Piece(r, 8, isdama=False), '-'], 'X', [Piece(r, -11, isdama=False), '+'], 'X', 'X', [Piece(r, -7, isdama=False), '/'], 'X', [Piece(r, 10, isdama=False), '*'], 'X', [Piece(r, -3, isdama=False), '+'], 'X', [Piece(r, 0, isdama=False), '-'], [Piece(r, 4, isdama=False), '-'], 'X', [Piece(r, -1, isdama=False), '+'], 'X', [None, '*'], 'X', [Piece(r, -9, isdama=False), '/'], 'X', 'X', [None, '+'], 'X', [Piece(r, 6, isdama=False), '-'], 'X', [None, '/'], 'X', [None, '*'], [None, '*'], 'X', [None, '/'], 'X', [Piece(b, 6, isdama=False), '-'], 'X', [None, '+'], 'X', 'X', [Piece(b, -9, isdama=False), '/'], 'X', [None, '*'], 'X', [Piece(b, -1, isdama=False), '+'], 'X', [Piece(b, 4, isdama=False), '-'], [Piece(b, 0, isdama=False), '-'], 'X', [Piece(b, -3, isdama=False), '+'], 'X', [Piece(b, 10, isdama=False), '*'], 'X', [Piece(b, -7, isdama=False), '/'], 'X', 'X', [Piece(b, -11, isdama=False), '+'], 'X', [Piece(b, 8, isdama=False), '-'], 'X', [Piece(b, -5, isdama=False), '/'], 'X', [Piece(b, 2, isdama=False), '*']]","{""valid_moves"": [{""position"": [11, ""*""], ""piece"": [""red"", 10, false], ""destination"": [20]}, {""position"": [13, ""+""], ""piece"": [""red"", -3, false], ""destination"": [20]}, {""position"": [16, ""-""], ""piece"": [""red"", 4, false], ""destination"": [25]}, {""position"": [18, ""+""], ""piece"": [""red"", -1, false], ""destination"": [25]}, {""position"": [22, ""/""], ""piece"": [""red"", -9, false], ""destination"": [29, 31]}, {""position"": [27, ""-""], ""piece"": [""red"", 6, false], ""destination"": [34]}]}","Piece(r, 10, isdama=False): [20]
Piece(r, -3, isdama=False): [20]
Piece(r, 4, isdama=False): [25]
Piece(r, -1, isdama=False): [25]
Piece(r, -9, isdama=False): [29, 31]
Piece(r, 6, isdama=False): [34]"
"[[Piece(r, 2, isdama=False), '*'], 'X', [Piece(r, -5, isdama=False), '/'], 'X', [Piece(r, 8, isdama=False), '-'], 'X', [Piece(r, -11, isdama=False), '+'], 'X', 'X', [Piece(r, -7, isdama=False), '/'], 'X', [Piece(r, 10, isdama=False), '*'], 'X', [Piece(r, -3, isdama=False), '+'], 'X', [Piece(r, 0, isdama=False), '-'], [Piece(r, 4, isdama=False), '-'], 'X', [Piece(r, -1, isdama=False), '+'], 'X', [None, '*'], 'X', [Piece(r, -9, isdama=False), '/'], 'X', 'X', [None, '+'], 'X', [Piece(r, 6, isdama=False), '-'], 'X', [None, '/'], 'X', [None, '*'], [None, '*'], 'X', [None, '/'], 'X', [Piece(b, 6, isdama=False), '-'], 'X', [None, '+'], 'X', 'X', [Piece(b, -9, isdama=False), '/'], 'X', [None, '*'], 'X', [Piece(b, -1, isdama=False), '+'], 'X', [Piece(b, 4, isdama=False), '-'], [Piece(b, 0, isdama=False), '-'], 'X', [Piece(b, -3, isdama=False), '+'], 'X', [Piece(b, 10, isdama=False), '*'], 'X', [Piece(b, -7, isdama=False), '/'], 'X', 'X', [Piece(b, -11, isdama=False), '+'], 'X', [Piece(b, 8, isdama=False), '-'], 'X', [Piece(b, -5, isdama=False), '/'], 'X', [Piece(b, 2, isdama=False), '*']]","{""valid_moves"": [{""position"": [11, ""*""], ""piece"": [""red"", 10, false], ""destination"": [20]}, {""position"": [13, ""+""], ""piece"": [""red"", -3, false], ""destination"": [20]}, {""position"": [16, ""-""], ""piece"": [""red"", 4, false], ""destination"": [25]}, {""position"": [18, ""+""], ""piece"": [""red"", -1, false], ""destination"": [25]}, {""position"": [22, ""/""], ""piece"": [""red"", -9, false], ""destination"": [29, 31]}, {""position"": [27, ""-""], ""piece"": [""red"", 6, false], ""destination"": [34]}]}","Piece(r, 10, isdama=False): [20]
Piece(r, -3, isdama=False): [20]
Piece(r, 4, isdama=False): [25]
Piece(r, -1, isdama=False): [25]
Piece(r, -9, isdama=False): [29, 31]
Piece(r, 6, isdama=False): [34]"
"[[Piece(r, 2, isdama=False), '*'], 'X', [Piece(r, -5, isdama=False), '/'], 'X', [Piece(r, 8, isdama=False), '-'], 'X', [Piece(r, -11, isdama=False), '+'], 'X', 'X', [Piece(r, -7, isdama=False), '/'], 'X', [Piece(r, 10, isdama=False), '*'], 'X', [Piece(r, -3, isdama=False), '+'], 'X', [Piece(r, 0, isdama=False), '-'], [Piece(r, 4, isdama=False), '-'], 'X', [Piece(r, -1, isdama=False), '+'], 'X', [None, '*'], 'X', [Piece(r, -9, isdama=False), '/'], 'X', 'X', [None, '+'], 'X', [Piece(r, 6, isdama=False), '-'], 'X', [None, '/'], 'X', [None, '*'], [None, '*'], 'X', [None, '/'], 'X', [Piece(b, 6, isdama=False), '-'], 'X', [None, '+'], 'X', 'X', [Piece(b, -9, isdama=False), '/'], 'X', [None, '*'], 'X', [Piece(b, -1, isdama=False), '+'], 'X', [Piece(b, 4, isdama=False), '-'], [Piece(b, 0, isdama=False), '-'], 'X', [Piece(b, -3, isdama=False), '+'], 'X', [Piece(b, 10, isdama=False), '*'], 'X', [Piece(b, -7, isdama=False), '/'], 'X', 'X', [Piece(b, -11, isdama=False), '+'], 'X', [Piece(b, 8, isdama=False), '-'], 'X', [Piece(b, -5, isdama=False), '/'], 'X', [Piece(b, 2, isdama=False), '*']]","{""valid_moves"": [{""position"": [11, ""*""], ""piece"": [""red"", 10, false], ""destination"": [20]}, {""position"": [13, ""+""], ""piece"": [""red"", -3, false], ""destination"": [20]}, {""position"": [16, ""-""], ""piece"": [""red"", 4, false], ""destination"": [25]}, {""position"": [18, ""+""], ""piece"": [""red"", -1, false], ""destination"": [25]}, {""position"": [22, ""/""], ""piece"": [""red"", -9, false], ""destination"": [29, 31]}, {""position"": [27, ""-""], ""piece"": [""red"", 6, false], ""destination"": [34]}]}","Piece(r, 10, isdama=False): [20]
Piece(r, -3, isdama=False): [20]
Piece(r, 4, isdama=False): [25]
Piece(r, -1, isdama=False): [25]
Piece(r, -9, isdama=False): [29, 31]
Piece(r, 6, isdama=False): [34]"
"[[Piece(r, 2, isdama=False), '*'], 'X', [Piece(r, -5, isdama=False), '/'], 'X', [Piece(r, 8, isdama=False), '-'], 'X', [Piece(r, -11, isdama=False), '+'], 'X', 'X', [Piece(r, -7, isdama=False), '/'], 'X', [Piece(r, 10, isdama=False), '*'], 'X', [Piece(r, -3, isdama=False), '+'], 'X', [Piece(r, 0, isdama=False), '-'], [Piece(r, 4, isdama=False), '-'], 'X', [Piece(r, -1, isdama=False), '+'], 'X', [None, '*'], 'X', [Piece(r, -9, isdama=False), '/'], 'X', 'X', [None, '+'], 'X', [Piece(r, 6, isdama=False), '-'], 'X', [None, '/'], 'X', [None, '*'], [None, '*'], 'X', [None, '/'], 'X', [Piece(b, 6, isdama=False), '-'], 'X', [None, '+'], 'X', 'X', [Piece(b, -9, isdama=False), '/'], 'X', [None, '*'], 'X', [Piece(b, -1, isdama=False), '+'], 'X', [Piece(b, 4, isdama=False), '-'], [Piece(b, 0, isdama=False), '-'], 'X', [Piece(b, -3, isdama=False), '+'], 'X', [Piece(b, 10, isdama=False), '*'], 'X', [Piece(b, -7, isdama=False), '/'], 'X', 'X', [Piece(b, -11, isdama=False), '+'], 'X', [Piece(b, 8, isdama=False), '-'], 'X', [Piece(b, -5, isdama=False), '/'], 'X', [Piece(b, 2, isdama=False), '*']]","{""valid_moves"": [{""position"": [11, ""*""], ""piece"": [""red"", 10, false], ""destination"": [20]}, {""position"": [13, ""+""], ""piece"": [""red"", -3, false], ""destination"": [20]}, {""position"": [16, ""-""], ""piece"": [""red"", 4, false], ""destination"": [25]}, {""position"": [18, ""+""], ""piece"": [""red"", -1, false], ""destination"": [25]}, {""position"": [22, ""/""], ""piece"": [""red"", -9, false], ""destination"": [29, 31]}, {""position"": [27, ""-""], ""piece"": [""red"", 6, false], ""destination"": [34]}]}","Piece(r, 10, isdama=False): [20]
Piece(r, -3, isdama=False): [20]
Piece(r, 4, isdama=False): [25]
Piece(r, -1, isdama=False): [25]
Piece(r, -9, isdama=False): [29, 31]
Piece(r, 6, isdama=False): [34]"
"[[Piece(r, 2, isdama=False), '*'], 'X', [Piece(r, -5, isdama=False), '/'], 'X', [Piece(r, 8, isdama=False), '-'], 'X', [Piece(r, -11, isdama=False), '+'], 'X', 'X', [Piece(r, -7, isdama=False), '/'], 'X', [Piece(r, 10, isdama=False), '*'], 'X', [Piece(r, -3, isdama=False), '+'], 'X', [Piece(r, 0, isdama=False), '-'], [Piece(r, 4, isdama=False), '-'], 'X', [Piece(r, -1, isdama=False), '+'], 'X', [None, '*'], 'X', [Piece(r, -9, isdama=False), '/'], 'X', 'X', [None, '+'], 'X', [Piece(r, 6, isdama=False), '-'], 'X', [None, '/'], 'X', [None, '*'], [None, '*'], 'X', [None, '/'], 'X', [Piece(b, 6, isdama=False), '-'], 'X', [None, '+'], 'X', 'X', [Piece(b, -9, isdama=False), '/'], 'X', [None, '*'], 'X', [Piece(b, -1, isdama=False), '+'], 'X', [Piece(b, 4, isdama=False), '-'], [Piece(b, 0, isdama=False), '-'], 'X', [Piece(b, -3, isdama=False), '+'], 'X', [Piece(b, 10, isdama=False), '*'], 'X', [Piece(b, -7, isdama=False), '/'], 'X', 'X', [Piece(b, -11, isdama=False), '+'], 'X', [Piece(b, 8, isdama=False), '-'], 'X', [Piece(b, -5, isdama=False), '/'], 'X', [Piece(b, 2, isdama=False), '*']]","{""valid_moves"": [{""position"": [11, ""*""], ""piece"": [""red"", 10, false], ""destination"": [20]}, {""position"": [13, ""+""], ""piece"": [""red"", -3, false], ""destination"": [20]}, {""position"": [16, ""-""], ""piece"": [""red"", 4, false], ""destination"": [25]}, {""position"": [18, ""+""], ""piece"": [""red"", -1, false], ""destination"": [25]}, {""position"": [22, ""/""], ""piece"": [""red"", -9, false], ""destination"": [29, 31]}, {""position"": [27, ""-""], ""piece"": [""red"", 6, false], ""destination"": [34]}]}","Piece(r, 10, isdama=False): [20]
Piece(r, -3, isdama=False): [20]
Piece(r, 4, isdama=False): [25]
Piece(r, -1, isdama=False): [25]
Piece(r, -9, isdama=False): [29, 31]
Piece(r, 6, isdama=False): [34]"
"[[Piece(r, 2, isdama=False), '*'], 'X', [Piece(r, -5, isdama=False), '/'], 'X', [Piece(r, 8, isdama=False), '-'], 'X', [Piece(r, -11, isdama=False), '+'], 'X', 'X', [Piece(r, -7, isdama=False), '/'], 'X', [Piece(r, 10, isdama=False), '*'], 'X', [None, '+'], 'X', [Piece(r, 0, isdama=False), '-'], [Piece(r, 4, isdama=False), '-'], 'X', [Piece(r, -1, isdama=False), '+'], 'X', [Piece(r, -3, isdama=False), '*'], 'X', [Piece(r, -9, isdama=False), '/'], 'X', 'X', [None, '+'], 'X', [Piece(r, 6, isdama=False), '-'], 'X', [None, '/'], 'X', [None, '*'], [None, '*'], 'X', [None, '/'], 'X', [Piece(b, 6, isdama=False), '-'], 'X', [Piece(b, 4, isdama=False), '+'], 'X', 'X', [Piece(b, -9, isdama=False), '/'], 'X', [None, '*'], 'X', [Piece(b, -1, isdama=False), '+'], 'X', [None, '-'], [Piece(b, 0, isdama=False), '-'], 'X', [Piece(b, -3, isdama=False), '+'], 'X', [Piece(b, 10, isdama=False), '*'], 'X', [Piece(b, -7, isdama=False), '/'], 'X', 'X', [Piece(b, -11, isdama=False), '+'], 'X', [Piece(b, 8, isdama=False), '-'], 'X', [Piece(b, -5, isdama=False), '/'], 'X', [Piece(b, 2, isdama=False), '*']]","{""valid_moves"": [{""position"": [4, ""-""], ""piece"": [""red"", 8, false], ""destination"": [13]}, {""position"": [6, ""+""], ""piece"": [""red"", -11, false], ""destination"": [13]}, {""position"": [16, ""-""], ""piece"": [""red"", 4, false], ""destination"": [25]}, {""position"": [18, ""+""], ""piece"": [""red"", -1, false], ""destination"": [25]}, {""position"": [20, ""*""], ""piece"": [""red"", -3, false], ""destination"": [29]}, {""position"": [22, ""/""], ""piece"": [""red"", -9, false], ""destination"": [29, 31]}, {""position"": [27, ""-""], ""piece"": [""red"", 6, false], ""destination"": [34]}]}","Piece(r, 8, isdama=False): [13]
Piece(r, -11, isdama=False): [13]
Piece(r, 4, isdama=False): [25]
Piece(r, -1, isdama=False): [25]
Piece(r, -3, isdama=False): [29]
Piece(r, -9, isdama=False): [29, 31]
Piece(r, 6, isdama=False): [34]"
"[[Piece(r, 2, isdama=False), '*'], 'X', [Piece(r, -5, isdama=False), '/'], 'X', [Piece(r, 8, isdama=False), '-'], 'X', [Piece(r, -11, isdama=False), '+'], 'X', 'X', [Piece(r, -7, isdama=False), '/'], 'X', [Piece(r, 10, isdama=False), '*'], 'X', [None, '+'], 'X', [Piece(r, 0, isdama=False), '-'], [Piece(r, 4, isdama=False), '-'], 'X', [Piece(r, -1, isdama=False), '+'], 'X', [Piece(r, -3, isdama=False), '*'], 'X', [Piece(r, -9, isdama=False), '/'], 'X', 'X', [None, '+'], 'X', [Piece(r, 6, isdama=False), '-'], 'X', [None, '/'], 'X', [None, '*'], [None, '*'], 'X', [None, '/'], 'X', [Piece(b, 6, isdama=False), '-'], 'X', [Piece(b, 4, isdama=False), '+'], 'X', 'X', [Piece(b, -9, isdama=False), '/'], 'X', [None, '*'], 'X', [Piece(b, -1, isdama=False), '+'], 'X', [None, '-'], [Piece(b, 0, isdama=False), '-'], 'X', [Piece(b, -3, isdama=False), '+'], 'X', [Piece(b, 10, isdama=False), '*'], 'X', [Piece(b, -7, isdama=False), '/'], 'X', 'X', [Piece(b, -11, isdama=False), '+'], 'X', [Piece(b, 8, isdama=False), '-'], 'X', [Piece(b, -5, isdama=False), '/'], 'X', [Piece(b, 2, isdama=False), '*']]","{""valid_moves"": [{""position"": [4, ""-""], ""piece"": [""red"", 8, false], ""destination"": [13]}, {""position"": [6, ""+""], ""piece"": [""red"", -11, false], ""destination"": [13]}, {""position"": [16, ""-""], ""piece"": [""red"", 4, false], ""destination"": [25]}, {""position"": [18, ""+""], ""piece"": [""red"", -1, false], ""destination"": [25]}, {""position"": [20, ""*""], ""piece"": [""red"", -3, false], ""destination"": [29]}, {""position"": [22, ""/""], ""piece"": [""red"", -9, false], ""destination"": [29, 31]}, {""position"": [27, ""-""], ""piece"": [""red"", 6, false], ""destination"": [34]}]}","Piece(r, 8, isdama=False): [13]
Piece(r, -11, isdama=False): [13]
Piece(r, 4, isdama=False): [25]
Piece(r, -1, isdama=False): [25]
Piece(r, -3, isdama=False): [29]
Piece(r, -9, isdama=False): [29, 31]
Piece(r, 6, isdama=False): [34]"
"[[Piece(r, 2, isdama=False), '*'], 'X', [Piece(r, -5, isdama=False), '/'], 'X', [Piece(r, 8, isdama=False), '-'], 'X', [Piece(r, -11, isdama=False), '+'], 'X', 'X', [Piece(r, -7, isdama=False), '/'], 'X', [Piece(r, 10, isdama=False), '*'], 'X', [None, '+'], 'X', [Piece(r, 0, isdama=False), '-'], [Piece(r, 4, isdama=False), '-'], 'X', [Piece(r, -1, isdama=False), '+'], 'X', [Piece(r, -3, isdama=False), '*'], 'X', [Piece(r, -9, isdama=False), '/'], 'X', 'X', [None, '+'], 'X', [Piece(r, 6, isdama=False), '-'], 'X', [None, '/'], 'X', [None, '*'], [None, '*'], 'X', [None, '/'], 'X', [Piece(b, 6, isdama=False), '-'], 'X', [Piece(b, 4, isdama=False), '+'], 'X', 'X', [Piece(b, -9, isdama=False), '/'], 'X', [None, '*'], 'X', [Piece(b, -1, isdama=False), '+'], 'X', [None, '-'], [Piece(b, 0, isdama=False), '-'], 'X', [Piece(b, -3, isdama=False), '+'], 'X', [Piece(b, 10, isdama=False), '*'], 'X', [Piece(b, -7, isdama=False), '/'], 'X', 'X', [Piece(b, -11, isdama=False), '+'], 'X', [Piece(b, 8, isdama=False), '-'], 'X', [Piece(b, -5, isdama=False), '/'], 'X', [Piece(b, 2, isdama=False), '*']]","{""valid_moves"": [{""position"": [4, ""-""], ""piece"": [""red"", 8, false], ""destination"": [13]}, {""position"": [6, ""+""], ""piece"": [""red"", -11, false], ""destination"": [13]}, {""position"": [16, ""-""], ""piece"": [""red"", 4, false], ""destination"": [25]}, {""position"": [18, ""+""], ""piece"": [""red"", -1, false], ""destination"": [25]}, {""position"": [20, ""*""], ""piece"": [""red"", -3, false], ""destination"": [29]}, {""position"": [22, ""/""], ""piece"": [""red"", -9, false], ""destination"": [29, 31]}, {""position"": [27, ""-""], ""piece"": [""red"", 6, false], ""destination"": [34]}]}","Piece(r, 8, isdama=False): [13]
Piece(r, -11, isdama=False): [13]
Piece(r, 4, isdama=False): [25]
Piece(r, -1, isdama=False): [25]
Piece(r, -3, isdama=False): [29]
Piece(r, -9, isdama=False): [29, 31]
Piece(r, 6, isdama=False): [34]"
"[[Piece(r, 2, isdama=False), '*'], 'X', [Piece(r, -5, isdama=False), '/'], 'X', [Piece(r, 8, isdama=False), '-'], 'X', [Piece(r, -11, isdama=False), '+'], 'X', 'X', [Piece(r, -7, isdama=False), '/'], 'X', [Piece(r, 10, isdama=False), '*'], 'X', [None, '+'], 'X', [Piece(r, 0, isdama=False), '-'], [Piece(r, 4, isdama=False), '-'], 'X', [Piece(r, -1, isdama=False), '+'], 'X', [Piece(r, -3, isdama=False), '*'], 'X', [Piece(r, -9, isdama=False), '/'], 'X', 'X', [None, '+'], 'X', [Piece(r, 6, isdama=False), '-'], 'X', [None, '/'], 'X', [None, '*'], [None, '*'], 'X', [None, '/'], 'X', [Piece(b, 6, isdama=False), '-'], 'X', [Piece(b, 4, isdama=False), '+'], 'X', 'X', [Piece(b, -9, isdama=False), '/'], 'X', [None, '*'], 'X', [Piece(b, -1, isdama=False), '+'], 'X', [None, '-'], [Piece(b, 0, isdama=False), '-'], 'X', [Piece(b, -3, isdama=False), '+'], 'X', [Piece(b, 10, isdama=False), '*'], 'X', [Piece(b, -7, isdama=False), '/'], 'X', 'X', [Piece(b, -11, isdama=False), '+'], 'X', [Piece(b, 8, isdama=False), '-'], 'X', [Piece(b, -5, isdama=False), '/'], 'X', [Piece(b, 2, isdama=False), '*']]","{""valid_moves"": [{""position"": [4, ""-""], ""piece"": [""red"", 8, false], ""destination"": [13]}, {""position"": [6, ""+""], ""piece"": [""red"", -11, false], ""destination"": [13]}, {""position"": [16, ""-""], ""piece"": [""red"", 4, false], ""destination"": [25]}, {""position"": [18, ""+""], ""piece"": [""red"", -1, false], ""destination"": [25]}, {""position"": [20, ""*""], ""piece"": [""red"", -3, false], ""destination"": [29]}, {""position"": [22, ""/""], ""piece"": [""red"", -9, false], ""destination"": [29, 31]}, {""position"": [27, ""-""], ""piece"": [""red"", 6, false], ""destination"": [34]}]}","Piece(r, 8, isdama=False): [13]
Piece(r, -11, isdama=False): [13]
Piece(r, 4, isdama=False): [25]
Piece(r, -1, isdama=False): [25]
Piece(r, -3, isdama=False): [29]
Piece(r, -9, isdama=False): [29, 31]
Piece(r, 6, isdama=False): [34]"
"[[Piece(r, 2, isdama=False), '*'], 'X', [Piece(r, -5, isdama=False), '/'], 'X', [Piece(r, 8, isdama=False), '-'], 'X', [Piece(r, -11, isdama=False), '+'], 'X', 'X', [Piece(r, -7, isdama=False), '/'], 'X', [Piece(r, 10, isdama=False), '*'], 'X', [None, '+'], 'X', [Piece(r, 0, isdama=False), '-'], [Piece(r, 4, isdama=False), '-'], 'X', [Piece(r, -1, isdama=False), '+'], 'X', [Piece(r, -3, isdama=False), '*'], 'X', [Piece(r, -9, isdama=False), '/'], 'X', 'X', [None, '+'], 'X', [Piece(r, 6, isdama=False), '-'], 'X', [None, '/'], 'X', [None, '*'], [None, '*'], 'X', [None, '/'], 'X', [Piece(b, 6, isdama=False), '-'], 'X', [Piece(b, 4, isdama=False), '+'], 'X', 'X', [Piece(b, -9, isdama=False), '/'], 'X', [None, '*'], 'X', [Piece(b, -1, isdama=False), '+'], 'X', [None, '-'], [Piece(b, 0, isdama=False), '-'], 'X', [Piece(b, -3, isdama=False), '+'], 'X', [Piece(b, 10, isdama=False), '*'], 'X', [Piece(b, -7, isdama=False), '/'], 'X', 'X', [Piece(b, -11, isdama=False), '+'], 'X', [Piece(b, 8, isdama=False), '-'], 'X', [Piece(b, -5, isdama=False), '/'], 'X', [Piece(b, 2, isdama=False), '*']]","{""valid_moves"": [{""position"": [4, ""-""], ""piece"": [""red"", 8, false], ""destination"": [13]}, {""position"": [6, ""+""], ""piece"": [""red"", -11, false], ""destination"": [13]}, {""position"": [16, ""-""], ""piece"": [""red"", 4, false], ""destination"": [25]}, {""position"": [18, ""+""], ""piece"": [""red"", -1, false], ""destination"": [25]}, {""position"": [20, ""*""], ""piece"": [""red"", -3, false], ""destination"": [29]}, {""position"": [22, ""/""], ""piece"": [""red"", -9, false], ""destination"": [29, 31]}, {""position"": [27, ""-""], ""piece"": [""red"", 6, false], ""destination"": [34]}]}","Piece(r, 8, isdama=False): [13]
Piece(r, -11, isdama=False): [13]
Piece(r, 4, isdama=False): [25]
Piece(r, -1, isdama=False): [25]
Piece(r, -3, isdama=False): [29]
Piece(r, -9, isdama=False): [29, 31]
Piece(r, 6, isdama=False): [34]"
"[[Piece(r, 2, isdama=False), '*'], 'X', [Piece(r, -5, isdama=False), '/'], 'X', [Piece(r, 8, isdama=False), '-'], 'X', [Piece(r, -11, isdama=False), '+'], 'X', 'X', [Piece(r, -7, isdama=False), '/'], 'X', [Piece(r, 10, isdama=False), '*'], 'X', [None, '+'], 'X', [Piece(r, 0, isdama=False), '-'], [Piece(r, 4, isdama=False), '-'], 'X', [Piece(r, -1, isdama=False), '+'], 'X', [Piece(r, -3, isdama=False), '*'], 'X', [Piece(r, -9, isdama=False), '/'], 'X', 'X', [None, '+'], 'X', [Piece(r, 6, isdama=False), '-'], 'X', [None, '/'], 'X', [None, '*'], [None, '*'], 'X', [None, '/'], 'X', [Piece(b, 6, isdama=False), '-'], 'X', [Piece(b, 4, isdama=False), '+'], 'X', 'X', [Piece(b, -9, isdama=False), '/'], 'X', [None, '*'], 'X', [Piece(b, -1, isdama=False), '+'], 'X', [None, '-'], [Piece(b, 0, isdama=False), '-'], 'X', [Piece(b, -3, isdama=False), '+'], 'X', [Piece(b, 10, isdama=False), '*'], 'X', [Piece(b, -7, isdama=False), '/'], 'X', 'X', [Piece(b, -11, isdama=False), '+'], 'X', [Piece(b, 8, isdama=False), '-'], 'X', [Piece(b, -5, isdama=False), '/'], 'X', [Piece(b, 2, isdama=False), '*']]","{""valid_moves"": [{""position"": [4, ""-""], ""piece"": [""red"", 8, false], ""destination"": [13]}, {""position"": [6, ""+""], ""piece"": [""red"", -11, false], ""destination"": [13]}, {""position"": [16, ""-""], ""piece"": [""red"", 4, false], ""destination"": [25]}, {""position"": [18, ""+""], ""piece"": [""red"", -1, false], ""destination"": [25]}, {""position"": [20, ""*""], ""piece"": [""red"", -3, false], ""destination"": [29]}, {""position"": [22, ""/""], ""piece"": [""red"", -9, false], ""destination"": [29, 31]}, {""position"": [27, ""-""], ""piece"": [""red"", 6, false], ""destination"": [34]}]}","Piece(r, 8, isdama=False): [13]
Piece(r, -11, isdama=False): [13]
Piece(r, 4, isdama=False): [25]
Piece(r, -1, isdama=False): [25]
Piece(r, -3, isdama=False): [29]
Piece(r, -9, isdama=False): [29, 31]
Piece(r, 6, isdama=False): [34]"
"[[Piece(r, 2, isdama=False), '*'], 'X', [Piece(r, -5, isdama=False), '/'], 'X', [Piece(r, 8, isdama=False), '-'], 'X', [Piece(r, -11, isdama=False), '+'], 'X', 'X', [Piece(r, -7, isdama=False), '/'], 'X', [Piece(r, 10, isdama=False), '*'], 'X', [None, '+'], 'X', [Piece(r, 0, isdama=False), '-'], [Piece(r, 4, isdama=False), '-'], 'X', [Piece(r, -1, isdama=False), '+'], 'X', [Piece(r, -3, isdama=False), '*'], 'X', [Piece(r, -9, isdama=False), '/'], 'X', 'X', [None, '+'], 'X', [Piece(r, 6, isdama=False), '-'], 'X', [None, '/'], 'X', [None, '*'], [None, '*'], 'X', [None, '/'], 'X', [Piece(b, 6, isdama=False), '-'], 'X', [Piece(b, 4, isdama=False), '+'], 'X', 'X', [Piece(b, -9, isdama=False), '/'], 'X', [None, '*'], 'X', [Piece(b, -1, isdama=False), '+'], 'X', [None, '-'], [Piece(b, 0, isdama=False), '-'], 'X', [Piece(b, -3, isdama=False), '+'], 'X', [Piece(b, 10, isdama=False), '*'], 'X', [Piece(b, -7, isdama=False), '/'], 'X', 'X', [Piece(b, -11, isdama=False), '+'], 'X', [Piece(b, 8, isdama=False), '-'], 'X', [Piece(b, -5, isdama=False), '/'], 'X', [Piece(b, 2, isdama=False), '*']]","{""valid_moves"": [{""position"": [4, ""-""], ""piece"": [""red"", 8, false], ""destination"": [13]}, {""position"": [6, ""+""], ""piece"": [""red"", -11, false], ""destination"": [13]}, {""position"": [16, ""-""], ""piece"": [""red"", 4, false], ""destination"": [25]}, {""position"": [18, ""+""], ""piece"": [""red"", -1, false], ""destination"": [25]}, {""position"": [20, ""*""], ""piece"": [""red"", -3, false], ""destination"": [29]}, {""position"": [22, ""/""], ""piece"": [""red"", -9, false], ""destination"": [29, 31]}, {""position"": [27, ""-""], ""piece"": [""red"", 6, false], ""destination"": [34]}]}","Piece(r, 8, isdama=False): [13]
Piece(r, -11, isdama=False): [13]
Piece(r, 4, isdama=False): [25]
Piece(r, -1, isdama=False): [25]
Piece(r, -3, isdama=False): [29]
Piece(r, -9, isdama=False): [29, 31]
Piece(r, 6, isdama=False): [34]"
"[[Piece(r, 2, isdama=False), '*'], 'X', [Piece(r, -5, isdama=False), '/'], 'X', [Piece(r, 8, isdama=False), '-'], 'X', [Piece(r, -11, isdama=False), '+'], 'X', 'X', [Piece(r, -7, isdama=False), '/'], 'X', [Piece(r, 10, isdama=False), '*'], 'X', [None, '+'], 'X', [Piece(r, 0, isdama=False), '-'], [Piece(r, 4, isdama=False), '-'], 'X', [Piece(r, -1, isdama=False), '+'], 'X', [Piece(r, -3, isdama=False), '*'], 'X', [Piece(r, -9, isdama=False), '/'], 'X', 'X', [None, '+'], 'X', [Piece(r, 6, isdama=False), '-'], 'X', [None, '/'], 'X', [None, '*'], [None, '*'], 'X', [None, '/'], 'X', [Piece(b, 6, isdama=False), '-'], 'X', [Piece(b, 4, isdama=False), '+'], 'X', 'X', [Piece(b, -9, isdama=False), '/'], 'X', [None, '*'], 'X', [Piece(b, -1, isdama=False), '+'], 'X', [None, '-'], [Piece(b, 0, isdama=False), '-'], 'X', [Piece(b, -3, isdama=False), '+'], 'X', [Piece(b, 10, isdama=False), '*'], 'X', [Piece(b, -7, isdama=False), '/'], 'X', 'X', [Piece(b, -11, isdama=False), '+'], 'X', [Piece(b, 8, isdama=False), '-'], 'X', [Piece(b, -5, isdama=False), '/'], 'X', [Piece(b, 2, isdama=False), '*']]","{""valid_moves"": [{""position"": [4, ""-""], ""piece"": [""red"", 8, false], ""destination"": [13]}, {""position"": [6, ""+""], ""piece"": [""red"", -11, false], ""destination"": [13]}, {""position"": [16, ""-""], ""piece"": [""red"", 4, false], ""destination"": [25]}, {""position"": [18, ""+""], ""piece"": [""red"", -1, false], ""destination"": [25]}, {""position"": [20, ""*""], ""piece"": [""red"", -3, false], ""destination"": [29]}, {""position"": [22, ""/""], ""piece"": [""red"", -9, false], ""destination"": [29, 31]}, {""position"": [27, ""-""], ""piece"": [""red"", 6, false], ""destination"": [34]}]}","Piece(r, 8, isdama=False): [13]
Piece(r, -11, isdama=False): [13]
Piece(r, 4, isdama=False): [25]
Piece(r, -1, isdama=False): [25]
Piece(r, -3, isdama=False): [29]
Piece(r, -9, isdama=False): [29, 31]
Piece(r, 6, isdama=False): [34]"
"[[Piece(r, 2, isdama=False), '*'], 'X', [Piece(r, -5, isdama=False), '/'], 'X', [Piece(r, 8, isdama=False), '-'], 'X', [None, '+'], 'X', 'X', [Piece(r, -7, isdama=False), '/'], 'X', [Piece(r, 10, isdama=False), '*'], 'X', [Piece(r, -11, isdama=False), '+'], 'X', [Piece(r, 0, isdama=False), '-'], [Piece(r, 4, isdama=False), '-'], 'X', [Piece(r, -1, isdama=False), '+'], 'X', [Piece(r, -3, isdama=False), '*'], 'X', [Piece(r, -9, isdama=False), '/'], 'X', 'X', [None, '+'], 'X', [Piece(r, 6, isdama=False), '-'], 'X', [Piece(b, 6, isdama=False), '/'], 'X', [None, '*'], [None, '*'], 'X', [None, '/'], 'X', [None, '-'], 'X', [Piece(b, 4, isdama=False), '+'], 'X', 'X', [Piece(b, -9, isdama=False), '/'], 'X', [None, '*'], 'X', [Piece(b, -1, isdama=False), '+'], 'X', [None, '-'], [Piece(b, 0, isdama=False), '-'], 'X', [Piece(b, -3, isdama=False), '+'], 'X', [Piece(b, 10, isdama=False), '*'], 'X', [Piece(b, -7, isdama=False), '/'], 'X', 'X', [Piece(b, -11, isdama=False), '+'], 'X', [Piece(b, 8, isdama=False), '-'], 'X', [Piece(b, -5, isdama=False), '/'], 'X', [Piece(b, 2, isdama=False), '*']]","{""valid_moves"": [{""position"": [22, ""/""], ""piece"": [""red"", -9, false], ""destination"": [36]}]}","Piece(r, -9, isdama=False): [36]"
"[[Piece(r, 2, isdama=False), '*'], 'X', [Piece(r, -5, isdama=False), '/'], 'X', [Piece(r, 8, isdama=False), '-'], 'X', [None, '+'], 'X', 'X', [Piece(r, -7, isdama=False), '/'], 'X', [Piece(r, 10, isdama=False), '*'], 'X', [Piece(r, -11, isdama=False), '+'], 'X', [Piece(r, 0, isdama=False), '-'], [Piece(r, 4, isdama=False), '-'], 'X', [Piece(r, -1, isdama=False), '+'], 'X', [Piece(r, -3, isdama=False), '*'], 'X', [None, '/'], 'X', 'X', [None, '+'], 'X', [Piece(r, 6, isdama=False), '-'], 'X', [None, '/'], 'X', [None, '*'], [None, '*'], 'X', [None, '/'], 'X', [Piece(r, -9, isdama=False), '-'], 'X', [Piece(b, 4, isdama=False), '+'], 'X', 'X', [Piece(b, -9, isdama=False), '/'], 'X', [Piece(b, 10, isdama=False), '*'], 'X', [Piece(b, -1, isdama=False), '+'], 'X', [None, '-'], [Piece(b, 0, isdama=False), '-'], 'X', [Piece(b, -3, isdama=False), '+'], 'X', [None, '*'], 'X', [Piece(b, -7, isdama=False), '/'], 'X', 'X', [Piece(b, -11, isdama=False), '+'], 'X', [Piece(b, 8, isdama=False), '-'], 'X', [Piece(b, -5, isdama=False), '/'], 'X', [Piece(b, 2, isdama=False), '*']]","{""valid_moves"": [{""position"": [13, ""+""], ""piece"": [""red"", -11, false], ""destination"": [22]}, {""position"": [15, ""-""], ""piece"": [""red"", 0, false], ""destination"": [22]}, {""position"": [16, ""-""], ""piece"": [""red"", 4, false], ""destination"": [25]}, {""position"": [18, ""+""], ""piece"": [""red"", -1, false], ""destination"": [25]}, {""position"": [20, ""*""], ""piece"": [""red"", -3, false], ""destination"": [29]}, {""position"": [27, ""-""], ""piece"": [""red"", 6, false], ""destination"": [34]}]}","Piece(r, -11, isdama=False): [22]
Piece(r, 0, isdama=False): [22]
Piece(r, 4, isdama=False): [25]
Piece(r, -1, isdama=False): [25]
Piece(r, -3, isdama=False): [29]
Piece(r, 6, isdama=False): [34]"
"[[Piece(r, 2, isdama=False), '*'], 'X', [Piece(r, -5, isdama=False), '/'], 'X', [Piece(r, 8, isdama=False), '-'], 'X', [None, '+'], 'X', 'X', [Piece(r, -7, isdama=False), '/'], 'X', [Piece(r, 10, isdama=False), '*'], 'X', [Piece(r, -11, isdama=False), '+'], 'X', [Piece(r, 0, isdama=False), '-'], [Piece(r, 4, isdama=False), '-'], 'X', [Piece(r, -1, isdama=False), '+'], 'X', [Piece(r, -3, isdama=False), '*'], 'X', [None, '/'], 'X', 'X', [None, '+'], 'X', [Piece(r, 6, isdama=False), '-'], 'X', [None, '/'], 'X', [None, '*'], [None, '*'], 'X', [None, '/'], 'X', [Piece(r, -9, isdama=False), '-'], 'X', [Piece(b, 4, isdama=False), '+'], 'X', 'X', [Piece(b, -9, isdama=False), '/'], 'X', [Piece(b, 10, isdama=False), '*'], 'X', [Piece(b, -1, isdama=False), '+'], 'X', [None, '-'], [Piece(b, 0, isdama=False), '-'], 'X', [Piece(b, -3, isdama=False), '+'], 'X', [None, '*'], 'X', [Piece(b, -7, isdama=False), '/'], 'X', 'X', [Piece(b, -11, isdama=False), '+'], 'X', [Piece(b, 8, isdama=False), '-'], 'X', [Piece(b, -5, isdama=False), '/'], 'X', [Piece(b, 2, isdama=False), '*']]","{""valid_moves"": [{""position"": [13, ""+""], ""piece"": [""red"", -11, false], ""destination"": [22]}, {""position"": [15, ""-""], ""piece"": [""red"", 0, false], ""destination"": [22]}, {""position"": [16, ""-""], ""piece"": [""red"", 4, false], ""destination"": [25]}, {""position"": [18, ""+""], ""piece"": [""red"", -1, false], ""destination"": [25]}, {""position"": [20, ""*""], ""piece"": [""red"", -3, false], ""destination"": [29]}, {""position"": [27, ""-""], ""piece"": [""red"", 6, false], ""destination"": [34]}]}","Piece(r, -11, isdama=False): [22]
Piece(r, 0, isdama=False): [22]
Piece(r, 4, isdama=False): [25]
Piece(r, -1, isdama=False): [25]
Piece(r, -3, isdama=False): [29]
Piece(r, 6, isdama=False): [34]"
"[[Piece(r, 2, isdama=False), '*'], 'X', [Piece(r, -5, isdama=False), '/'], 'X', [Piece(r, 8, isdama=False), '-'], 'X', [None, '+'], 'X', 'X', [Piece(r, -7, isdama=False), '/'], 'X', [Piece(r, 10, isdama=False), '*'], 'X', [Piece(r, -11, isdama=False), '+'], 'X', [Piece(r, 0, isdama=False), '-'], [Piece(r, 4, isdama=False), '-'], 'X', [Piece(r, -1, isdama=False), '+'], 'X', [Piece(r, -3, isdama=False), '*'], 'X', [None, '/'], 'X', 'X', [None, '+'], 'X', [Piece(r, 6, isdama=False), '-'], 'X', [None, '/'], 'X', [None, '*'], [None, '*'], 'X', [None, '/'], 'X', [Piece(r, -9, isdama=False), '-'], 'X', [Piece(b, 4, isdama=False), '+'], 'X', 'X', [Piece(b, -9, isdama=False), '/'], 'X', [Piece(b, 10, isdama=False), '*'], 'X', [Piece(b, -1, isdama=False), '+'], 'X', [None, '-'], [Piece(b, 0, isdama=False), '-'], 'X', [Piece(b, -3, isdama=False), '+'], 'X', [None, '*'], 'X', [Piece(b, -7, isdama=False), '/'], 'X', 'X', [Piece(b, -11, isdama=False), '+'], 'X', [Piece(b, 8, isdama=False), '-'], 'X', [Piece(b, -5, isdama=False), '/'], 'X', [Piece(b, 2, isdama=False), '*']]","{""valid_moves"": [{""position"": [13, ""+""], ""piece"": [""red"", -11, false], ""destination"": [22]}, {""position"": [15, ""-""], ""piece"": [""red"", 0, false], ""destination"": [22]}, {""position"": [16, ""-""], ""piece"": [""red"", 4, false], ""destination"": [25]}, {""position"": [18, ""+""], ""piece"": [""red"", -1, false], ""destination"": [25]}, {""position"": [20, ""*""], ""piece"": [""red"", -3, false], ""destination"": [29]}, {""position"": [27, ""-""], ""piece"": [""red"", 6, false], ""destination"": [34]}]}","Piece(r, -11, isdama=False): [22]
Piece(r, 0, isdama=False): [22]
Piece(r, 4, isdama=False): [25]
Piece(r, -1, isdama=False): [25]
Piece(r, -3, isdama=False): [29]
Piece(r, 6, isdama=False): [34]"
"[[Piece(r, 2, isdama=False), '*'], 'X', [Piece(r, -5, isdama=False), '/'], 'X', [Piece(r, 8, isdama=False), '-'], 'X', [None, '+'], 'X', 'X', [Piece(r, -7, isdama=False), '/'], 'X', [Piece(r, 10, isdama=False), '*'], 'X', [Piece(r, -11, isdama=False), '+'], 'X', [Piece(r, 0, isdama=False), '-'], [Piece(r, 4, isdama=False), '-'], 'X', [Piece(r, -1, isdama=False), '+'], 'X', [Piece(r, -3, isdama=False), '*'], 'X', [None, '/'], 'X', 'X', [None, '+'], 'X', [Piece(r, 6, isdama=False), '-'], 'X', [None, '/'], 'X', [None, '*'], [None, '*'], 'X', [None, '/'], 'X', [Piece(r, -9, isdama=False), '-'], 'X', [Piece(b, 4, isdama=False), '+'], 'X', 'X', [Piece(b, -9, isdama=False), '/'], 'X', [Piece(b, 10, isdama=False), '*'], 'X', [Piece(b, -1, isdama=False), '+'], 'X', [None, '-'], [Piece(b, 0, isdama=False), '-'], 'X', [Piece(b, -3, isdama=False), '+'], 'X', [None, '*'], 'X', [Piece(b, -7, isdama=False), '/'], 'X', 'X', [Piece(b, -11, isdama=False), '+'], 'X', [Piece(b, 8, isdama=False), '-'], 'X', [Piece(b, -5, isdama=False), '/'], 'X', [Piece(b, 2, isdama=False), '*']]","{""valid_moves"": [{""position"": [13, ""+""], ""piece"": [""red"", -11, false], ""destination"": [22]}, {""position"": [15, ""-""], ""piece"": [""red"", 0, false], ""destination"": [22]}, {""position"": [16, ""-""], ""piece"": [""red"", 4, false], ""destination"": [25]}, {""position"": [18, ""+""], ""piece"": [""red"", -1, false], ""destination"": [25]}, {""position"": [20, ""*""], ""piece"": [""red"", -3, false], ""destination"": [29]}, {""position"": [27, ""-""], ""piece"": [""red"", 6, false], ""destination"": [34]}]}","Piece(r, -11, isdama=False): [22]
Piece(r, 0, isdama=False): [22]
Piece(r, 4, isdama=False): [25]
Piece(r, -1, isdama=False): [25]
Piece(r, -3, isdama=False): [29]
Piece(r, 6, isdama=False): [34]"
"[[Piece(r, 2, isdama=False), '*'], 'X', [Piece(r, -5, isdama=False), '/'], 'X', [Piece(r, 8, isdama=False), '-'], 'X', [None, '+'], 'X', 'X', [Piece(r, -7, isdama=False), '/'], 'X', [Piece(r, 10, isdama=False), '*'], 'X', [Piece(r, -11, isdama=False), '+'], 'X', [Piece(r, 0, isdama=False), '-'], [Piece(r, 4, isdama=False), '-'], 'X', [Piece(r, -1, isdama=False), '+'], 'X', [Piece(r, -3, isdama=False), '*'], 'X', [None, '/'], 'X', 'X', [None, '+'], 'X', [Piece(r, 6, isdama=False), '-'], 'X', [None, '/'], 'X', [None, '*'], [None, '*'], 'X', [None, '/'], 'X', [Piece(r, -9, isdama=False), '-'], 'X', [Piece(b, 4, isdama=False), '+'], 'X', 'X', [Piece(b, -9, isdama=False), '/'], 'X', [Piece(b, 10, isdama=False), '*'], 'X', [Piece(b, -1, isdama=False), '+'], 'X', [None, '-'], [Piece(b, 0, isdama=False), '-'], 'X', [Piece(b, -3, isdama=False), '+'], 'X', [None, '*'], 'X', [Piece(b, -7, isdama=False), '/'], 'X', 'X', [Piece(b, -11, isdama=False), '+'], 'X', [Piece(b, 8, isdama=False), '-'], 'X', [Piece(b, -5, isdama=False), '/'], 'X', [Piece(b, 2, isdama=False), '*']]","{""valid_moves"": [{""position"": [13, ""+""], ""piece"": [""red"", -11, false], ""destination"": [22]}, {""position"": [15, ""-""], ""piece"": [""red"", 0, false], ""destination"": [22]}, {""position"": [16, ""-""], ""piece"": [""red"", 4, false], ""destination"": [25]}, {""position"": [18, ""+""], ""piece"": [""red"", -1, false], ""destination"": [25]}, {""position"": [20, ""*""], ""piece"": [""red"", -3, false], ""destination"": [29]}, {""position"": [27, ""-""], ""piece"": [""red"", 6, false], ""destination"": [34]}]}","Piece(r, -11, isdama=False): [22]
Piece(r, 0, isdama=False): [22]
Piece(r, 4, isdama=False): [25]
Piece(r, -1, isdama=False): [25]
Piece(r, -3, isdama=False): [29]
Piece(r, 6, isdama=False): [34]"
"[[Piece(r, 2, isdama=False), '*'], 'X', [Piece(r, -5, isdama=False), '/'], 'X', [Piece(r, 8, isdama=False), '-'], 'X', [None, '+'], 'X', 'X', [Piece(r, -7, isdama=False), '/'], 'X', [Piece(r, 10, isdama=False), '*'], 'X', [Piece(r, -11, isdama=False), '+'], 'X', [Piece(r, 0, isdama=False), '-'], [Piece(r, 4, isdama=False), '-'], 'X', [Piece(r, -1, isdama=False), '+'], 'X', [Piece(r, -3, isdama=False), '*'], 'X', [None, '/'], 'X', 'X', [None, '+'], 'X', [Piece(r, 6, isdama=False), '-'], 'X', [None, '/'], 'X', [None, '*'], [None, '*'], 'X', [None, '/'], 'X', [Piece(r, -9, isdama=False), '-'], 'X', [Piece(b, 4, isdama=False), '+'], 'X', 'X', [Piece(b, -9, isdama=False), '/'], 'X', [Piece(b, 10, isdama=False), '*'], 'X', [Piece(b, -1, isdama=False), '+'], 'X', [None, '-'], [Piece(b, 0, isdama=False), '-'], 'X', [Piece(b, -3, isdama=False), '+'], 'X', [None, '*'], 'X', [Piece(b, -7, isdama=False), '/'], 'X', 'X', [Piece(b, -11, isdama=False), '+'], 'X', [Piece(b, 8, isdama=False), '-'], 'X', [Piece(b, -5, isdama=False), '/'], 'X', [Piece(b, 2, isdama=False), '*']]","{""valid_moves"": [{""position"": [13, ""+""], ""piece"": [""red"", -11, false], ""destination"": [22]}, {""position"": [15, ""-""], ""piece"": [""red"", 0, false], ""destination"": [22]}, {""position"": [16, ""-""], ""piece"": [""red"", 4, false], ""destination"": [25]}, {""position"": [18, ""+""], ""piece"": [""red"", -1, false], ""destination"": [25]}, {""position"": [20, ""*""], ""piece"": [""red"", -3, false], ""destination"": [29]}, {""position"": [27, ""-""], ""piece"": [""red"", 6, false], ""destination"": [34]}]}","Piece(r, -11, isdama=False): [22]
Piece(r, 0, isdama=False): [22]
Piece(r, 4, isdama=False): [25]
Piece(r, -1, isdama=False): [25]
Piece(r, -3, isdama=False): [29]
Piece(r, 6, isdama=False): [34]"
"[[Piece(r, 2, isdama=False), '*'], 'X', [Piece(r, -5, isdama=False), '/'], 'X', [Piece(r, 8, isdama=False), '-'], 'X', [None, '+'], 'X', 'X', [Piece(r, -7, isdama=False), '/'], 'X', [Piece(r, 10, isdama=False), '*'], 'X', [Piece(r, -11, isdama=False), '+'], 'X', [Piece(r, 0, isdama=False), '-'], [None, '-'], 'X', [Piece(r, -1, isdama=False), '+'], 'X', [Piece(r, -3, isdama=False), '*'], 'X', [None, '/'], 'X', 'X', [Piece(r, 4, isdama=False), '+'], 'X', [Piece(r, 6, isdama=False), '-'], 'X', [Piece(b, 10, isdama=False), '/'], 'X', [None, '*'], [None, '*'], 'X', [None, '/'], 'X', [None, '-'], 'X', [Piece(b, 4, isdama=False), '+'], 'X', 'X', [Piece(b, -9, isdama=False), '/'], 'X', [None, '*'], 'X', [Piece(b, -1, isdama=False), '+'], 'X', [None, '-'], [Piece(b, 0, isdama=False), '-'], 'X', [Piece(b, -3, isdama=False), '+'], 'X', [None, '*'], 'X', [Piece(b, -7, isdama=False), '/'], 'X', 'X', [Piece(b, -11, isdama=False), '+'], 'X', [Piece(b, 8, isdama=False), '-'], 'X', [Piece(b, -5, isdama=False), '/'], 'X', [Piece(b, 2, isdama=False), '*']]","{""valid_moves"": [{""position"": [9, ""/""], ""piece"": [""red"", -7, false], ""destination"": [16]}, {""position"": [13, ""+""], ""piece"": [""red"", -11, false], ""destination"": [22]}, {""position"": [15, ""-""], ""piece"": [""red"", 0, false], ""destination"": [22]}, {""position"": [25, ""+""], ""piece"": [""red"", 4, false], ""destination"": [32, 34]}, {""position"": [27, ""-""], ""piece"": [""red"", 6, false], ""destination"": [34, 36]}]}","Piece(r, -7, isdama=False): [16]
Piece(r, -11, isdama=False): [22]
Piece(r, 0, isdama=False): [22]
Piece(r, 4, isdama=False): [32, 34]
Piece(r, 6, isdama=False): [34, 36]"
"[[Piece(r, 2, isdama=False), '*'], 'X', [Piece(r, -5, isdama=False), '/'], 'X', [Piece(r, 8, isdama=False), '-'], 'X', [None, '+'], 'X', 'X', [Piece(r, -7, isdama=False), '/'], 'X', [Piece(r, 10, isdama=False), '*'], 'X', [Piece(r, -11, isdama=False), '+'], 'X', [Piece(r, 0, isdama=False), '-'], [None, '-'], 'X', [Piece(r, -1, isdama=False), '+'], 'X', [Piece(r, -3, isdama=False), '*'], 'X', [None, '/'], 'X', 'X', [Piece(r, 4, isdama=False), '+'], 'X', [Piece(r, 6, isdama=False), '-'], 'X', [Piece(b, 10, isdama=False), '/'], 'X', [None, '*'], [None, '*'], 'X', [None, '/'], 'X', [None, '-'], 'X', [Piece(b, 4, isdama=False), '+'], 'X', 'X', [Piece(b, -9, isdama=False), '/'], 'X', [None, '*'], 'X', [Piece(b, -1, isdama=False), '+'], 'X', [None, '-'], [Piece(b, 0, isdama=False), '-'], 'X', [Piece(b, -3, isdama=False), '+'], 'X', [None, '*'], 'X', [Piece(b, -7, isdama=False), '/'], 'X', 'X', [Piece(b, -11, isdama=False), '+'], 'X', [Piece(b, 8, isdama=False), '-'], 'X', [Piece(b, -5, isdama=False), '/'], 'X', [Piece(b, 2, isdama=False), '*']]","{""valid_moves"": [{""position"": [9, ""/""], ""piece"": [""red"", -7, false], ""destination"": [16]}, {""position"": [13, ""+""], ""piece"": [""red"", -11, false], ""destination"": [22]}, {""position"": [15, ""-""], ""piece"": [""red"", 0, false], ""destination"": [22]}, {""position"": [25, ""+""], ""piece"": [""red"", 4, false], ""destination"": [32, 34]}, {""position"": [27, ""-""], ""piece"": [""red"", 6, false], ""destination"": [34, 36]}]}","Piece(r, -7, isdama=False): [16]
Piece(r, -11, isdama=False): [22]
Piece(r, 0, isdama=False): [22]
Piece(r, 4, isdama=False): [32, 34]
Piece(r, 6, isdama=False): [34, 36]"
"[[Piece(r, 2, isdama=False), '*'], 'X', [Piece(r, -5, isdama=False), '/'], 'X', [Piece(r, 8, isdama=False), '-'], 'X', [None, '+'], 'X', 'X', [Piece(r, -7, isdama=False), '/'], 'X', [Piece(r, 10, isdama=False), '*'], 'X', [Piece(r, -11, isdama=False), '+'], 'X', [Piece(r, 0, isdama=False), '-'], [None, '-'], 'X', [Piece(r, -1, isdama=False), '+'], 'X', [Piece(r, -3, isdama=False), '*'], 'X', [None, '/'], 'X', 'X', [Piece(r, 4, isdama=False), '+'], 'X', [Piece(r, 6, isdama=False), '-'], 'X', [Piece(b, 10, isdama=False), '/'], 'X', [None, '*'], [None, '*'], 'X', [None, '/'], 'X', [None, '-'], 'X', [Piece(b, 4, isdama=False), '+'], 'X', 'X', [Piece(b, -9, isdama=False), '/'], 'X', [None, '*'], 'X', [Piece(b, -1, isdama=False), '+'], 'X', [None, '-'], [Piece(b, 0, isdama=False), '-'], 'X', [Piece(b, -3, isdama=False), '+'], 'X', [None, '*'], 'X', [Piece(b, -7, isdama=False), '/'], 'X', 'X', [Piece(b, -11, isdama=False), '+'], 'X', [Piece(b, 8, isdama=False), '-'], 'X', [Piece(b, -5, isdama=False), '/'], 'X', [Piece(b, 2, isdama=False), '*']]","{""valid_moves"": [{""position"": [9, ""/""], ""piece"": [""red"", -7, false], ""destination"": [16]}, {""position"": [13, ""+""], ""piece"": [""red"", -11, false], ""destination"": [22]}, {""position"": [15, ""-""], ""piece"": [""red"", 0, false], ""destination"": [22]}, {""position"": [25, ""+""], ""piece"": [""red"", 4, false], ""destination"": [32, 34]}, {""position"": [27, ""-""], ""piece"": [""red"", 6, false], ""destination"": [34, 36]}]}","Piece(r, -7, isdama=False): [16]
Piece(r, -11, isdama=False): [22]
Piece(r, 0, isdama=False): [22]
Piece(r, 4, isdama=False): [32, 34]
Piece(r, 6, isdama=False): [34, 36]"
"[[Piece(r, 2, isdama=False), '*'], 'X', [Piece(r, -5, isdama=False), '/'], 'X', [Piece(r, 8, isdama=False), '-'], 'X', [None, '+'], 'X', 'X', [Piece(r, -7, isdama=False), '/'], 'X', [Piece(r, 10, isdama=False), '*'], 'X', [Piece(r, -11, isdama=False), '+'], 'X', [Piece(r, 0, isdama=False), '-'], [None, '-'], 'X', [Piece(r, -1, isdama=False), '+'], 'X', [Piece(r, -3, isdama=False), '*'], 'X', [None, '/'], 'X', 'X', [Piece(r, 4, isdama=False), '+'], 'X', [Piece(r, 6, isdama=False), '-'], 'X', [Piece(b, 10, isdama=False), '/'], 'X', [None, '*'], [None, '*'], 'X', [None, '/'], 'X', [None, '-'], 'X', [Piece(b, 4, isdama=False), '+'], 'X', 'X', [Piece(b, -9, isdama=False), '/'], 'X', [None, '*'], 'X', [Piece(b, -1, isdama=False), '+'], 'X', [None, '-'], [Piece(b, 0, isdama=False), '-'], 'X', [Piece(b, -3, isdama=False), '+'], 'X', [None, '*'], 'X', [Piece(b, -7, isdama=False), '/'], 'X', 'X', [Piece(b, -11, isdama=False), '+'], 'X', [Piece(b, 8, isdama=False), '-'], 'X', [Piece(b, -5, isdama=False), '/'], 'X', [Piece(b, 2, isdama=False), '*']]","{""valid_moves"": [{""position"": [9, ""/""], ""piece"": [""red"", -7, false], ""destination"": [16]}, {""position"": [13, ""+""], ""piece"": [""red"", -11, false], ""destination"": [22]}, {""position"": [15, ""-""], ""piece"": [""red"", 0, false], ""destination"": [22]}, {""position"": [25, ""+""], ""piece"": [""red"", 4, false], ""destination"": [32, 34]}, {""position"": [27, ""-""], ""piece"": [""red"", 6, false], ""destination"": [34, 36]}]}","Piece(r, -7, isdama=False): [16]
Piece(r, -11, isdama=False): [22]
Piece(r, 0, isdama=False): [22]
Piece(r, 4, isdama=False): [32, 34]
Piece(r, 6, isdama=False): [34, 36]"
"[[Piece(r, 2, isdama=False), '*'], 'X', [Piece(r, -5, isdama=False), '/'], 'X', [Piece(r, 8, isdama=False), '-'], 'X', [None, '+'], 'X', 'X', [Piece(r, -7, isdama=False), '/'], 'X', [Piece(r, 10, isdama=False), '*'], 'X', [Piece(r, -11, isdama=False), '+'], 'X', [Piece(r, 0, isdama=False), '-'], [None, '-'], 'X', [Piece(r, -1, isdama=False), '+'], 'X', [Piece(r, -3, isdama=False), '*'], 'X', [None, '/'], 'X', 'X', [Piece(r, 4, isdama=False), '+'], 'X', [Piece(r, 6, isdama=False), '-'], 'X', [Piece(b, 10, isdama=False), '/'], 'X', [None, '*'], [None, '*'], 'X', [None, '/'], 'X', [None, '-'], 'X', [Piece(b, 4, isdama=False), '+'], 'X', 'X', [Piece(b, -9, isdama=False), '/'], 'X', [None, '*'], 'X', [Piece(b, -1, isdama=False), '+'], 'X', [None, '-'], [Piece(b, 0, isdama=False), '-'], 'X', [Piece(b, -3, isdama=False), '+'], 'X', [None, '*'], 'X', [Piece(b, -7, isdama=False), '/'], 'X', 'X', [Piece(b, -11, isdama=False), '+'], 'X', [Piece(b, 8, isdama=False), '-'], 'X', [Piece(b, -5, isdama=False), '/'], 'X', [Piece(b, 2, isdama=False), '*']]","{""valid_moves"": [{""position"": [9, ""/""], ""piece"": [""red"", -7, false], ""destination"": [16]}, {""position"": [13, ""+""], ""piece"": [""red"", -11, false], ""destination"": [22]}, {""position"": [15, ""-""], ""piece"": [""red"", 0, false], ""destination"": [22]}, {""position"": [25, ""+""], ""piece"": [""red"", 4, false], ""destination"": [32, 34]}, {""position"": [27, ""-""], ""piece"": [""red"", 6, false], ""destination"": [34, 36]}]}","Piece(r, -7, isdama=False): [16]
Piece(r, -11, isdama=False): [22]
Piece(r, 0, isdama=False): [22]
Piece(r, 4, isdama=False): [32, 34]
Piece(r, 6, isdama=False): [34, 36]"
"[[Piece(r, 2, isdama=False), '*'], 'X', [Piece(r, -5, isdama=False), '/'], 'X', [Piece(r, 8, isdama=False), '-'], 'X', [None, '+'], 'X', 'X', [Piece(r, -7, isdama=False), '/'], 'X', [Piece(r, 10, isdama=False), '*'], 'X', [Piece(r, -11, isdama=False), '+'], 'X', [Piece(r, 0, isdama=False), '-'], [None, '-'], 'X', [Piece(r, -1, isdama=False), '+'], 'X', [Piece(r, -3, isdama=False), '*'], 'X', [None, '/'], 'X', 'X', [Piece(r, 4, isdama=False), '+'], 'X', [Piece(r, 6, isdama=False), '-'], 'X', [Piece(b, 10, isdama=False), '/'], 'X', [None, '*'], [None, '*'], 'X', [None, '/'], 'X', [None, '-'], 'X', [Piece(b, 4, isdama=False), '+'], 'X', 'X', [Piece(b, -9, isdama=False), '/'], 'X', [None, '*'], 'X', [Piece(b, -1, isdama=False), '+'], 'X', [None, '-'], [Piece(b, 0, isdama=False), '-'], 'X', [Piece(b, -3, isdama=False), '+'], 'X', [None, '*'], 'X', [Piece(b, -7, isdama=False), '/'], 'X', 'X', [Piece(b, -11, isdama=False), '+'], 'X', [Piece(b, 8, isdama=False), '-'], 'X', [Piece(b, -5, isdama=False), '/'], 'X', [Piece(b, 2, isdama=False), '*']]","{""valid_moves"": [{""position"": [9, ""/""], ""piece"": [""red"", -7, false], ""destination"": [16]}, {""position"": [13, ""+""], ""piece"": [""red"", -11, false], ""destination"": [22]}, {""position"": [15, ""-""], ""piece"": [""red"", 0, false], ""destination"": [22]}, {""position"": [25, ""+""], ""piece"": [""red"", 4, false], ""destination"": [32, 34]}, {""position"": [27, ""-""], ""piece"": [""red"", 6, false], ""destination"": [34, 36]}]}","Piece(r, -7, isdama=False): [16]
Piece(r, -11, isdama=False): [22]
Piece(r, 0, isdama=False): [22]
Piece(r, 4, isdama=False): [32, 34]
Piece(r, 6, isdama=False): [34, 36]"
"[[Piece(r, 2, isdama=False), '*'], 'X', [Piece(r, -5, isdama=False), '/'], 'X', [Piece(r, 8, isdama=False), '-'], 'X', [None, '+'], 'X', 'X', [Piece(r, -7, isdama=False), '/'], 'X', [Piece(r, 10, isdama=False), '*'], 'X', [Piece(r, -11, isdama=False), '+'], 'X', [Piece(r, 0, isdama=False), '-'], [None, '-'], 'X', [Piece(r, -1, isdama=False), '+'], 'X', [Piece(r, -3, isdama=False), '*'], 'X', [None, '/'], 'X', 'X', [Piece(r, 4, isdama=False), '+'], 'X', [Piece(r, 6, isdama=False), '-'], 'X', [Piece(b, 10, isdama=False), '/'], 'X', [None, '*'], [None, '*'], 'X', [None, '/'], 'X', [None, '-'], 'X', [Piece(b, 4, isdama=False), '+'], 'X', 'X', [Piece(b, -9, isdama=False), '/'], 'X', [None, '*'], 'X', [Piece(b, -1, isdama=False), '+'], 'X', [None, '-'], [Piece(b, 0, isdama=False), '-'], 'X', [Piece(b, -3, isdama=False), '+'], 'X', [None, '*'], 'X', [Piece(b, -7, isdama=False), '/'], 'X', 'X', [Piece(b, -11, isdama=False), '+'], 'X', [Piece(b, 8, isdama=False), '-'], 'X', [Piece(b, -5, isdama=False), '/'], 'X', [Piece(b, 2, isdama=False), '*']]","{""valid_moves"": [{""position"": [9, ""/""], ""piece"": [""red"", -7, false], ""destination"": [16]}, {""position"": [13, ""+""], ""piece"": [""red"", -11, false], ""destination"": [22]}, {""position"": [15, ""-""], ""piece"": [""red"", 0, false], ""destination"": [22]}, {""position"": [25, ""+""], ""piece"": [""red"", 4, false], ""destination"": [32, 34]}, {""position"": [27, ""-""], ""piece"": [""red"", 6, false], ""destination"": [34, 36]}]}","Piece(r, -7, isdama=False): [16]
Piece(r, -11, isdama=False): [22]
Piece(r, 0, isdama=False): [22]
Piece(r, 4, isdama=False): [32, 34]
Piece(r, 6, isdama=False): [34, 36]"
"[[Piece(r, 2, isdama=False), '*'], 'X', [Piece(r, -5, isdama=False), '/'], 'X', [Piece(r, 8, isdama=False), '-'], 'X', [None, '+'], 'X', 'X', [Piece(r, -7, isdama=False), '/'], 'X', [Piece(r, 10, isdama=False), '*'], 'X', [Piece(r, -11, isdama=False), '+'], 'X', [Piece(r, 0, isdama=False), '-'], [None, '-'], 'X', [Piece(r, -1, isdama=False), '+'], 'X', [Piece(r, -3, isdama=False), '*'], 'X', [None, '/'], 'X', 'X', [None, '+'], 'X', [Piece(r, 6, isdama=False), '-'], 'X', [Piece(b, 10, isdama=False), '/'], 'X', [None, '*'], [Piece(r, 4, isdama=False), '*'], 'X', [None, '/'], 'X', [Piece(b, -1, isdama=False), '-'], 'X', [Piece(b, 4, isdama=False), '+'], 'X', 'X', [Piece(b, -9, isdama=False), '/'], 'X', [None, '*'], 'X', [None, '+'], 'X', [None, '-'], [Piece(b, 0, isdama=False), '-'], 'X', [Piece(b, -3, isdama=False), '+'], 'X', [None, '*'], 'X', [Piece(b, -7, isdama=False), '/'], 'X', 'X', [Piece(b, -11, isdama=False), '+'], 'X', [Piece(b, 8, isdama=False), '-'], 'X', [Piece(b, -5, isdama=False), '/'], 'X', [Piece(b, 2, isdama=False), '*']]","{""valid_moves"": [{""position"": [27, ""-""], ""piece"": [""red"", 6, false], ""destination"": [45]}]}","Piece(r, 6, isdama=False): [45]"
"[[Piece(r, 2, isdama=False), '*'], 'X', [Piece(r, -5, isdama=False), '/'], 'X', [Piece(r, 8, isdama=False), '-'], 'X', [None, '+'], 'X', 'X', [Piece(r, -7, isdama=False), '/'], 'X', [Piece(r, 10, isdama=False), '*'], 'X', [Piece(r, -11, isdama=False), '+'], 'X', [Piece(r, 0, isdama=False), '-'], [None, '-'], 'X', [Piece(r, -1, isdama=False), '+'], 'X', [Piece(r, -3, isdama=False), '*'], 'X', [None, '/'], 'X', 'X', [None, '+'], 'X', [None, '-'], 'X', [Piece(b, 10, isdama=False), '/'], 'X', [None, '*'], [Piece(r, 4, isdama=False), '*'], 'X', [None, '/'], 'X', [None, '-'], 'X', [Piece(b, 4, isdama=False), '+'], 'X', 'X', [Piece(b, -9, isdama=False), '/'], 'X', [None, '*'], 'X', [Piece(r, 6, isdama=False), '+'], 'X', [None, '-'], [Piece(b, 0, isdama=False), '-'], 'X', [Piece(b, -3, isdama=False), '+'], 'X', [None, '*'], 'X', [Piece(b, -7, isdama=False), '/'], 'X', 'X', [Piece(b, -11, isdama=False), '+'], 'X', [Piece(b, 8, isdama=False), '-'], 'X', [Piece(b, -5, isdama=False), '/'], 'X', [Piece(b, 2, isdama=False), '*']]","{""valid_moves"": [{""position"": [45, ""+""], ""piece"": [""red"", 6, false], ""destination"": [31]}]}","Piece(r, 6, isdama=False): [31]"
"[[Piece(r, 2, isdama=False), '*'], 'X', [Piece(r, -5, isdama=False), '/'], 'X', [Piece(r, 8, isdama=False), '-'], 'X', [None, '+'], 'X', 'X', [Piece(r, -7, isdama=False), '/'], 'X', [Piece(r, 10, isdama=False), '*'], 'X', [Piece(r, -11, isdama=False), '+'], 'X', [Piece(r, 0, isdama=False), '-'], [None, '-'], 'X', [Piece(r, -1, isdama=False), '+'], 'X', [Piece(r, -3, isdama=False), '*'], 'X', [None, '/'], 'X', 'X', [None, '+'], 'X', [None, '-'], 'X', [Piece(b, 10, isdama=False), '/'], 'X', [None, '*'], [Piece(r, 4, isdama=False), '*'], 'X', [None, '/'], 'X', [Piece(b, -7, isdama=False), '-'], 'X', [Piece(b, 4, isdama=False), '+'], 'X', 'X', [Piece(b, -9, isdama=False), '/'], 'X', [None, '*'], 'X', [None, '+'], 'X', [None, '-'], [Piece(b, 0, isdama=False), '-'], 'X', [Piece(b, -3, isdama=False), '+'], 'X', [None, '*'], 'X', [None, '/'], 'X', 'X', [Piece(b, -11, isdama=False), '+'], 'X', [Piece(b, 8, isdama=False), '-'], 'X', [Piece(b, -5, isdama=False), '/'], 'X', [Piece(b, 2, isdama=False), '*']]","{""valid_moves"": [{""position"": [9, ""/""], ""piece"": [""red"", -7, false], ""destination"": [16]}, {""position"": [13, ""+""], ""piece"": [""red"", -11, false], ""destination"": [22]}, {""position"": [15, ""-""], ""piece"": [""red"", 0, false], ""destination"": [22]}, {""position"": [18, ""+""], ""piece"": [""red"", -1, false], ""destination"": [25, 27]}, {""position"": [20, ""*""], ""piece"": [""red"", -3, false], ""destination"": [27]}]}","Piece(r, -7, isdama=False): [16]
Piece(r, -11, isdama=False): [22]
Piece(r, 0, isdama=False): [22]
Piece(r, -1, isdama=False): [25, 27]
Piece(r, -3, isdama=False): [27]"
"[[Piece(r, 2, isdama=False), '*'], 'X', [Piece(r, -5, isdama=False), '/'], 'X', [Piece(r, 8, isdama=False), '-'], 'X', [None, '+'], 'X', 'X', [Piece(r, -7, isdama=False), '/'], 'X', [Piece(r, 10, isdama=False), '*'], 'X', [Piece(r, -11, isdama=False), '+'], 'X', [Piece(r, 0, isdama=False), '-'], [None, '-'], 'X', [Piece(r, -1, isdama=False), '+'], 'X', [Piece(r, -3, isdama=False), '*'], 'X', [None, '/'], 'X', 'X', [None, '+'], 'X', [None, '-'], 'X', [Piece(b, 10, isdama=False), '/'], 'X', [None, '*'], [Piece(r, 4, isdama=False), '*'], 'X', [None, '/'], 'X', [Piece(b, -7, isdama=False), '-'], 'X', [Piece(b, 4, isdama=False), '+'], 'X', 'X', [Piece(b, -9, isdama=False), '/'], 'X', [None, '*'], 'X', [None, '+'], 'X', [None, '-'], [Piece(b, 0, isdama=False), '-'], 'X', [Piece(b, -3, isdama=False), '+'], 'X', [None, '*'], 'X', [None, '/'], 'X', 'X', [Piece(b, -11, isdama=False), '+'], 'X', [Piece(b, 8, isdama=False), '-'], 'X', [Piece(b, -5, isdama=False), '/'], 'X', [Piece(b, 2, isdama=False), '*']]","{""valid_moves"": [{""position"": [9, ""/""], ""piece"": [""red"", -7, false], ""destination"": [16]}, {""position"": [13, ""+""], ""piece"": [""red"", -11, false], ""destination"": [22]}, {""position"": [15, ""-""], ""piece"": [""red"", 0, false], ""destination"": [22]}, {""position"": [18, ""+""], ""piece"": [""red"", -1, false], ""destination"": [25, 27]}, {""position"": [20, ""*""], ""piece"": [""red"", -3, false], ""destination"": [27]}]}","Piece(r, -7, isdama=False): [16]
Piece(r, -11, isdama=False): [22]
Piece(r, 0, isdama=False): [22]
Piece(r, -1, isdama=False): [25, 27]
Piece(r, -3, isdama=False): [27]"
"[[Piece(r, 2, isdama=False), '*'], 'X', [Piece(r, -5, isdama=False), '/'], 'X', [Piece(r, 8, isdama=False), '-'], 'X', [None, '+'], 'X', 'X', [Piece(r, -7, isdama=False), '/'], 'X', [Piece(r, 10, isdama=False), '*'], 'X', [Piece(r, -11, isdama=False), '+'], 'X', [Piece(r, 0, isdama=False), '-'], [None, '-'], 'X', [Piece(r, -1, isdama=False), '+'], 'X', [Piece(r, -3, isdama=False), '*'], 'X', [None, '/'], 'X', 'X', [None, '+'], 'X', [None, '-'], 'X', [Piece(b, 10, isdama=False), '/'], 'X', [None, '*'], [Piece(r, 4, isdama=False), '*'], 'X', [None, '/'], 'X', [Piece(b, -7, isdama=False), '-'], 'X', [Piece(b, 4, isdama=False), '+'], 'X', 'X', [Piece(b, -9, isdama=False), '/'], 'X', [None, '*'], 'X', [None, '+'], 'X', [None, '-'], [Piece(b, 0, isdama=False), '-'], 'X', [Piece(b, -3, isdama=False), '+'], 'X', [None, '*'], 'X', [None, '/'], 'X', 'X', [Piece(b, -11, isdama=False), '+'], 'X', [Piece(b, 8, isdama=False), '-'], 'X', [Piece(b, -5, isdama=False), '/'], 'X', [Piece(b, 2, isdama=False), '*']]","{""valid_moves"": [{""position"": [9, ""/""], ""piece"": [""red"", -7, false], ""destination"": [16]}, {""position"": [13, ""+""], ""piece"": [""red"", -11, false], ""destination"": [22]}, {""position"": [15, ""-""], ""piece"": [""red"", 0, false], ""destination"": [22]}, {""position"": [18, ""+""], ""piece"": [""red"", -1, false], ""destination"": [25, 27]}, {""position"": [20, ""*""], ""piece"": [""red"", -3, false], ""destination"": [27]}]}","Piece(r, -7, isdama=False): [16]
Piece(r, -11, isdama=False): [22]
Piece(r, 0, isdama=False): [22]
Piece(r, -1, isdama=False): [25, 27]
Piece(r, -3, isdama=False): [27]"
"[[Piece(r, 2, isdama=False), '*'], 'X', [Piece(r, -5, isdama=False), '/'], 'X', [Piece(r, 8, isdama=False), '-'], 'X', [None, '+'], 'X', 'X', [Piece(r, -7, isdama=False), '/'], 'X', [Piece(r, 10, isdama=False), '*'], 'X', [Piece(r, -11, isdama=False), '+'], 'X', [Piece(r, 0, isdama=False), '-'], [None, '-'], 'X', [Piece(r, -1, isdama=False), '+'], 'X', [Piece(r, -3, isdama=False), '*'], 'X', [None, '/'], 'X', 'X', [None, '+'], 'X', [None, '-'], 'X', [Piece(b, 10, isdama=False), '/'], 'X', [None, '*'], [Piece(r, 4, isdama=False), '*'], 'X', [None, '/'], 'X', [Piece(b, -7, isdama=False), '-'], 'X', [Piece(b, 4, isdama=False), '+'], 'X', 'X', [Piece(b, -9, isdama=False), '/'], 'X', [None, '*'], 'X', [None, '+'], 'X', [None, '-'], [Piece(b, 0, isdama=False), '-'], 'X', [Piece(b, -3, isdama=False), '+'], 'X', [None, '*'], 'X', [None, '/'], 'X', 'X', [Piece(b, -11, isdama=False), '+'], 'X', [Piece(b, 8, isdama=False), '-'], 'X', [Piece(b, -5, isdama=False), '/'], 'X', [Piece(b, 2, isdama=False), '*']]","{""valid_moves"": [{""position"": [9, ""/""], ""piece"": [""red"", -7, false], ""destination"": [16]}, {""position"": [13, ""+""], ""piece"": [""red"", -11, false], ""destination"": [22]}, {""position"": [15, ""-""], ""piece"": [""red"", 0, false], ""destination"": [22]}, {""position"": [18, ""+""], ""piece"": [""red"", -1, false], ""destination"": [25, 27]}, {""position"": [20, ""*""], ""piece"": [""red"", -3, false], ""destination"": [27]}]}","Piece(r, -7, isdama=False): [16]
Piece(r, -11, isdama=False): [22]
Piece(r, 0, isdama=False): [22]
Piece(r, -1, isdama=False): [25, 27]
Piece(r, -3, isdama=False): [27]"
"[[Piece(r, 2, isdama=False), '*'], 'X', [Piece(r, -5, isdama=False), '/'], 'X', [Piece(r, 8, isdama=False), '-'], 'X', [None, '+'], 'X', 'X', [Piece(r, -7, isdama=False), '/'], 'X', [Piece(r, 10, isdama=False), '*'], 'X', [Piece(r, -11, isdama=False), '+'], 'X', [Piece(r, 0, isdama=False), '-'], [None, '-'], 'X', [Piece(r, -1, isdama=False), '+'], 'X', [Piece(r, -3, isdama=False), '*'], 'X', [None, '/'], 'X', 'X', [None, '+'], 'X', [None, '-'], 'X', [Piece(b, 10, isdama=False), '/'], 'X', [None, '*'], [Piece(r, 4, isdama=False), '*'], 'X', [None, '/'], 'X', [Piece(b, -7, isdama=False), '-'], 'X', [Piece(b, 4, isdama=False), '+'], 'X', 'X', [Piece(b, -9, isdama=False), '/'], 'X', [None, '*'], 'X', [None, '+'], 'X', [None, '-'], [Piece(b, 0, isdama=False), '-'], 'X', [Piece(b, -3, isdama=False), '+'], 'X', [None, '*'], 'X', [None, '/'], 'X', 'X', [Piece(b, -11, isdama=False), '+'], 'X', [Piece(b, 8, isdama=False), '-'], 'X', [Piece(b, -5, isdama=False), '/'], 'X', [Piece(b, 2, isdama=False), '*']]","{""valid_moves"": [{""position"": [9, ""/""], ""piece"": [""red"", -7, false], ""destination"": [16]}, {""position"": [13, ""+""], ""piece"": [""red"", -11, false], ""destination"": [22]}, {""position"": [15, ""-""], ""piece"": [""red"", 0, false], ""destination"": [22]}, {""position"": [18, ""+""], ""piece"": [""red"", -1, false], ""destination"": [25, 27]}, {""position"": [20, ""*""], ""piece"": [""red"", -3, false], ""destination"": [27]}]}","Piece(r, -7, isdama=False): [16]
Piece(r, -11, isdama=False): [22]
Piece(r, 0, isdama=False): [22]
Piece(r, -1, isdama=False): [25, 27]
Piece(r, -3, isdama=False): [27]"
"[[Piece(r, 2, isdama=False), '*'], 'X', [Piece(r, -5, isdama=False), '/'], 'X', [Piece(r, 8, isdama=False), '-'], 'X', [None, '+'], 'X', 'X', [Piece(r, -7, isdama=False), '/'], 'X', [Piece(r, 10, isdama=False), '*'], 'X', [Piece(r, -11, isdama=False), '+'], 'X', [Piece(r, 0, isdama=False), '-'], [None, '-'], 'X', [Piece(r, -1, isdama=False), '+'], 'X', [Piece(r, -3, isdama=False), '*'], 'X', [None, '/'], 'X', 'X', [None, '+'], 'X', [None, '-'], 'X', [Piece(b, 10, isdama=False), '/'], 'X', [None, '*'], [Piece(r, 4, isdama=False), '*'], 'X', [None, '/'], 'X', [Piece(b, -7, isdama=False), '-'], 'X', [Piece(b, 4, isdama=False), '+'], 'X', 'X', [Piece(b, -9, isdama=False), '/'], 'X', [None, '*'], 'X', [None, '+'], 'X', [None, '-'], [Piece(b, 0, isdama=False), '-'], 'X', [Piece(b, -3, isdama=False), '+'], 'X', [None, '*'], 'X', [None, '/'], 'X', 'X', [Piece(b, -11, isdama=False), '+'], 'X', [Piece(b, 8, isdama=False), '-'], 'X', [Piece(b, -5, isdama=False), '/'], 'X', [Piece(b, 2, isdama=False), '*']]","{""valid_moves"": [{""position"": [9, ""/""], ""piece"": [""red"", -7, false], ""destination"": [16]}, {""position"": [13, ""+""], ""piece"": [""red"", -11, false], ""destination"": [22]}, {""position"": [15, ""-""], ""piece"": [""red"", 0, false], ""destination"": [22]}, {""position"": [18, ""+""], ""piece"": [""red"", -1, false], ""destination"": [25, 27]}, {""position"": [20, ""*""], ""piece"": [""red"", -3, false], ""destination"": [27]}]}","Piece(r, -7, isdama=False): [16]
Piece(r, -11, isdama=False): [22]
Piece(r, 0, isdama=False): [22]
Piece(r, -1, isdama=False): [25, 27]
Piece(r, -3, isdama=False): [27]"
"[[Piece(r, 2, isdama=False), '*'], 'X', [Piece(r, -5, isdama=False), '/'], 'X', [Piece(r, 8, isdama=False), '-'], 'X', [None, '+'], 'X', 'X', [Piece(r, -7, isdama=False), '/'], 'X', [Piece(r, 10, isdama=False), '*'], 'X', [None, '+'], 'X', [Piece(r, 0, isdama=False), '-'], [None, '-'], 'X', [Piece(r, -1, isdama=False), '+'], 'X', [Piece(r, -3, isdama=False), '*'], 'X', [Piece(r, -11, isdama=False), '/'], 'X', 'X', [None, '+'], 'X', [None, '-'], 'X', [Piece(b, 10, isdama=False), '/'], 'X', [None, '*'], [Piece(r, 4, isdama=False), '*'], 'X', [None, '/'], 'X', [Piece(b, -7, isdama=False), '-'], 'X', [Piece(b, 4, isdama=False), '+'], 'X', 'X', [Piece(b, -9, isdama=False), '/'], 'X', [None, '*'], 'X', [None, '+'], 'X', [None, '-'], [Piece(b, 0, isdama=False), '-'], 'X', [Piece(b, -3, isdama=False), '+'], 'X', [Piece(b, -5, isdama=False), '*'], 'X', [None, '/'], 'X', 'X', [Piece(b, -11, isdama=False), '+'], 'X', [Piece(b, 8, isdama=False), '-'], 'X', [None, '/'], 'X', [Piece(b, 2, isdama=False), '*']]","{""valid_moves"": [{""position"": [4, ""-""], ""piece"": [""red"", 8, false], ""destination"": [13]}, {""position"": [9, ""/""], ""piece"": [""red"", -7, false], ""destination"": [16]}, {""position"": [18, ""+""], ""piece"": [""red"", -1, false], ""destination"": [25, 27]}, {""position"": [20, ""*""], ""piece"": [""red"", -3, false], ""destination"": [27]}, {""position"": [22, ""/""], ""piece"": [""red"", -11, false], ""destination"": [31]}]}","Piece(r, 8, isdama=False): [13]
Piece(r, -7, isdama=False): [16]
Piece(r, -1, isdama=False): [25, 27]
Piece(r, -3, isdama=False): [27]
Piece(r, -11, isdama=False): [31]"
"[[Piece(r, 2, isdama=False), '*'], 'X', [Piece(r, -5, isdama=False), '/'], 'X', [Piece(r, 8, isdama=False), '-'], 'X', [None, '+'], 'X', 'X', [Piece(r, -7, isdama=False), '/'], 'X', [Piece(r, 10, isdama=False), '*'], 'X', [None, '+'], 'X', [Piece(r, 0, isdama=False), '-'], [None, '-'], 'X', [Piece(r, -1, isdama=False), '+'], 'X', [Piece(r, -3, isdama=False), '*'], 'X', [Piece(r, -11, isdama=False), '/'], 'X', 'X', [None, '+'], 'X', [None, '-'], 'X', [Piece(b, 10, isdama=False), '/'], 'X', [None, '*'], [Piece(r, 4, isdama=False), '*'], 'X', [None, '/'], 'X', [Piece(b, -7, isdama=False), '-'], 'X', [Piece(b, 4, isdama=False), '+'], 'X', 'X', [Piece(b, -9, isdama=False), '/'], 'X', [None, '*'], 'X', [None, '+'], 'X', [None, '-'], [Piece(b, 0, isdama=False), '-'], 'X', [Piece(b, -3, isdama=False), '+'], 'X', [Piece(b, -5, isdama=False), '*'], 'X', [None, '/'], 'X', 'X', [Piece(b, -11, isdama=False), '+'], 'X', [Piece(b, 8, isdama=False), '-'], 'X', [None, '/'], 'X', [Piece(b, 2, isdama=False), '*']]","{""valid_moves"": [{""position"": [4, ""-""], ""piece"": [""red"", 8, false], ""destination"": [13]}, {""position"": [9, ""/""], ""piece"": [""red"", -7, false], ""destination"": [16]}, {""position"": [18, ""+""], ""piece"": [""red"", -1, false], ""destination"": [25, 27]}, {""position"": [20, ""*""], ""piece"": [""red"", -3, false], ""destination"": [27]}, {""position"": [22, ""/""], ""piece"": [""red"", -11, false], ""destination"": [31]}]}","Piece(r, 8, isdama=False): [13]
Piece(r, -7, isdama=False): [16]
Piece(r, -1, isdama=False): [25, 27]
Piece(r, -3, isdama=False): [27]
Piece(r, -11, isdama=False): [31]"
"[[Piece(r, 2, isdama=False), '*'], 'X', [Piece(r, -5, isdama=False), '/'], 'X', [Piece(r, 8, isdama=False), '-'], 'X', [None, '+'], 'X', 'X', [Piece(r, -7, isdama=False), '/'], 'X', [Piece(r, 10, isdama=False), '*'], 'X', [None, '+'], 'X', [Piece(r, 0, isdama=False), '-'], [None, '-'], 'X', [Piece(r, -1, isdama=False), '+'], 'X', [Piece(r, -3, isdama=False), '*'], 'X', [Piece(r, -11, isdama=False), '/'], 'X', 'X', [None, '+'], 'X', [None, '-'], 'X', [Piece(b, 10, isdama=False), '/'], 'X', [None, '*'], [Piece(r, 4, isdama=False), '*'], 'X', [None, '/'], 'X', [Piece(b, -7, isdama=False), '-'], 'X', [Piece(b, 4, isdama=False), '+'], 'X', 'X', [Piece(b, -9, isdama=False), '/'], 'X', [None, '*'], 'X', [None, '+'], 'X', [None, '-'], [Piece(b, 0, isdama=False), '-'], 'X', [Piece(b, -3, isdama=False), '+'], 'X', [Piece(b, -5, isdama=False), '*'], 'X', [None, '/'], 'X', 'X', [Piece(b, -11, isdama=False), '+'], 'X', [Piece(b, 8, isdama=False), '-'], 'X', [None, '/'], 'X', [Piece(b, 2, isdama=False), '*']]","{""valid_moves"": [{""position"": [4, ""-""], ""piece"": [""red"", 8, false], ""destination"": [13]}, {""position"": [9, ""/""], ""piece"": [""red"", -7, false], ""destination"": [16]}, {""position"": [18, ""+""], ""piece"": [""red"", -1, false], ""destination"": [25, 27]}, {""position"": [20, ""*""], ""piece"": [""red"", -3, false], ""destination"": [27]}, {""position"": [22, ""/""], ""piece"": [""red"", -11, false], ""destination"": [31]}]}","Piece(r, 8, isdama=False): [13]
Piece(r, -7, isdama=False): [16]
Piece(r, -1, isdama=False): [25, 27]
Piece(r, -3, isdama=False): [27]
Piece(r, -11, isdama=False): [31]"
"[[Piece(r, 2, isdama=False), '*'], 'X', [Piece(r, -5, isdama=False), '/'], 'X', [Piece(r, 8, isdama=False), '-'], 'X', [None, '+'], 'X', 'X', [Piece(r, -7, isdama=False), '/'], 'X', [Piece(r, 10, isdama=False), '*'], 'X', [None, '+'], 'X', [Piece(r, 0, isdama=False), '-'], [None, '-'], 'X', [Piece(r, -1, isdama=False), '+'], 'X', [Piece(r, -3, isdama=False), '*'], 'X', [Piece(r, -11, isdama=False), '/'], 'X', 'X', [None, '+'], 'X', [None, '-'], 'X', [Piece(b, 10, isdama=False), '/'], 'X', [None, '*'], [Piece(r, 4, isdama=False), '*'], 'X', [None, '/'], 'X', [Piece(b, -7, isdama=False), '-'], 'X', [Piece(b, 4, isdama=False), '+'], 'X', 'X', [Piece(b, -9, isdama=False), '/'], 'X', [None, '*'], 'X', [None, '+'], 'X', [None, '-'], [Piece(b, 0, isdama=False), '-'], 'X', [Piece(b, -3, isdama=False), '+'], 'X', [Piece(b, -5, isdama=False), '*'], 'X', [None, '/'], 'X', 'X', [Piece(b, -11, isdama=False), '+'], 'X', [Piece(b, 8, isdama=False), '-'], 'X', [None, '/'], 'X', [Piece(b, 2, isdama=False), '*']]","{""valid_moves"": [{""position"": [4, ""-""], ""piece"": [""red"", 8, false], ""destination"": [13]}, {""position"": [9, ""/""], ""piece"": [""red"", -7, false], ""destination"": [16]}, {""position"": [18, ""+""], ""piece"": [""red"", -1, false], ""destination"": [25, 27]}, {""position"": [20, ""*""], ""piece"": [""red"", -3, false], ""destination"": [27]}, {""position"": [22, ""/""], ""piece"": [""red"", -11, false], ""destination"": [31]}]}","Piece(r, 8, isdama=False): [13]
Piece(r, -7, isdama=False): [16]
Piece(r, -1, isdama=False): [25, 27]
Piece(r, -3, isdama=False): [27]
Piece(r, -11, isdama=False): [31]"
"[[Piece(r, 2, isdama=False), '*'], 'X', [Piece(r, -5, isdama=False), '/'], 'X', [Piece(r, 8, isdama=False), '-'], 'X', [None, '+'], 'X', 'X', [Piece(r, -7, isdama=False), '/'], 'X', [Piece(r, 10, isdama=False), '*'], 'X', [None, '+'], 'X', [Piece(r, 0, isdama=False), '-'], [None, '-'], 'X', [Piece(r, -1, isdama=False), '+'], 'X', [Piece(r, -3, isdama=False), '*'], 'X', [Piece(r, -11, isdama=False), '/'], 'X', 'X', [None, '+'], 'X', [None, '-'], 'X', [Piece(b, 10, isdama=False), '/'], 'X', [None, '*'], [Piece(r, 4, isdama=False), '*'], 'X', [None, '/'], 'X', [Piece(b, -7, isdama=False), '-'], 'X', [Piece(b, 4, isdama=False), '+'], 'X', 'X', [Piece(b, -9, isdama=False), '/'], 'X', [None, '*'], 'X', [None, '+'], 'X', [None, '-'], [Piece(b, 0, isdama=False), '-'], 'X', [Piece(b, -3, isdama=False), '+'], 'X', [Piece(b, -5, isdama=False), '*'], 'X', [None, '/'], 'X', 'X', [Piece(b, -11, isdama=False), '+'], 'X', [Piece(b, 8, isdama=False), '-'], 'X', [None, '/'], 'X', [Piece(b, 2, isdama=False), '*']]","{""valid_moves"": [{""position"": [4, ""-""], ""piece"": [""red"", 8, false], ""destination"": [13]}, {""position"": [9, ""/""], ""piece"": [""red"", -7, false], ""destination"": [16]}, {""position"": [18, ""+""], ""piece"": [""red"", -1, false], ""destination"": [25, 27]}, {""position"": [20, ""*""], ""piece"": [""red"", -3, false], ""destination"": [27]}, {""position"": [22, ""/""], ""piece"": [""red"", -11, false], ""destination"": [31]}]}","Piece(r, 8, isdama=False): [13]
Piece(r, -7, isdama=False): [16]
Piece(r, -1, isdama=False): [25, 27]
Piece(r, -3, isdama=False): [27]
Piece(r, -11, isdama=False): [31]"
"[[Piece(r, 2, isdama=False), '*'], 'X', [Piece(r, -5, isdama=False), '/'], 'X', [Piece(r, 8, isdama=False), '-'], 'X', [None, '+'], 'X', 'X', [Piece(r, -7, isdama=False), '/'], 'X', [Piece(r, 10, isdama=False), '*'], 'X', [None, '+'], 'X', [Piece(r, 0, isdama=False), '-'], [None, '-'], 'X', [Piece(r, -1, isdama=False), '+'], 'X', [Piece(r, -3, isdama=False), '*'], 'X', [Piece(r, -11, isdama=False), '/'], 'X', 'X', [None, '+'], 'X', [None, '-'], 'X', [Piece(b, 10, isdama=False), '/'], 'X', [None, '*'], [Piece(r, 4, isdama=False), '*'], 'X', [None, '/'], 'X', [Piece(b, -7, isdama=False), '-'], 'X', [Piece(b, 4, isdama=False), '+'], 'X', 'X', [Piece(b, -9, isdama=False), '/'], 'X', [None, '*'], 'X', [None, '+'], 'X', [None, '-'], [Piece(b, 0, isdama=False), '-'], 'X', [Piece(b, -3, isdama=False), '+'], 'X', [Piece(b, -5, isdama=False), '*'], 'X', [None, '/'], 'X', 'X', [Piece(b, -11, isdama=False), '+'], 'X', [Piece(b, 8, isdama=False), '-'], 'X', [None, '/'], 'X', [Piece(b, 2, isdama=False), '*']]","{""valid_moves"": [{""position"": [4, ""-""], ""piece"": [""red"", 8, false], ""destination"": [13]}, {""position"": [9, ""/""], ""piece"": [""red"", -7, false], ""destination"": [16]}, {""position"": [18, ""+""], ""piece"": [""red"", -1, false], ""destination"": [25, 27]}, {""position"": [20, ""*""], ""piece"": [""red"", -3, false], ""destination"": [27]}, {""position"": [22, ""/""], ""piece"": [""red"", -11, false], ""destination"": [31]}]}","Piece(r, 8, isdama=False): [13]
Piece(r, -7, isdama=False): [16]
Piece(r, -1, isdama=False): [25, 27]
Piece(r, -3, isdama=False): [27]
Piece(r, -11, isdama=False): [31]"
"[[Piece(r, 2, isdama=False), '*'], 'X', [Piece(r, -5, isdama=False), '/'], 'X', [Piece(r, 8, isdama=False), '-'], 'X', [None, '+'], 'X', 'X', [None, '/'], 'X', [Piece(r, 10, isdama=False), '*'], 'X', [None, '+'], 'X', [Piece(r, 0, isdama=False), '-'], [Piece(r, -7, isdama=False), '-'], 'X', [Piece(r, -1, isdama=False), '+'], 'X', [Piece(r, -3, isdama=False), '*'], 'X', [Piece(r, -11, isdama=False), '/'], 'X', 'X', [None, '+'], 'X', [Piece(b, -7, isdama=False), '-'], 'X', [Piece(b, 10, isdama=False), '/'], 'X', [None, '*'], [Piece(r, 4, isdama=False), '*'], 'X', [None, '/'], 'X', [None, '-'], 'X', [Piece(b, 4, isdama=False), '+'], 'X', 'X', [Piece(b, -9, isdama=False), '/'], 'X', [None, '*'], 'X', [None, '+'], 'X', [None, '-'], [Piece(b, 0, isdama=False), '-'], 'X', [Piece(b, -3, isdama=False), '+'], 'X', [Piece(b, -5, isdama=False), '*'], 'X', [None, '/'], 'X', 'X', [Piece(b, -11, isdama=False), '+'], 'X', [Piece(b, 8, isdama=False), '-'], 'X', [None, '/'], 'X', [Piece(b, 2, isdama=False), '*']]","{""valid_moves"": [{""position"": [18, ""+""], ""piece"": [""red"", -1, false], ""destination"": [36]}, {""position"": [20, ""*""], ""piece"": [""red"", -3, false], ""destination"": [34]}, {""position"": [22, ""/""], ""piece"": [""red"", -11, false], ""destination"": [36]}]}","Piece(r, -1, isdama=False): [36]
Piece(r, -3, isdama=False): [34]
Piece(r, -11, isdama=False): [36]"
"[[Piece(r, 2, isdama=False), '*'], 'X', [Piece(r, -5, isdama=False), '/'], 'X', [Piece(r, 8, isdama=False), '-'], 'X', [None, '+'], 'X', 'X', [None, '/'], 'X', [Piece(r, 10, isdama=False), '*'], 'X', [None, '+'], 'X', [Piece(r, 0, isdama=False), '-'], [Piece(r, -7, isdama=False), '-'], 'X', [Piece(r, -1, isdama=False), '+'], 'X', [Piece(r, -3, isdama=False), '*'], 'X', [Piece(r, -11, isdama=False), '/'], 'X', 'X', [None, '+'], 'X', [Piece(b, -7, isdama=False), '-'], 'X', [Piece(b, 10, isdama=False), '/'], 'X', [None, '*'], [Piece(r, 4, isdama=False), '*'], 'X', [None, '/'], 'X', [None, '-'], 'X', [Piece(b, 4, isdama=False), '+'], 'X', 'X', [Piece(b, -9, isdama=False), '/'], 'X', [None, '*'], 'X', [None, '+'], 'X', [None, '-'], [Piece(b, 0, isdama=False), '-'], 'X', [Piece(b, -3, isdama=False), '+'], 'X', [Piece(b, -5, isdama=False), '*'], 'X', [None, '/'], 'X', 'X', [Piece(b, -11, isdama=False), '+'], 'X', [Piece(b, 8, isdama=False), '-'], 'X', [None, '/'], 'X', [Piece(b, 2, isdama=False), '*']]","{""valid_moves"": [{""position"": [18, ""+""], ""piece"": [""red"", -1, false], ""destination"": [36]}, {""position"": [20, ""*""], ""piece"": [""red"", -3, false], ""destination"": [34]}, {""position"": [22, ""/""], ""piece"": [""red"", -11, false], ""destination"": [36]}]}","Piece(r, -1, isdama=False): [36]
Piece(r, -3, isdama=False): [34]
Piece(r, -11, isdama=False): [36]"
"[[Piece(r, 2, isdama=False), '*'], 'X', [Piece(r, -5, isdama=False), '/'], 'X', [Piece(r, 8, isdama=False), '-'], 'X', [None, '+'], 'X', 'X', [None, '/'], 'X', [Piece(r, 10, isdama=False), '*'], 'X', [None, '+'], 'X', [Piece(r, 0, isdama=False), '-'], [Piece(r, -7, isdama=False), '-'], 'X', [Piece(r, -1, isdama=False), '+'], 'X', [Piece(r, -3, isdama=False), '*'], 'X', [Piece(r, -11, isdama=False), '/'], 'X', 'X', [None, '+'], 'X', [Piece(b, -7, isdama=False), '-'], 'X', [Piece(b, 10, isdama=False), '/'], 'X', [None, '*'], [Piece(r, 4, isdama=False), '*'], 'X', [None, '/'], 'X', [None, '-'], 'X', [Piece(b, 4, isdama=False), '+'], 'X', 'X', [Piece(b, -9, isdama=False), '/'], 'X', [None, '*'], 'X', [None, '+'], 'X', [None, '-'], [Piece(b, 0, isdama=False), '-'], 'X', [Piece(b, -3, isdama=False), '+'], 'X', [Piece(b, -5, isdama=False), '*'], 'X', [None, '/'], 'X', 'X', [Piece(b, -11, isdama=False), '+'], 'X', [Piece(b, 8, isdama=False), '-'], 'X', [None, '/'], 'X', [Piece(b, 2, isdama=False), '*']]","{""valid_moves"": [{""position"": [18, ""+""], ""piece"": [""red"", -1, false], ""destination"": [36]}, {""position"": [20, ""*""], ""piece"": [""red"", -3, false], ""destination"": [34]}, {""position"": [22, ""/""], ""piece"": [""red"", -11, false], ""destination"": [36]}]}","Piece(r, -1, isdama=False): [36]
Piece(r, -3, isdama=False): [34]
Piece(r, -11, isdama=False): [36]"
"[[Piece(r, 2, isdama=False), '*'], 'X', [Piece(r, -5, isdama=False), '/'], 'X', [Piece(r, 8, isdama=False), '-'], 'X', [None, '+'], 'X', 'X', [None, '/'], 'X', [Piece(r, 10, isdama=False), '*'], 'X', [None, '+'], 'X', [Piece(r, 0, isdama=False), '-'], [Piece(r, -7, isdama=False), '-'], 'X', [None, '+'], 'X', [Piece(r, -3, isdama=False), '*'], 'X', [Piece(r, -11, isdama=False), '/'], 'X', 'X', [None, '+'], 'X', [None, '-'], 'X', [None, '/'], 'X', [None, '*'], [Piece(r, 4, isdama=False), '*'], 'X', [None, '/'], 'X', [None, '-'], 'X', [Piece(b, 4, isdama=False), '+'], 'X', 'X', [Piece(b, -9, isdama=False), '/'], 'X', [Piece(b, 10, isdama=False), '*'], 'X', [None, '+'], 'X', [None, '-'], [Piece(b, 0, isdama=False), '-'], 'X', [Piece(b, -3, isdama=False), '+'], 'X', [Piece(b, -5, isdama=False), '*'], 'X', [None, '/'], 'X', 'X', [Piece(b, -11, isdama=False), '+'], 'X', [Piece(b, 8, isdama=False), '-'], 'X', [None, '/'], 'X', [Piece(b, 2, isdama=False), '*']]","{""valid_moves"": [{""position"": [0, ""*""], ""piece"": [""red"", 2, false], ""destination"": [9]}, {""position"": [2, ""/""], ""piece"": [""red"", -5, false], ""destination"": [9]}, {""position"": [4, ""-""], ""piece"": [""red"", 8, false], ""destination"": [13]}, {""position"": [11, ""*""], ""piece"": [""red"", 10, false], ""destination"": [18]}, {""position"": [16, ""-""], ""piece"": [""red"", -7, false], ""destination"": [25]}, {""position"": [20, ""*""], ""piece"": [""red"", -3, false], ""destination"": [27, 29]}, {""position"": [22, ""/""], ""piece"": [""red"", -11, false], ""destination"": [29, 31]}]}","Piece(r, 2, isdama=False): [9]
Piece(r, -5, isdama=False): [9]
Piece(r, 8, isdama=False): [13]
Piece(r, 10, isdama=False): [18]
Piece(r, -7, isdama=False): [25]
Piece(r, -3, isdama=False): [27, 29]
Piece(r, -11, isdama=False): [29, 31]"
"[[Piece(r, 2, isdama=False), '*'], 'X', [Piece(r, -5, isdama=False), '/'], 'X', [Piece(r, 8, isdama=False), '-'], 'X', [None, '+'], 'X', 'X', [None, '/'], 'X', [Piece(r, 10, isdama=False), '*'], 'X', [None, '+'], 'X', [Piece(r, 0, isdama=False), '-'], [Piece(r, -7, isdama=False), '-'], 'X', [None, '+'], 'X', [Piece(r, -3, isdama=False), '*'], 'X', [Piece(r, -11, isdama=False), '/'], 'X', 'X', [None, '+'], 'X', [None, '-'], 'X', [None, '/'], 'X', [None, '*'], [Piece(r, 4, isdama=False), '*'], 'X', [None, '/'], 'X', [None, '-'], 'X', [Piece(b, 4, isdama=False), '+'], 'X', 'X', [Piece(b, -9, isdama=False), '/'], 'X', [Piece(b, 10, isdama=False), '*'], 'X', [None, '+'], 'X', [None, '-'], [Piece(b, 0, isdama=False), '-'], 'X', [Piece(b, -3, isdama=False), '+'], 'X', [Piece(b, -5, isdama=False), '*'], 'X', [None, '/'], 'X', 'X', [Piece(b, -11, isdama=False), '+'], 'X', [Piece(b, 8, isdama=False), '-'], 'X', [None, '/'], 'X', [Piece(b, 2, isdama=False), '*']]","{""valid_moves"": [{""position"": [0, ""*""], ""piece"": [""red"", 2, false], ""destination"": [9]}, {""position"": [2, ""/""], ""piece"": [""red"", -5, false], ""destination"": [9]}, {""position"": [4, ""-""], ""piece"": [""red"", 8, false], ""destination"": [13]}, {""position"": [11, ""*""], ""piece"": [""red"", 10, false], ""destination"": [18]}, {""position"": [16, ""-""], ""piece"": [""red"", -7, false], ""destination"": [25]}, {""position"": [20, ""*""], ""piece"": [""red"", -3, false], ""destination"": [27, 29]}, {""position"": [22, ""/""], ""piece"": [""red"", -11, false], ""destination"": [29, 31]}]}","Piece(r, 2, isdama=False): [9]
Piece(r, -5, isdama=False): [9]
Piece(r, 8, isdama=False): [13]
Piece(r, 10, isdama=False): [18]
Piece(r, -7, isdama=False): [25]
Piece(r, -3, isdama=False): [27, 29]
Piece(r, -11, isdama=False): [29, 31]"
"[[Piece(r, 2, isdama=False), '*'], 'X', [Piece(r, -5, isdama=False), '/'], 'X', [Piece(r, 8, isdama=False), '-'], 'X', [None, '+'], 'X', 'X', [None, '/'], 'X', [Piece(r, 10, isdama=False), '*'], 'X', [None, '+'], 'X', [Piece(r, 0, isdama=False), '-'], [Piece(r, -7, isdama=False), '-'], 'X', [None, '+'], 'X', [Piece(r, -3, isdama=False), '*'], 'X', [Piece(r, -11, isdama=False), '/'], 'X', 'X', [None, '+'], 'X', [None, '-'], 'X', [None, '/'], 'X', [None, '*'], [Piece(r, 4, isdama=False), '*'], 'X', [None, '/'], 'X', [None, '-'], 'X', [Piece(b, 4, isdama=False), '+'], 'X', 'X', [Piece(b, -9, isdama=False), '/'], 'X', [Piece(b, 10, isdama=False), '*'], 'X', [None, '+'], 'X', [None, '-'], [Piece(b, 0, isdama=False), '-'], 'X', [Piece(b, -3, isdama=False), '+'], 'X', [Piece(b, -5, isdama=False), '*'], 'X', [None, '/'], 'X', 'X', [Piece(b, -11, isdama=False), '+'], 'X', [Piece(b, 8, isdama=False), '-'], 'X', [None, '/'], 'X', [Piece(b, 2, isdama=False), '*']]","{""valid_moves"": [{""position"": [0, ""*""], ""piece"": [""red"", 2, false], ""destination"": [9]}, {""position"": [2, ""/""], ""piece"": [""red"", -5, false], ""destination"": [9]}, {""position"": [4, ""-""], ""piece"": [""red"", 8, false], ""destination"": [13]}, {""position"": [11, ""*""], ""piece"": [""red"", 10, false], ""destination"": [18]}, {""position"": [16, ""-""], ""piece"": [""red"", -7, false], ""destination"": [25]}, {""position"": [20, ""*""], ""piece"": [""red"", -3, false], ""destination"": [27, 29]}, {""position"": [22, ""/""], ""piece"": [""red"", -11, false], ""destination"": [29, 31]}]}","Piece(r, 2, isdama=False): [9]
Piece(r, -5, isdama=False): [9]
Piece(r, 8, isdama=False): [13]
Piece(r, 10, isdama=False): [18]
Piece(r, -7, isdama=False): [25]
Piece(r, -3, isdama=False): [27, 29]
Piece(r, -11, isdama=False): [29, 31]"
"[[Piece(r, 2, isdama=False), '*'], 'X', [Piece(r, -5, isdama=False), '/'], 'X', [Piece(r, 8, isdama=False), '-'], 'X', [None, '+'], 'X', 'X', [None, '/'], 'X', [Piece(r, 10, isdama=False), '*'], 'X', [None, '+'], 'X', [Piece(r, 0, isdama=False), '-'], [Piece(r, -7, isdama=False), '-'], 'X', [None, '+'], 'X', [Piece(r, -3, isdama=False), '*'], 'X', [Piece(r, -11, isdama=False), '/'], 'X', 'X', [None, '+'], 'X', [None, '-'], 'X', [None, '/'], 'X', [None, '*'], [Piece(r, 4, isdama=False), '*'], 'X', [None, '/'], 'X', [None, '-'], 'X', [Piece(b, 4, isdama=False), '+'], 'X', 'X', [Piece(b, -9, isdama=False), '/'], 'X', [Piece(b, 10, isdama=False), '*'], 'X', [None, '+'], 'X', [None, '-'], [Piece(b, 0, isdama=False), '-'], 'X', [Piece(b, -3, isdama=False), '+'], 'X', [Piece(b, -5, isdama=False), '*'], 'X', [None, '/'], 'X', 'X', [Piece(b, -11, isdama=False), '+'], 'X', [Piece(b, 8, isdama=False), '-'], 'X', [None, '/'], 'X', [Piece(b, 2, isdama=False), '*']]","{""valid_moves"": [{""position"": [0, ""*""], ""piece"": [""red"", 2, false], ""destination"": [9]}, {""position"": [2, ""/""], ""piece"": [""red"", -5, false], ""destination"": [9]}, {""position"": [4, ""-""], ""piece"": [""red"", 8, false], ""destination"": [13]}, {""position"": [11, ""*""], ""piece"": [""red"", 10, false], ""destination"": [18]}, {""position"": [16, ""-""], ""piece"": [""red"", -7, false], ""destination"": [25]}, {""position"": [20, ""*""], ""piece"": [""red"", -3, false], ""destination"": [27, 29]}, {""position"": [22, ""/""], ""piece"": [""red"", -11, false], ""destination"": [29, 31]}]}","Piece(r, 2, isdama=False): [9]
Piece(r, -5, isdama=False): [9]
Piece(r, 8, isdama=False): [13]
Piece(r, 10, isdama=False): [18]
Piece(r, -7, isdama=False): [25]
Piece(r, -3, isdama=False): [27, 29]
Piece(r, -11, isdama=False): [29, 31]"
"[[Piece(r, 2, isdama=False), '*'], 'X', [Piece(r, -5, isdama=False), '/'], 'X', [Piece(r, 8, isdama=False), '-'], 'X', [None, '+'], 'X', 'X', [None, '/'], 'X', [Piece(r, 10, isdama=False), '*'], 'X', [None, '+'], 'X', [Piece(r, 0, isdama=False), '-'], [Piece(r, -7, isdama=False), '-'], 'X', [None, '+'], 'X', [Piece(r, -3, isdama=False), '*'], 'X', [Piece(r, -11, isdama=False), '/'], 'X', 'X', [None, '+'], 'X', [None, '-'], 'X', [None, '/'], 'X', [None, '*'], [Piece(r, 4, isdama=False), '*'], 'X', [None, '/'], 'X', [None, '-'], 'X', [Piece(b, 4, isdama=False), '+'], 'X', 'X', [Piece(b, -9, isdama=False), '/'], 'X', [Piece(b, 10, isdama=False), '*'], 'X', [None, '+'], 'X', [None, '-'], [Piece(b, 0, isdama=False), '-'], 'X', [Piece(b, -3, isdama=False), '+'], 'X', [Piece(b, -5, isdama=False), '*'], 'X', [None, '/'], 'X', 'X', [Piece(b, -11, isdama=False), '+'], 'X', [Piece(b, 8, isdama=False), '-'], 'X', [None, '/'], 'X', [Piece(b, 2, isdama=False), '*']]","{""valid_moves"": [{""position"": [0, ""*""], ""piece"": [""red"", 2, false], ""destination"": [9]}, {""position"": [2, ""/""], ""piece"": [""red"", -5, false], ""destination"": [9]}, {""position"": [4, ""-""], ""piece"": [""red"", 8, false], ""destination"": [13]}, {""position"": [11, ""*""], ""piece"": [""red"", 10, false], ""destination"": [18]}, {""position"": [16, ""-""], ""piece"": [""red"", -7, false], ""destination"": [25]}, {""position"": [20, ""*""], ""piece"": [""red"", -3, false], ""destination"": [27, 29]}, {""position"": [22, ""/""], ""piece"": [""red"", -11, false], ""destination"": [29, 31]}]}","Piece(r, 2, isdama=False): [9]
Piece(r, -5, isdama=False): [9]
Piece(r, 8, isdama=False): [13]
Piece(r, 10, isdama=False): [18]
Piece(r, -7, isdama=False): [25]
Piece(r, -3, isdama=False): [27, 29]
Piece(r, -11, isdama=False): [29, 31]"
"[[Piece(r, 2, isdama=False), '*'], 'X', [Piece(r, -5, isdama=False), '/'], 'X', [Piece(r, 8, isdama=False), '-'], 'X', [None, '+'], 'X', 'X', [None, '/'], 'X', [Piece(r, 10, isdama=False), '*'], 'X', [None, '+'], 'X', [Piece(r, 0, isdama=False), '-'], [Piece(r, -7, isdama=False), '-'], 'X', [None, '+'], 'X', [Piece(r, -3, isdama=False), '*'], 'X', [Piece(r, -11, isdama=False), '/'], 'X', 'X', [None, '+'], 'X', [None, '-'], 'X', [None, '/'], 'X', [None, '*'], [Piece(r, 4, isdama=False), '*'], 'X', [None, '/'], 'X', [None, '-'], 'X', [Piece(b, 4, isdama=False), '+'], 'X', 'X', [Piece(b, -9, isdama=False), '/'], 'X', [Piece(b, 10, isdama=False), '*'], 'X', [None, '+'], 'X', [None, '-'], [Piece(b, 0, isdama=False), '-'], 'X', [Piece(b, -3, isdama=False), '+'], 'X', [Piece(b, -5, isdama=False), '*'], 'X', [None, '/'], 'X', 'X', [Piece(b, -11, isdama=False), '+'], 'X', [Piece(b, 8, isdama=False), '-'], 'X', [None, '/'], 'X', [Piece(b, 2, isdama=False), '*']]","{""valid_moves"": [{""position"": [0, ""*""], ""piece"": [""red"", 2, false], ""destination"": [9]}, {""position"": [2, ""/""], ""piece"": [""red"", -5, false], ""destination"": [9]}, {""position"": [4, ""-""], ""piece"": [""red"", 8, false], ""destination"": [13]}, {""position"": [11, ""*""], ""piece"": [""red"", 10, false], ""destination"": [18]}, {""position"": [16, ""-""], ""piece"": [""red"", -7, false], ""destination"": [25]}, {""position"": [20, ""*""], ""piece"": [""red"", -3, false], ""destination"": [27, 29]}, {""position"": [22, ""/""], ""piece"": [""red"", -11, false], ""destination"": [29, 31]}]}","Piece(r, 2, isdama=False): [9]
Piece(r, -5, isdama=False): [9]
Piece(r, 8, isdama=False): [13]
Piece(r, 10, isdama=False): [18]
Piece(r, -7, isdama=False): [25]
Piece(r, -3, isdama=False): [27, 29]
Piece(r, -11, isdama=False): [29, 31]"
"[[Piece(r, 2, isdama=False), '*'], 'X', [Piece(r, -5, isdama=False), '/'], 'X', [Piece(r, 8, isdama=False), '-'], 'X', [None, '+'], 'X', 'X', [None, '/'], 'X', [Piece(r, 10, isdama=False), '*'], 'X', [None, '+'], 'X', [Piece(r, 0, isdama=False), '-'], [Piece(r, -7, isdama=False), '-'], 'X', [None, '+'], 'X', [Piece(r, -3, isdama=False), '*'], 'X', [Piece(r, -11, isdama=False), '/'], 'X', 'X', [None, '+'], 'X', [None, '-'], 'X', [None, '/'], 'X', [None, '*'], [Piece(r, 4, isdama=False), '*'], 'X', [None, '/'], 'X', [None, '-'], 'X', [Piece(b, 4, isdama=False), '+'], 'X', 'X', [Piece(b, -9, isdama=False), '/'], 'X', [Piece(b, 10, isdama=False), '*'], 'X', [None, '+'], 'X', [None, '-'], [Piece(b, 0, isdama=False), '-'], 'X', [Piece(b, -3, isdama=False), '+'], 'X', [Piece(b, -5, isdama=False), '*'], 'X', [None, '/'], 'X', 'X', [Piece(b, -11, isdama=False), '+'], 'X', [Piece(b, 8, isdama=False), '-'], 'X', [None, '/'], 'X', [Piece(b, 2, isdama=False), '*']]","{""valid_moves"": [{""position"": [0, ""*""], ""piece"": [""red"", 2, false], ""destination"": [9]}, {""position"": [2, ""/""], ""piece"": [""red"", -5, false], ""destination"": [9]}, {""position"": [4, ""-""], ""piece"": [""red"", 8, false], ""destination"": [13]}, {""position"": [11, ""*""], ""piece"": [""red"", 10, false], ""destination"": [18]}, {""position"": [16, ""-""], ""piece"": [""red"", -7, false], ""destination"": [25]}, {""position"": [20, ""*""], ""piece"": [""red"", -3, false], ""destination"": [27, 29]}, {""position"": [22, ""/""], ""piece"": [""red"", -11, false], ""destination"": [29, 31]}]}","Piece(r, 2, isdama=False): [9]
Piece(r, -5, isdama=False): [9]
Piece(r, 8, isdama=False): [13]
Piece(r, 10, isdama=False): [18]
Piece(r, -7, isdama=False): [25]
Piece(r, -3, isdama=False): [27, 29]
Piece(r, -11, isdama=False): [29, 31]"
"[[Piece(r, 2, isdama=False), '*'], 'X', [Piece(r, -5, isdama=False), '/'], 'X', [Piece(r, 8, isdama=False), '-'], 'X', [None, '+'], 'X', 'X', [None, '/'], 'X', [Piece(r, 10, isdama=False), '*'], 'X', [None, '+'], 'X', [Piece(r, 0, isdama=False), '-'], [Piece(r, -7, isdama=False), '-'], 'X', [None, '+'], 'X', [Piece(r, -3, isdama=False), '*'], 'X', [Piece(r, -11, isdama=False), '/'], 'X', 'X', [None, '+'], 'X', [None, '-'], 'X', [None, '/'], 'X', [None, '*'], [Piece(r, 4, isdama=False), '*'], 'X', [None, '/'], 'X', [None, '-'], 'X', [Piece(b, 4, isdama=False), '+'], 'X', 'X', [Piece(b, -9, isdama=False), '/'], 'X', [Piece(b, 10, isdama=False), '*'], 'X', [None, '+'], 'X', [None, '-'], [Piece(b, 0, isdama=False), '-'], 'X', [Piece(b, -3, isdama=False), '+'], 'X', [Piece(b, -5, isdama=False), '*'], 'X', [None, '/'], 'X', 'X', [Piece(b, -11, isdama=False), '+'], 'X', [Piece(b, 8, isdama=False), '-'], 'X', [None, '/'], 'X', [Piece(b, 2, isdama=False), '*']]","{""valid_moves"": [{""position"": [0, ""*""], ""piece"": [""red"", 2, false], ""destination"": [9]}, {""position"": [2, ""/""], ""piece"": [""red"", -5, false], ""destination"": [9]}, {""position"": [4, ""-""], ""piece"": [""red"", 8, false], ""destination"": [13]}, {""position"": [11, ""*""], ""piece"": [""red"", 10, false], ""destination"": [18]}, {""position"": [16, ""-""], ""piece"": [""red"", -7, false], ""destination"": [25]}, {""position"": [20, ""*""], ""piece"": [""red"", -3, false], ""destination"": [27, 29]}, {""position"": [22, ""/""], ""piece"": [""red"", -11, false], ""destination"": [29, 31]}]}","Piece(r, 2, isdama=False): [9]
Piece(r, -5, isdama=False): [9]
Piece(r, 8, isdama=False): [13]
Piece(r, 10, isdama=False): [18]
Piece(r, -7, isdama=False): [25]
Piece(r, -3, isdama=False): [27, 29]
Piece(r, -11, isdama=False): [29, 31]"
"[[Piece(r, 2, isdama=False), '*'], 'X', [Piece(r, -5, isdama=False), '/'], 'X', [Piece(r, 8, isdama=False), '-'], 'X', [None, '+'], 'X', 'X', [None, '/'], 'X', [Piece(r, 10, isdama=False), '*'], 'X', [None, '+'], 'X', [Piece(r, 0, isdama=False), '-'], [Piece(r, -7, isdama=False), '-'], 'X', [None, '+'], 'X', [Piece(r, -3, isdama=False), '*'], 'X', [Piece(r, -11, isdama=False), '/'], 'X', 'X', [None, '+'], 'X', [None, '-'], 'X', [None, '/'], 'X', [None, '*'], [Piece(r, 4, isdama=False), '*'], 'X', [None, '/'], 'X', [None, '-'], 'X', [Piece(b, 4, isdama=False), '+'], 'X', 'X', [Piece(b, -9, isdama=False), '/'], 'X', [Piece(b, 10, isdama=False), '*'], 'X', [None, '+'], 'X', [None, '-'], [Piece(b, 0, isdama=False), '-'], 'X', [Piece(b, -3, isdama=False), '+'], 'X', [Piece(b, -5, isdama=False), '*'], 'X', [None, '/'], 'X', 'X', [Piece(b, -11, isdama=False), '+'], 'X', [Piece(b, 8, isdama=False), '-'], 'X', [None, '/'], 'X', [Piece(b, 2, isdama=False), '*']]","{""valid_moves"": [{""position"": [0, ""*""], ""piece"": [""red"", 2, false], ""destination"": [9]}, {""position"": [2, ""/""], ""piece"": [""red"", -5, false], ""destination"": [9]}, {""position"": [4, ""-""], ""piece"": [""red"", 8, false], ""destination"": [13]}, {""position"": [11, ""*""], ""piece"": [""red"", 10, false], ""destination"": [18]}, {""position"": [16, ""-""], ""piece"": [""red"", -7, false], ""destination"": [25]}, {""position"": [20, ""*""], ""piece"": [""red"", -3, false], ""destination"": [27, 29]}, {""position"": [22, ""/""], ""piece"": [""red"", -11, false], ""destination"": [29, 31]}]}","Piece(r, 2, isdama=False): [9]
Piece(r, -5, isdama=False): [9]
Piece(r, 8, isdama=False): [13]
Piece(r, 10, isdama=False): [18]
Piece(r, -7, isdama=False): [25]
Piece(r, -3, isdama=False): [27, 29]
Piece(r, -11, isdama=False): [29, 31]"
"[[Piece(r, 2, isdama=False), '*'], 'X', [None, '/'], 'X', [Piece(r, 8, isdama=False), '-'], 'X', [None, '+'], 'X', 'X', [Piece(r, -5, isdama=False), '/'], 'X', [Piece(r, 10, isdama=False), '*'], 'X', [None, '+'], 'X', [Piece(r, 0, isdama=False), '-'], [Piece(r, -7, isdama=False), '-'], 'X', [None, '+'], 'X', [Piece(r, -3, isdama=False), '*'], 'X', [Piece(r, -11, isdama=False), '/'], 'X', 'X', [None, '+'], 'X', [None, '-'], 'X', [None, '/'], 'X', [None, '*'], [Piece(r, 4, isdama=False), '*'], 'X', [None, '/'], 'X', [None, '-'], 'X', [Piece(b, 4, isdama=False), '+'], 'X', 'X', [Piece(b, -9, isdama=False), '/'], 'X', [Piece(b, 10, isdama=False), '*'], 'X', [None, '+'], 'X', [None, '-'], [Piece(b, 0, isdama=False), '-'], 'X', [Piece(b, -3, isdama=False), '+'], 'X', [Piece(b, -5, isdama=False), '*'], 'X', [Piece(b, 2, isdama=False), '/'], 'X', 'X', [Piece(b, -11, isdama=False), '+'], 'X', [Piece(b, 8, isdama=False), '-'], 'X', [None, '/'], 'X', [None, '*']]","{""valid_moves"": [{""position"": [4, ""-""], ""piece"": [""red"", 8, false], ""destination"": [13]}, {""position"": [9, ""/""], ""piece"": [""red"", -5, false], ""destination"": [18]}, {""position"": [11, ""*""], ""piece"": [""red"", 10, false], ""destination"": [18]}, {""position"": [16, ""-""], ""piece"": [""red"", -7, false], ""destination"": [25]}, {""position"": [20, ""*""], ""piece"": [""red"", -3, false], ""destination"": [27, 29]}, {""position"": [22, ""/""], ""piece"": [""red"", -11, false], ""destination"": [29, 31]}]}","Piece(r, 8, isdama=False): [13]
Piece(r, -5, isdama=False): [18]
Piece(r, 10, isdama=False): [18]
Piece(r, -7, isdama=False): [25]
Piece(r, -3, isdama=False): [27, 29]
Piece(r, -11, isdama=False): [29, 31]"
"[[Piece(r, 2, isdama=False), '*'], 'X', [None, '/'], 'X', [Piece(r, 8, isdama=False), '-'], 'X', [None, '+'], 'X', 'X', [Piece(r, -5, isdama=False), '/'], 'X', [Piece(r, 10, isdama=False), '*'], 'X', [None, '+'], 'X', [Piece(r, 0, isdama=False), '-'], [Piece(r, -7, isdama=False), '-'], 'X', [None, '+'], 'X', [Piece(r, -3, isdama=False), '*'], 'X', [Piece(r, -11, isdama=False), '/'], 'X', 'X', [None, '+'], 'X', [None, '-'], 'X', [None, '/'], 'X', [None, '*'], [Piece(r, 4, isdama=False), '*'], 'X', [None, '/'], 'X', [None, '-'], 'X', [Piece(b, 4, isdama=False), '+'], 'X', 'X', [Piece(b, -9, isdama=False), '/'], 'X', [Piece(b, 10, isdama=False), '*'], 'X', [None, '+'], 'X', [None, '-'], [Piece(b, 0, isdama=False), '-'], 'X', [Piece(b, -3, isdama=False), '+'], 'X', [Piece(b, -5, isdama=False), '*'], 'X', [Piece(b, 2, isdama=False), '/'], 'X', 'X', [Piece(b, -11, isdama=False), '+'], 'X', [Piece(b, 8, isdama=False), '-'], 'X', [None, '/'], 'X', [None, '*']]","{""valid_moves"": [{""position"": [4, ""-""], ""piece"": [""red"", 8, false], ""destination"": [13]}, {""position"": [9, ""/""], ""piece"": [""red"", -5, false], ""destination"": [18]}, {""position"": [11, ""*""], ""piece"": [""red"", 10, false], ""destination"": [18]}, {""position"": [16, ""-""], ""piece"": [""red"", -7, false], ""destination"": [25]}, {""position"": [20, ""*""], ""piece"": [""red"", -3, false], ""destination"": [27, 29]}, {""position"": [22, ""/""], ""piece"": [""red"", -11, false], ""destination"": [29, 31]}]}","Piece(r, 8, isdama=False): [13]
Piece(r, -5, isdama=False): [18]
Piece(r, 10, isdama=False): [18]
Piece(r, -7, isdama=False): [25]
Piece(r, -3, isdama=False): [27, 29]
Piece(r, -11, isdama=False): [29, 31]"
"[[Piece(r, 2, isdama=False), '*'], 'X', [None, '/'], 'X', [Piece(r, 8, isdama=False), '-'], 'X', [None, '+'], 'X', 'X', [Piece(r, -5, isdama=False), '/'], 'X', [Piece(r, 10, isdama=False), '*'], 'X', [None, '+'], 'X', [Piece(r, 0, isdama=False), '-'], [Piece(r, -7, isdama=False), '-'], 'X', [None, '+'], 'X', [Piece(r, -3, isdama=False), '*'], 'X', [Piece(r, -11, isdama=False), '/'], 'X', 'X', [None, '+'], 'X', [None, '-'], 'X', [None, '/'], 'X', [None, '*'], [Piece(r, 4, isdama=False), '*'], 'X', [None, '/'], 'X', [None, '-'], 'X', [Piece(b, 4, isdama=False), '+'], 'X', 'X', [Piece(b, -9, isdama=False), '/'], 'X', [Piece(b, 10, isdama=False), '*'], 'X', [None, '+'], 'X', [None, '-'], [Piece(b, 0, isdama=False), '-'], 'X', [Piece(b, -3, isdama=False), '+'], 'X', [Piece(b, -5, isdama=False), '*'], 'X', [Piece(b, 2, isdama=False), '/'], 'X', 'X', [Piece(b, -11, isdama=False), '+'], 'X', [Piece(b, 8, isdama=False), '-'], 'X', [None, '/'], 'X', [None, '*']]","{""valid_moves"": [{""position"": [4, ""-""], ""piece"": [""red"", 8, false], ""destination"": [13]}, {""position"": [9, ""/""], ""piece"": [""red"", -5, false], ""destination"": [18]}, {""position"": [11, ""*""], ""piece"": [""red"", 10, false], ""destination"": [18]}, {""position"": [16, ""-""], ""piece"": [""red"", -7, false], ""destination"": [25]}, {""position"": [20, ""*""], ""piece"": [""red"", -3, false], ""destination"": [27, 29]}, {""position"": [22, ""/""], ""piece"": [""red"", -11, false], ""destination"": [29, 31]}]}","Piece(r, 8, isdama=False): [13]
Piece(r, -5, isdama=False): [18]
Piece(r, 10, isdama=False): [18]
Piece(r, -7, isdama=False): [25]
Piece(r, -3, isdama=False): [27, 29]
Piece(r, -11, isdama=False): [29, 31]"
"[[Piece(r, 2, isdama=False), '*'], 'X', [None, '/'], 'X', [Piece(r, 8, isdama=False), '-'], 'X', [None, '+'], 'X', 'X', [Piece(r, -5, isdama=False), '/'], 'X', [Piece(r, 10, isdama=False), '*'], 'X', [None, '+'], 'X', [Piece(r, 0, isdama=False), '-'], [Piece(r, -7, isdama=False), '-'], 'X', [None, '+'], 'X', [Piece(r, -3, isdama=False), '*'], 'X', [Piece(r, -11, isdama=False), '/'], 'X', 'X', [None, '+'], 'X', [None, '-'], 'X', [None, '/'], 'X', [None, '*'], [Piece(r, 4, isdama=False), '*'], 'X', [None, '/'], 'X', [None, '-'], 'X', [Piece(b, 4, isdama=False), '+'], 'X', 'X', [Piece(b, -9, isdama=False), '/'], 'X', [Piece(b, 10, isdama=False), '*'], 'X', [None, '+'], 'X', [None, '-'], [Piece(b, 0, isdama=False), '-'], 'X', [Piece(b, -3, isdama=False), '+'], 'X', [Piece(b, -5, isdama=False), '*'], 'X', [Piece(b, 2, isdama=False), '/'], 'X', 'X', [Piece(b, -11, isdama=False), '+'], 'X', [Piece(b, 8, isdama=False), '-'], 'X', [None, '/'], 'X', [None, '*']]","{""valid_moves"": [{""position"": [4, ""-""], ""piece"": [""red"", 8, false], ""destination"": [13]}, {""position"": [9, ""/""], ""piece"": [""red"", -5, false], ""destination"": [18]}, {""position"": [11, ""*""], ""piece"": [""red"", 10, false], ""destination"": [18]}, {""position"": [16, ""-""], ""piece"": [""red"", -7, false], ""destination"": [25]}, {""position"": [20, ""*""], ""piece"": [""red"", -3, false], ""destination"": [27, 29]}, {""position"": [22, ""/""], ""piece"": [""red"", -11, false], ""destination"": [29, 31]}]}","Piece(r, 8, isdama=False): [13]
Piece(r, -5, isdama=False): [18]
Piece(r, 10, isdama=False): [18]
Piece(r, -7, isdama=False): [25]
Piece(r, -3, isdama=False): [27, 29]
Piece(r, -11, isdama=False): [29, 31]"
"[[Piece(r, 2, isdama=False), '*'], 'X', [None, '/'], 'X', [Piece(r, 8, isdama=False), '-'], 'X', [None, '+'], 'X', 'X', [Piece(r, -5, isdama=False), '/'], 'X', [Piece(r, 10, isdama=False), '*'], 'X', [None, '+'], 'X', [Piece(r, 0, isdama=False), '-'], [Piece(r, -7, isdama=False), '-'], 'X', [None, '+'], 'X', [Piece(r, -3, isdama=False), '*'], 'X', [Piece(r, -11, isdama=False), '/'], 'X', 'X', [None, '+'], 'X', [None, '-'], 'X', [None, '/'], 'X', [None, '*'], [Piece(r, 4, isdama=False), '*'], 'X', [None, '/'], 'X', [None, '-'], 'X', [Piece(b, 4, isdama=False), '+'], 'X', 'X', [Piece(b, -9, isdama=False), '/'], 'X', [Piece(b, 10, isdama=False), '*'], 'X', [None, '+'], 'X', [None, '-'], [Piece(b, 0, isdama=False), '-'], 'X', [Piece(b, -3, isdama=False), '+'], 'X', [Piece(b, -5, isdama=False), '*'], 'X', [Piece(b, 2, isdama=False), '/'], 'X', 'X', [Piece(b, -11, isdama=False), '+'], 'X', [Piece(b, 8, isdama=False), '-'], 'X', [None, '/'], 'X', [None, '*']]","{""valid_moves"": [{""position"": [4, ""-""], ""piece"": [""red"", 8, false], ""destination"": [13]}, {""position"": [9, ""/""], ""piece"": [""red"", -5, false], ""destination"": [18]}, {""position"": [11, ""*""], ""piece"": [""red"", 10, false], ""destination"": [18]}, {""position"": [16, ""-""], ""piece"": [""red"", -7, false], ""destination"": [25]}, {""position"": [20, ""*""], ""piece"": [""red"", -3, false], ""destination"": [27, 29]}, {""position"": [22, ""/""], ""piece"": [""red"", -11, false], ""destination"": [29, 31]}]}","Piece(r, 8, isdama=False): [13]
Piece(r, -5, isdama=False): [18]
Piece(r, 10, isdama=False): [18]
Piece(r, -7, isdama=False): [25]
Piece(r, -3, isdama=False): [27, 29]
Piece(r, -11, isdama=False): [29, 31]"
"[[Piece(r, 2, isdama=False), '*'], 'X', [None, '/'], 'X', [Piece(r, 8, isdama=False), '-'], 'X', [None, '+'], 'X', 'X', [Piece(r, -5, isdama=False), '/'], 'X', [Piece(r, 10, isdama=False), '*'], 'X', [None, '+'], 'X', [Piece(r, 0, isdama=False), '-'], [Piece(r, -7, isdama=False), '-'], 'X', [None, '+'], 'X', [Piece(r, -3, isdama=False), '*'], 'X', [Piece(r, -11, isdama=False), '/'], 'X', 'X', [None, '+'], 'X', [None, '-'], 'X', [None, '/'], 'X', [None, '*'], [Piece(r, 4, isdama=False), '*'], 'X', [None, '/'], 'X', [None, '-'], 'X', [Piece(b, 4, isdama=False), '+'], 'X', 'X', [Piece(b, -9, isdama=False), '/'], 'X', [Piece(b, 10, isdama=False), '*'], 'X', [None, '+'], 'X', [None, '-'], [Piece(b, 0, isdama=False), '-'], 'X', [Piece(b, -3, isdama=False), '+'], 'X', [Piece(b, -5, isdama=False), '*'], 'X', [Piece(b, 2, isdama=False), '/'], 'X', 'X', [Piece(b, -11, isdama=False), '+'], 'X', [Piece(b, 8, isdama=False), '-'], 'X', [None, '/'], 'X', [None, '*']]","{""valid_moves"": [{""position"": [4, ""-""], ""piece"": [""red"", 8, false], ""destination"": [13]}, {""position"": [9, ""/""], ""piece"": [""red"", -5, false], ""destination"": [18]}, {""position"": [11, ""*""], ""piece"": [""red"", 10, false], ""destination"": [18]}, {""position"": [16, ""-""], ""piece"": [""red"", -7, false], ""destination"": [25]}, {""position"": [20, ""*""], ""piece"": [""red"", -3, false], ""destination"": [27, 29]}, {""position"": [22, ""/""], ""piece"": [""red"", -11, false], ""destination"": [29, 31]}]}","Piece(r, 8, isdama=False): [13]
Piece(r, -5, isdama=False): [18]
Piece(r, 10, isdama=False): [18]
Piece(r, -7, isdama=False): [25]
Piece(r, -3, isdama=False): [27, 29]
Piece(r, -11, isdama=False): [29, 31]"
"[[Piece(r, 2, isdama=False), '*'], 'X', [None, '/'], 'X', [Piece(r, 8, isdama=False), '-'], 'X', [None, '+'], 'X', 'X', [Piece(r, -5, isdama=False), '/'], 'X', [Piece(r, 10, isdama=False), '*'], 'X', [None, '+'], 'X', [Piece(r, 0, isdama=False), '-'], [Piece(r, -7, isdama=False), '-'], 'X', [None, '+'], 'X', [Piece(r, -3, isdama=False), '*'], 'X', [Piece(r, -11, isdama=False), '/'], 'X', 'X', [None, '+'], 'X', [None, '-'], 'X', [None, '/'], 'X', [None, '*'], [Piece(r, 4, isdama=False), '*'], 'X', [None, '/'], 'X', [None, '-'], 'X', [Piece(b, 4, isdama=False), '+'], 'X', 'X', [Piece(b, -9, isdama=False), '/'], 'X', [Piece(b, 10, isdama=False), '*'], 'X', [None, '+'], 'X', [None, '-'], [Piece(b, 0, isdama=False), '-'], 'X', [Piece(b, -3, isdama=False), '+'], 'X', [Piece(b, -5, isdama=False), '*'], 'X', [Piece(b, 2, isdama=False), '/'], 'X', 'X', [Piece(b, -11, isdama=False), '+'], 'X', [Piece(b, 8, isdama=False), '-'], 'X', [None, '/'], 'X', [None, '*']]","{""valid_moves"": [{""position"": [4, ""-""], ""piece"": [""red"", 8, false], ""destination"": [13]}, {""position"": [9, ""/""], ""piece"": [""red"", -5, false], ""destination"": [18]}, {""position"": [11, ""*""], ""piece"": [""red"", 10, false], ""destination"": [18]}, {""position"": [16, ""-""], ""piece"": [""red"", -7, false], ""destination"": [25]}, {""position"": [20, ""*""], ""piece"": [""red"", -3, false], ""destination"": [27, 29]}, {""position"": [22, ""/""], ""piece"": [""red"", -11, false], ""destination"": [29, 31]}]}","Piece(r, 8, isdama=False): [13]
Piece(r, -5, isdama=False): [18]
Piece(r, 10, isdama=False): [18]
Piece(r, -7, isdama=False): [25]
Piece(r, -3, isdama=False): [27, 29]
Piece(r, -11, isdama=False): [29, 31]"
"[[Piece(r, 2, isdama=False), '*'], 'X', [None, '/'], 'X', [Piece(r, 8, isdama=False), '-'], 'X', [None, '+'], 'X', 'X', [Piece(r, -5, isdama=False), '/'], 'X', [Piece(r, 10, isdama=False), '*'], 'X', [None, '+'], 'X', [Piece(r, 0, isdama=False), '-'], [Piece(r, -7, isdama=False), '-'], 'X', [None, '+'], 'X', [Piece(r, -3, isdama=False), '*'], 'X', [Piece(r, -11, isdama=False), '/'], 'X', 'X', [None, '+'], 'X', [None, '-'], 'X', [None, '/'], 'X', [None, '*'], [Piece(r, 4, isdama=False), '*'], 'X', [None, '/'], 'X', [None, '-'], 'X', [Piece(b, 4, isdama=False), '+'], 'X', 'X', [Piece(b, -9, isdama=False), '/'], 'X', [Piece(b, 10, isdama=False), '*'], 'X', [None, '+'], 'X', [None, '-'], [Piece(b, 0, isdama=False), '-'], 'X', [Piece(b, -3, isdama=False), '+'], 'X', [Piece(b, -5, isdama=False), '*'], 'X', [Piece(b, 2, isdama=False), '/'], 'X', 'X', [Piece(b, -11, isdama=False), '+'], 'X', [Piece(b, 8, isdama=False), '-'], 'X', [None, '/'], 'X', [None, '*']]","{""valid_moves"": [{""position"": [4, ""-""], ""piece"": [""red"", 8, false], ""destination"": [13]}, {""position"": [9, ""/""], ""piece"": [""red"", -5, false], ""destination"": [18]}, {""position"": [11, ""*""], ""piece"": [""red"", 10, false], ""destination"": [18]}, {""position"": [16, ""-""], ""piece"": [""red"", -7, false], ""destination"": [25]}, {""position"": [20, ""*""], ""piece"": [""red"", -3, false], ""destination"": [27, 29]}, {""position"": [22, ""/""], ""piece"": [""red"", -11, false], ""destination"": [29, 31]}]}","Piece(r, 8, isdama=False): [13]
Piece(r, -5, isdama=False): [18]
Piece(r, 10, isdama=False): [18]
Piece(r, -7, isdama=False): [25]
Piece(r, -3, isdama=False): [27, 29]
Piece(r, -11, isdama=False): [29, 31]"
"[[Piece(r, 2, isdama=False), '*'], 'X', [None, '/'], 'X', [None, '-'], 'X', [None, '+'], 'X', 'X', [Piece(r, -5, isdama=False), '/'], 'X', [Piece(r, 10, isdama=False), '*'], 'X', [Piece(r, 8, isdama=False), '+'], 'X', [Piece(r, 0, isdama=False), '-'], [Piece(r, -7, isdama=False), '-'], 'X', [None, '+'], 'X', [Piece(r, -3, isdama=False), '*'], 'X', [Piece(r, -11, isdama=False), '/'], 'X', 'X', [None, '+'], 'X', [None, '-'], 'X', [None, '/'], 'X', [None, '*'], [Piece(r, 4, isdama=False), '*'], 'X', [Piece(b, -9, isdama=False), '/'], 'X', [None, '-'], 'X', [Piece(b, 4, isdama=False), '+'], 'X', 'X', [None, '/'], 'X', [Piece(b, 10, isdama=False), '*'], 'X', [None, '+'], 'X', [None, '-'], [Piece(b, 0, isdama=False), '-'], 'X', [Piece(b, -3, isdama=False), '+'], 'X', [Piece(b, -5, isdama=False), '*'], 'X', [Piece(b, 2, isdama=False), '/'], 'X', 'X', [Piece(b, -11, isdama=False), '+'], 'X', [Piece(b, 8, isdama=False), '-'], 'X', [None, '/'], 'X', [None, '*']]","{""valid_moves"": [{""position"": [9, ""/""], ""piece"": [""red"", -5, false], ""destination"": [18]}, {""position"": [11, ""*""], ""piece"": [""red"", 10, false], ""destination"": [18]}, {""position"": [16, ""-""], ""piece"": [""red"", -7, false], ""destination"": [25]}, {""position"": [20, ""*""], ""piece"": [""red"", -3, false], ""destination"": [27, 29]}, {""position"": [22, ""/""], ""piece"": [""red"", -11, false], ""destination"": [29, 31]}, {""position"": [32, ""*""], ""piece"": [""red"", 4, false], ""destination"": [41]}]}","Piece(r, -5, isdama=False): [18]
Piece(r, 10, isdama=False): [18]
Piece(r, -7, isdama=False): [25]
Piece(r, -3, isdama=False): [27, 29]
Piece(r, -11, isdama=False): [29, 31]
Piece(r, 4, isdama=False): [41]"
"[[Piece(r, 2, isdama=False), '*'], 'X', [None, '/'], 'X', [None, '-'], 'X', [None, '+'], 'X', 'X', [Piece(r, -5, isdama=False), '/'], 'X', [Piece(r, 10, isdama=False), '*'], 'X', [Piece(r, 8, isdama=False), '+'], 'X', [Piece(r, 0, isdama=False), '-'], [Piece(r, -7, isdama=False), '-'], 'X', [None, '+'], 'X', [Piece(r, -3, isdama=False), '*'], 'X', [Piece(r, -11, isdama=False), '/'], 'X', 'X', [None, '+'], 'X', [None, '-'], 'X', [None, '/'], 'X', [None, '*'], [Piece(r, 4, isdama=False), '*'], 'X', [Piece(b, -9, isdama=False), '/'], 'X', [None, '-'], 'X', [Piece(b, 4, isdama=False), '+'], 'X', 'X', [None, '/'], 'X', [Piece(b, 10, isdama=False), '*'], 'X', [None, '+'], 'X', [None, '-'], [Piece(b, 0, isdama=False), '-'], 'X', [Piece(b, -3, isdama=False), '+'], 'X', [Piece(b, -5, isdama=False), '*'], 'X', [Piece(b, 2, isdama=False), '/'], 'X', 'X', [Piece(b, -11, isdama=False), '+'], 'X', [Piece(b, 8, isdama=False), '-'], 'X', [None, '/'], 'X', [None, '*']]","{""valid_moves"": [{""position"": [9, ""/""], ""piece"": [""red"", -5, false], ""destination"": [18]}, {""position"": [11, ""*""], ""piece"": [""red"", 10, false], ""destination"": [18]}, {""position"": [16, ""-""], ""piece"": [""red"", -7, false], ""destination"": [25]}, {""position"": [20, ""*""], ""piece"": [""red"", -3, false], ""destination"": [27, 29]}, {""position"": [22, ""/""], ""piece"": [""red"", -11, false], ""destination"": [29, 31]}, {""position"": [32, ""*""], ""piece"": [""red"", 4, false], ""destination"": [41]}]}","Piece(r, -5, isdama=False): [18]
Piece(r, 10, isdama=False): [18]
Piece(r, -7, isdama=False): [25]
Piece(r, -3, isdama=False): [27, 29]
Piece(r, -11, isdama=False): [29, 31]
Piece(r, 4, isdama=False): [41]"
"[[Piece(r, 2, isdama=False), '*'], 'X', [None, '/'], 'X', [None, '-'], 'X', [None, '+'], 'X', 'X', [Piece(r, -5, isdama=False), '/'], 'X', [Piece(r, 10, isdama=False), '*'], 'X', [Piece(r, 8, isdama=False), '+'], 'X', [Piece(r, 0, isdama=False), '-'], [Piece(r, -7, isdama=False), '-'], 'X', [None, '+'], 'X', [Piece(r, -3, isdama=False), '*'], 'X', [Piece(r, -11, isdama=False), '/'], 'X', 'X', [None, '+'], 'X', [None, '-'], 'X', [None, '/'], 'X', [None, '*'], [Piece(r, 4, isdama=False), '*'], 'X', [Piece(b, -9, isdama=False), '/'], 'X', [None, '-'], 'X', [Piece(b, 4, isdama=False), '+'], 'X', 'X', [None, '/'], 'X', [Piece(b, 10, isdama=False), '*'], 'X', [None, '+'], 'X', [None, '-'], [Piece(b, 0, isdama=False), '-'], 'X', [Piece(b, -3, isdama=False), '+'], 'X', [Piece(b, -5, isdama=False), '*'], 'X', [Piece(b, 2, isdama=False), '/'], 'X', 'X', [Piece(b, -11, isdama=False), '+'], 'X', [Piece(b, 8, isdama=False), '-'], 'X', [None, '/'], 'X', [None, '*']]","{""valid_moves"": [{""position"": [9, ""/""], ""piece"": [""red"", -5, false], ""destination"": [18]}, {""position"": [11, ""*""], ""piece"": [""red"", 10, false], ""destination"": [18]}, {""position"": [16, ""-""], ""piece"": [""red"", -7, false], ""destination"": [25]}, {""position"": [20, ""*""], ""piece"": [""red"", -3, false], ""destination"": [27, 29]}, {""position"": [22, ""/""], ""piece"": [""red"", -11, false], ""destination"": [29, 31]}, {""position"": [32, ""*""], ""piece"": [""red"", 4, false], ""destination"": [41]}]}","Piece(r, -5, isdama=False): [18]
Piece(r, 10, isdama=False): [18]
Piece(r, -7, isdama=False): [25]
Piece(r, -3, isdama=False): [27, 29]
Piece(r, -11, isdama=False): [29, 31]
Piece(r, 4, isdama=False): [41]"
"[[Piece(r, 2, isdama=False), '*'], 'X', [None, '/'], 'X', [None, '-'], 'X', [None, '+'], 'X', 'X', [Piece(r, -5, isdama=False), '/'], 'X', [Piece(r, 10, isdama=False), '*'], 'X', [Piece(r, 8, isdama=False), '+'], 'X', [Piece(r, 0, isdama=False), '-'], [Piece(r, -7, isdama=False), '-'], 'X', [None, '+'], 'X', [Piece(r, -3, isdama=False), '*'], 'X', [Piece(r, -11, isdama=False), '/'], 'X', 'X', [None, '+'], 'X', [None, '-'], 'X', [None, '/'], 'X', [None, '*'], [Piece(r, 4, isdama=False), '*'], 'X', [Piece(b, -9, isdama=False), '/'], 'X', [None, '-'], 'X', [Piece(b, 4, isdama=False), '+'], 'X', 'X', [None, '/'], 'X', [Piece(b, 10, isdama=False), '*'], 'X', [None, '+'], 'X', [None, '-'], [Piece(b, 0, isdama=False), '-'], 'X', [Piece(b, -3, isdama=False), '+'], 'X', [Piece(b, -5, isdama=False), '*'], 'X', [Piece(b, 2, isdama=False), '/'], 'X', 'X', [Piece(b, -11, isdama=False), '+'], 'X', [Piece(b, 8, isdama=False), '-'], 'X', [None, '/'], 'X', [None, '*']]","{""valid_moves"": [{""position"": [9, ""/""], ""piece"": [""red"", -5, false], ""destination"": [18]}, {""position"": [11, ""*""], ""piece"": [""red"", 10, false], ""destination"": [18]}, {""position"": [16, ""-""], ""piece"": [""red"", -7, false], ""destination"": [25]}, {""position"": [20, ""*""], ""piece"": [""red"", -3, false], ""destination"": [27, 29]}, {""position"": [22, ""/""], ""piece"": [""red"", -11, false], ""destination"": [29, 31]}, {""position"": [32, ""*""], ""piece"": [""red"", 4, false], ""destination"": [41]}]}","Piece(r, -5, isdama=False): [18]
Piece(r, 10, isdama=False): [18]
Piece(r, -7, isdama=False): [25]
Piece(r, -3, isdama=False): [27, 29]
Piece(r, -11, isdama=False): [29, 31]
Piece(r, 4, isdama=False): [41]"
"[[Piece(r, 2, isdama=False), '*'], 'X', [None, '/'], 'X', [None, '-'], 'X', [None, '+'], 'X', 'X', [Piece(r, -5, isdama=False), '/'], 'X', [Piece(r, 10, isdama=False), '*'], 'X', [Piece(r, 8, isdama=False), '+'], 'X', [Piece(r, 0, isdama=False), '-'], [Piece(r, -7, isdama=False), '-'], 'X', [None, '+'], 'X', [Piece(r, -3, isdama=False), '*'], 'X', [Piece(r, -11, isdama=False), '/'], 'X', 'X', [None, '+'], 'X', [None, '-'], 'X', [None, '/'], 'X', [None, '*'], [Piece(r, 4, isdama=False), '*'], 'X', [Piece(b, -9, isdama=False), '/'], 'X', [None, '-'], 'X', [Piece(b, 4, isdama=False), '+'], 'X', 'X', [None, '/'], 'X', [Piece(b, 10, isdama=False), '*'], 'X', [None, '+'], 'X', [None, '-'], [Piece(b, 0, isdama=False), '-'], 'X', [Piece(b, -3, isdama=False), '+'], 'X', [Piece(b, -5, isdama=False), '*'], 'X', [Piece(b, 2, isdama=False), '/'], 'X', 'X', [Piece(b, -11, isdama=False), '+'], 'X', [Piece(b, 8, isdama=False), '-'], 'X', [None, '/'], 'X', [None, '*']]","{""valid_moves"": [{""position"": [9, ""/""], ""piece"": [""red"", -5, false], ""destination"": [18]}, {""position"": [11, ""*""], ""piece"": [""red"", 10, false], ""destination"": [18]}, {""position"": [16, ""-""], ""piece"": [""red"", -7, false], ""destination"": [25]}, {""position"": [20, ""*""], ""piece"": [""red"", -3, false], ""destination"": [27, 29]}, {""position"": [22, ""/""], ""piece"": [""red"", -11, false], ""destination"": [29, 31]}, {""position"": [32, ""*""], ""piece"": [""red"", 4, false], ""destination"": [41]}]}","Piece(r, -5, isdama=False): [18]
Piece(r, 10, isdama=False): [18]
Piece(r, -7, isdama=False): [25]
Piece(r, -3, isdama=False): [27, 29]
Piece(r, -11, isdama=False): [29, 31]
Piece(r, 4, isdama=False): [41]"
"[[Piece(r, 2, isdama=False), '*'], 'X', [None, '/'], 'X', [None, '-'], 'X', [None, '+'], 'X', 'X', [Piece(r, -5, isdama=False), '/'], 'X', [Piece(r, 10, isdama=False), '*'], 'X', [Piece(r, 8, isdama=False), '+'], 'X', [Piece(r, 0, isdama=False), '-'], [Piece(r, -7, isdama=False), '-'], 'X', [None, '+'], 'X', [Piece(r, -3, isdama=False), '*'], 'X', [Piece(r, -11, isdama=False), '/'], 'X', 'X', [None, '+'], 'X', [None, '-'], 'X', [None, '/'], 'X', [None, '*'], [Piece(r, 4, isdama=False), '*'], 'X', [Piece(b, -9, isdama=False), '/'], 'X', [None, '-'], 'X', [Piece(b, 4, isdama=False), '+'], 'X', 'X', [None, '/'], 'X', [Piece(b, 10, isdama=False), '*'], 'X', [None, '+'], 'X', [None, '-'], [Piece(b, 0, isdama=False), '-'], 'X', [Piece(b, -3, isdama=False), '+'], 'X', [Piece(b, -5, isdama=False), '*'], 'X', [Piece(b, 2, isdama=False), '/'], 'X', 'X', [Piece(b, -11, isdama=False), '+'], 'X', [Piece(b, 8, isdama=False), '-'], 'X', [None, '/'], 'X', [None, '*']]","{""valid_moves"": [{""position"": [9, ""/""], ""piece"": [""red"", -5, false], ""destination"": [18]}, {""position"": [11, ""*""], ""piece"": [""red"", 10, false], ""destination"": [18]}, {""position"": [16, ""-""], ""piece"": [""red"", -7, false], ""destination"": [25]}, {""position"": [20, ""*""], ""piece"": [""red"", -3, false], ""destination"": [27, 29]}, {""position"": [22, ""/""], ""piece"": [""red"", -11, false], ""destination"": [29, 31]}, {""position"": [32, ""*""], ""piece"": [""red"", 4, false], ""destination"": [41]}]}","Piece(r, -5, isdama=False): [18]
Piece(r, 10, isdama=False): [18]
Piece(r, -7, isdama=False): [25]
Piece(r, -3, isdama=False): [27, 29]
Piece(r, -11, isdama=False): [29, 31]
Piece(r, 4, isdama=False): [41]"
"[[Piece(r, 2, isdama=False), '*'], 'X', [None, '/'], 'X', [None, '-'], 'X', [None, '+'], 'X', 'X', [Piece(r, -5, isdama=False), '/'], 'X', [Piece(r, 10, isdama=False), '*'], 'X', [Piece(r, 8, isdama=False), '+'], 'X', [Piece(r, 0, isdama=False), '-'], [Piece(r, -7, isdama=False), '-'], 'X', [None, '+'], 'X', [Piece(r, -3, isdama=False), '*'], 'X', [Piece(r, -11, isdama=False), '/'], 'X', 'X', [None, '+'], 'X', [None, '-'], 'X', [None, '/'], 'X', [None, '*'], [Piece(r, 4, isdama=False), '*'], 'X', [Piece(b, -9, isdama=False), '/'], 'X', [None, '-'], 'X', [Piece(b, 4, isdama=False), '+'], 'X', 'X', [None, '/'], 'X', [Piece(b, 10, isdama=False), '*'], 'X', [None, '+'], 'X', [None, '-'], [Piece(b, 0, isdama=False), '-'], 'X', [Piece(b, -3, isdama=False), '+'], 'X', [Piece(b, -5, isdama=False), '*'], 'X', [Piece(b, 2, isdama=False), '/'], 'X', 'X', [Piece(b, -11, isdama=False), '+'], 'X', [Piece(b, 8, isdama=False), '-'], 'X', [None, '/'], 'X', [None, '*']]","{""valid_moves"": [{""position"": [9, ""/""], ""piece"": [""red"", -5, false], ""destination"": [18]}, {""position"": [11, ""*""], ""piece"": [""red"", 10, false], ""destination"": [18]}, {""position"": [16, ""-""], ""piece"": [""red"", -7, false], ""destination"": [25]}, {""position"": [20, ""*""], ""piece"": [""red"", -3, false], ""destination"": [27, 29]}, {""position"": [22, ""/""], ""piece"": [""red"", -11, false], ""destination"": [29, 31]}, {""position"": [32, ""*""], ""piece"": [""red"", 4, false], ""destination"": [41]}]}","Piece(r, -5, isdama=False): [18]
Piece(r, 10, isdama=False): [18]
Piece(r, -7, isdama=False): [25]
Piece(r, -3, isdama=False): [27, 29]
Piece(r, -11, isdama=False): [29, 31]
Piece(r, 4, isdama=False): [41]"
"[[Piece(r, 2, isdama=False), '*'], 'X', [None, '/'], 'X', [None, '-'], 'X', [None, '+'], 'X', 'X', [Piece(r, -5, isdama=False), '/'], 'X', [Piece(r, 10, isdama=False), '*'], 'X', [Piece(r, 8, isdama=False), '+'], 'X', [Piece(r, 0, isdama=False), '-'], [Piece(r, -7, isdama=False), '-'], 'X', [None, '+'], 'X', [Piece(r, -3, isdama=False), '*'], 'X', [Piece(r, -11, isdama=False), '/'], 'X', 'X', [None, '+'], 'X', [None, '-'], 'X', [None, '/'], 'X', [None, '*'], [Piece(r, 4, isdama=False), '*'], 'X', [Piece(b, -9, isdama=False), '/'], 'X', [None, '-'], 'X', [Piece(b, 4, isdama=False), '+'], 'X', 'X', [None, '/'], 'X', [Piece(b, 10, isdama=False), '*'], 'X', [None, '+'], 'X', [None, '-'], [Piece(b, 0, isdama=False), '-'], 'X', [Piece(b, -3, isdama=False), '+'], 'X', [Piece(b, -5, isdama=False), '*'], 'X', [Piece(b, 2, isdama=False), '/'], 'X', 'X', [Piece(b, -11, isdama=False), '+'], 'X', [Piece(b, 8, isdama=False), '-'], 'X', [None, '/'], 'X', [None, '*']]","{""valid_moves"": [{""position"": [9, ""/""], ""piece"": [""red"", -5, false], ""destination"": [18]}, {""position"": [11, ""*""], ""piece"": [""red"", 10, false], ""destination"": [18]}, {""position"": [16, ""-""], ""piece"": [""red"", -7, false], ""destination"": [25]}, {""position"": [20, ""*""], ""piece"": [""red"", -3, false], ""destination"": [27, 29]}, {""position"": [22, ""/""], ""piece"": [""red"", -11, false], ""destination"": [29, 31]}, {""position"": [32, ""*""], ""piece"": [""red"", 4, false], ""destination"": [41]}]}","Piece(r, -5, isdama=False): [18]
Piece(r, 10, isdama=False): [18]
Piece(r, -7, isdama=False): [25]
Piece(r, -3, isdama=False): [27, 29]
Piece(r, -11, isdama=False): [29, 31]
Piece(r, 4, isdama=False): [41]"
"[[Piece(r, 2, isdama=False), '*'], 'X', [None, '/'], 'X', [None, '-'], 'X', [None, '+'], 'X', 'X', [Piece(r, -5, isdama=False), '/'], 'X', [Piece(r, 10, isdama=False), '*'], 'X', [Piece(r, 8, isdama=False), '+'], 'X', [Piece(r, 0, isdama=False), '-'], [Piece(r, -7, isdama=False), '-'], 'X', [None, '+'], 'X', [Piece(r, -3, isdama=False), '*'], 'X', [None, '/'], 'X', 'X', [None, '+'], 'X', [None, '-'], 'X', [Piece(r, -11, isdama=False), '/'], 'X', [None, '*'], [Piece(r, 4, isdama=False), '*'], 'X', [Piece(b, -9, isdama=False), '/'], 'X', [Piece(b, 10, isdama=False), '-'], 'X', [Piece(b, 4, isdama=False), '+'], 'X', 'X', [None, '/'], 'X', [None, '*'], 'X', [None, '+'], 'X', [None, '-'], [Piece(b, 0, isdama=False), '-'], 'X', [Piece(b, -3, isdama=False), '+'], 'X', [Piece(b, -5, isdama=False), '*'], 'X', [Piece(b, 2, isdama=False), '/'], 'X', 'X', [Piece(b, -11, isdama=False), '+'], 'X', [Piece(b, 8, isdama=False), '-'], 'X', [None, '/'], 'X', [None, '*']]","{""valid_moves"": [{""position"": [29, ""/""], ""piece"": [""red"", -11, false], ""destination"": [43, 47]}]}","Piece(r, -11, isdama=False): [43, 47]"
"[[Piece(r, 2, isdama=False), '*'], 'X', [None, '/'], 'X', [None, '-'], 'X', [None, '+'], 'X', 'X', [Piece(r, -5, isdama=False), '/'], 'X', [Piece(r, 10, isdama=False), '*'], 'X', [Piece(r, 8, isdama=False), '+'], 'X', [Piece(r, 0, isdama=False), '-'], [Piece(r, -7, isdama=False), '-'], 'X', [None, '+'], 'X', [Piece(r, -3, isdama=False), '*'], 'X', [None, '/'], 'X', 'X', [None, '+'], 'X', [None, '-'], 'X', [Piece(r, -11, isdama=False), '/'], 'X', [None, '*'], [Piece(r, 4, isdama=False), '*'], 'X', [Piece(b, -9, isdama=False), '/'], 'X', [Piece(b, 10, isdama=False), '-'], 'X', [Piece(b, 4, isdama=False), '+'], 'X', 'X', [None, '/'], 'X', [None, '*'], 'X', [None, '+'], 'X', [None, '-'], [Piece(b, 0, isdama=False), '-'], 'X', [Piece(b, -3, isdama=False), '+'], 'X', [Piece(b, -5, isdama=False), '*'], 'X', [Piece(b, 2, isdama=False), '/'], 'X', 'X', [Piece(b, -11, isdama=False), '+'], 'X', [Piece(b, 8, isdama=False), '-'], 'X', [None, '/'], 'X', [None, '*']]","{""valid_moves"": [{""position"": [29, ""/""], ""piece"": [""red"", -11, false], ""destination"": [43, 47]}]}","Piece(r, -11, isdama=False): [43, 47]"
"[[Piece(r, 2, isdama=False), '*'], 'X', [None, '/'], 'X', [None, '-'], 'X', [None, '+'], 'X', 'X', [Piece(r, -5, isdama=False), '/'], 'X', [Piece(r, 10, isdama=False), '*'], 'X', [Piece(r, 8, isdama=False), '+'], 'X', [Piece(r, 0, isdama=False), '-'], [Piece(r, -7, isdama=False), '-'], 'X', [None, '+'], 'X', [Piece(r, -3, isdama=False), '*'], 'X', [None, '/'], 'X', 'X', [None, '+'], 'X', [None, '-'], 'X', [None, '/'], 'X', [None, '*'], [Piece(r, 4, isdama=False), '*'], 'X', [Piece(b, -9, isdama=False), '/'], 'X', [None, '-'], 'X', [Piece(b, 4, isdama=False), '+'], 'X', 'X', [None, '/'], 'X', [Piece(r, -11, isdama=False), '*'], 'X', [None, '+'], 'X', [None, '-'], [Piece(b, 0, isdama=False), '-'], 'X', [Piece(b, -3, isdama=False), '+'], 'X', [Piece(b, -5, isdama=False), '*'], 'X', [Piece(b, 2, isdama=False), '/'], 'X', 'X', [Piece(b, -11, isdama=False), '+'], 'X', [Piece(b, 8, isdama=False), '-'], 'X', [None, '/'], 'X', [None, '*']]","{""valid_moves"": [{""position"": [43, ""*""], ""piece"": [""red"", -11, false], ""destination"": [61, 25]}]}","Piece(r, -11, isdama=False): [61, 25]"
"[[Piece(r, 2, isdama=False), '*'], 'X', [None, '/'], 'X', [None, '-'], 'X', [None, '+'], 'X', 'X', [Piece(r, -5, isdama=False), '/'], 'X', [Piece(r, 10, isdama=False), '*'], 'X', [Piece(r, 8, isdama=False), '+'], 'X', [Piece(r, 0, isdama=False), '-'], [Piece(r, -7, isdama=False), '-'], 'X', [None, '+'], 'X', [Piece(r, -3, isdama=False), '*'], 'X', [None, '/'], 'X', 'X', [None, '+'], 'X', [None, '-'], 'X', [None, '/'], 'X', [None, '*'], [Piece(r, 4, isdama=False), '*'], 'X', [Piece(b, -9, isdama=False), '/'], 'X', [None, '-'], 'X', [Piece(b, 4, isdama=False), '+'], 'X', 'X', [None, '/'], 'X', [Piece(r, -11, isdama=False), '*'], 'X', [None, '+'], 'X', [None, '-'], [Piece(b, 0, isdama=False), '-'], 'X', [Piece(b, -3, isdama=False), '+'], 'X', [Piece(b, -5, isdama=False), '*'], 'X', [Piece(b, 2, isdama=False), '/'], 'X', 'X', [Piece(b, -11, isdama=False), '+'], 'X', [Piece(b, 8, isdama=False), '-'], 'X', [None, '/'], 'X', [None, '*']]","{""valid_moves"": [{""position"": [43, ""*""], ""piece"": [""red"", -11, false], ""destination"": [61, 25]}]}","Piece(r, -11, isdama=False): [61, 25]"
"[[Piece(r, 2, isdama=False), '*'], 'X', [None, '/'], 'X', [None, '-'], 'X', [None, '+'], 'X', 'X', [Piece(r, -5, isdama=False), '/'], 'X', [Piece(r, 10, isdama=False), '*'], 'X', [Piece(r, 8, isdama=False), '+'], 'X', [Piece(r, 0, isdama=False), '-'], [Piece(r, -7, isdama=False), '-'], 'X', [None, '+'], 'X', [Piece(r, -3, isdama=False), '*'], 'X', [None, '/'], 'X', 'X', [None, '+'], 'X', [None, '-'], 'X', [None, '/'], 'X', [None, '*'], [Piece(r, 4, isdama=False), '*'], 'X', [Piece(b, -9, isdama=False), '/'], 'X', [Piece(b, -3, isdama=False), '-'], 'X', [Piece(b, 4, isdama=False), '+'], 'X', 'X', [None, '/'], 'X', [None, '*'], 'X', [None, '+'], 'X', [None, '-'], [Piece(b, 0, isdama=False), '-'], 'X', [None, '+'], 'X', [Piece(b, -5, isdama=False), '*'], 'X', [Piece(b, 2, isdama=False), '/'], 'X', 'X', [Piece(b, -11, isdama=False), '+'], 'X', [Piece(b, 8, isdama=False), '-'], 'X', [None, '/'], 'X', [None, '*']]","{""valid_moves"": [{""position"": [9, ""/""], ""piece"": [""red"", -5, false], ""destination"": [18]}, {""position"": [11, ""*""], ""piece"": [""red"", 10, false], ""destination"": [18]}, {""position"": [13, ""+""], ""piece"": [""red"", 8, false], ""destination"": [22]}, {""position"": [15, ""-""], ""piece"": [""red"", 0, false], ""destination"": [22]}, {""position"": [16, ""-""], ""piece"": [""red"", -7, false], ""destination"": [25]}, {""position"": [20, ""*""], ""piece"": [""red"", -3, false], ""destination"": [27, 29]}, {""position"": [32, ""*""], ""piece"": [""red"", 4, false], ""destination"": [41]}]}","Piece(r, -5, isdama=False): [18]
Piece(r, 10, isdama=False): [18]
Piece(r, 8, isdama=False): [22]
Piece(r, 0, isdama=False): [22]
Piece(r, -7, isdama=False): [25]
Piece(r, -3, isdama=False): [27, 29]
Piece(r, 4, isdama=False): [41]"
"[[Piece(r, 2, isdama=False), '*'], 'X', [None, '/'], 'X', [None, '-'], 'X', [None, '+'], 'X', 'X', [Piece(r, -5, isdama=False), '/'], 'X', [Piece(r, 10, isdama=False), '*'], 'X', [Piece(r, 8, isdama=False), '+'], 'X', [Piece(r, 0, isdama=False), '-'], [Piece(r, -7, isdama=False), '-'], 'X', [None, '+'], 'X', [Piece(r, -3, isdama=False), '*'], 'X', [None, '/'], 'X', 'X', [None, '+'], 'X', [None, '-'], 'X', [None, '/'], 'X', [None, '*'], [Piece(r, 4, isdama=False), '*'], 'X', [Piece(b, -9, isdama=False), '/'], 'X', [Piece(b, -3, isdama=False), '-'], 'X', [Piece(b, 4, isdama=False), '+'], 'X', 'X', [None, '/'], 'X', [None, '*'], 'X', [None, '+'], 'X', [None, '-'], [Piece(b, 0, isdama=False), '-'], 'X', [None, '+'], 'X', [Piece(b, -5, isdama=False), '*'], 'X', [Piece(b, 2, isdama=False), '/'], 'X', 'X', [Piece(b, -11, isdama=False), '+'], 'X', [Piece(b, 8, isdama=False), '-'], 'X', [None, '/'], 'X', [None, '*']]","{""valid_moves"": [{""position"": [9, ""/""], ""piece"": [""red"", -5, false], ""destination"": [18]}, {""position"": [11, ""*""], ""piece"": [""red"", 10, false], ""destination"": [18]}, {""position"": [13, ""+""], ""piece"": [""red"", 8, false], ""destination"": [22]}, {""position"": [15, ""-""], ""piece"": [""red"", 0, false], ""destination"": [22]}, {""position"": [16, ""-""], ""piece"": [""red"", -7, false], ""destination"": [25]}, {""position"": [20, ""*""], ""piece"": [""red"", -3, false], ""destination"": [27, 29]}, {""position"": [32, ""*""], ""piece"": [""red"", 4, false], ""destination"": [41]}]}","Piece(r, -5, isdama=False): [18]
Piece(r, 10, isdama=False): [18]
Piece(r, 8, isdama=False): [22]
Piece(r, 0, isdama=False): [22]
Piece(r, -7, isdama=False): [25]
Piece(r, -3, isdama=False): [27, 29]
Piece(r, 4, isdama=False): [41]"
"[[Piece(r, 2, isdama=False), '*'], 'X', [None, '/'], 'X', [None, '-'], 'X', [None, '+'], 'X', 'X', [Piece(r, -5, isdama=False), '/'], 'X', [Piece(r, 10, isdama=False), '*'], 'X', [Piece(r, 8, isdama=False), '+'], 'X', [Piece(r, 0, isdama=False), '-'], [Piece(r, -7, isdama=False), '-'], 'X', [None, '+'], 'X', [Piece(r, -3, isdama=False), '*'], 'X', [None, '/'], 'X', 'X', [None, '+'], 'X', [None, '-'], 'X', [None, '/'], 'X', [None, '*'], [Piece(r, 4, isdama=False), '*'], 'X', [Piece(b, -9, isdama=False), '/'], 'X', [Piece(b, -3, isdama=False), '-'], 'X', [Piece(b, 4, isdama=False), '+'], 'X', 'X', [None, '/'], 'X', [None, '*'], 'X', [None, '+'], 'X', [None, '-'], [Piece(b, 0, isdama=False), '-'], 'X', [None, '+'], 'X', [Piece(b, -5, isdama=False), '*'], 'X', [Piece(b, 2, isdama=False), '/'], 'X', 'X', [Piece(b, -11, isdama=False), '+'], 'X', [Piece(b, 8, isdama=False), '-'], 'X', [None, '/'], 'X', [None, '*']]","{""valid_moves"": [{""position"": [9, ""/""], ""piece"": [""red"", -5, false], ""destination"": [18]}, {""position"": [11, ""*""], ""piece"": [""red"", 10, false], ""destination"": [18]}, {""position"": [13, ""+""], ""piece"": [""red"", 8, false], ""destination"": [22]}, {""position"": [15, ""-""], ""piece"": [""red"", 0, false], ""destination"": [22]}, {""position"": [16, ""-""], ""piece"": [""red"", -7, false], ""destination"": [25]}, {""position"": [20, ""*""], ""piece"": [""red"", -3, false], ""destination"": [27, 29]}, {""position"": [32, ""*""], ""piece"": [""red"", 4, false], ""destination"": [41]}]}","Piece(r, -5, isdama=False): [18]
Piece(r, 10, isdama=False): [18]
Piece(r, 8, isdama=False): [22]
Piece(r, 0, isdama=False): [22]
Piece(r, -7, isdama=False): [25]
Piece(r, -3, isdama=False): [27, 29]
Piece(r, 4, isdama=False): [41]"
"[[Piece(r, 2, isdama=False), '*'], 'X', [None, '/'], 'X', [None, '-'], 'X', [None, '+'], 'X', 'X', [Piece(r, -5, isdama=False), '/'], 'X', [Piece(r, 10, isdama=False), '*'], 'X', [Piece(r, 8, isdama=False), '+'], 'X', [Piece(r, 0, isdama=False), '-'], [Piece(r, -7, isdama=False), '-'], 'X', [None, '+'], 'X', [Piece(r, -3, isdama=False), '*'], 'X', [None, '/'], 'X', 'X', [None, '+'], 'X', [None, '-'], 'X', [None, '/'], 'X', [None, '*'], [Piece(r, 4, isdama=False), '*'], 'X', [Piece(b, -9, isdama=False), '/'], 'X', [Piece(b, -3, isdama=False), '-'], 'X', [Piece(b, 4, isdama=False), '+'], 'X', 'X', [None, '/'], 'X', [None, '*'], 'X', [None, '+'], 'X', [None, '-'], [Piece(b, 0, isdama=False), '-'], 'X', [None, '+'], 'X', [Piece(b, -5, isdama=False), '*'], 'X', [Piece(b, 2, isdama=False), '/'], 'X', 'X', [Piece(b, -11, isdama=False), '+'], 'X', [Piece(b, 8, isdama=False), '-'], 'X', [None, '/'], 'X', [None, '*']]","{""valid_moves"": [{""position"": [9, ""/""], ""piece"": [""red"", -5, false], ""destination"": [18]}, {""position"": [11, ""*""], ""piece"": [""red"", 10, false], ""destination"": [18]}, {""position"": [13, ""+""], ""piece"": [""red"", 8, false], ""destination"": [22]}, {""position"": [15, ""-""], ""piece"": [""red"", 0, false], ""destination"": [22]}, {""position"": [16, ""-""], ""piece"": [""red"", -7, false], ""destination"": [25]}, {""position"": [20, ""*""], ""piece"": [""red"", -3, false], ""destination"": [27, 29]}, {""position"": [32, ""*""], ""piece"": [""red"", 4, false], ""destination"": [41]}]}","Piece(r, -5, isdama=False): [18]
Piece(r, 10, isdama=False): [18]
Piece(r, 8, isdama=False): [22]
Piece(r, 0, isdama=False): [22]
Piece(r, -7, isdama=False): [25]
Piece(r, -3, isdama=False): [27, 29]
Piece(r, 4, isdama=False): [41]"
"[[Piece(r, 2, isdama=False), '*'], 'X', [None, '/'], 'X', [None, '-'], 'X', [None, '+'], 'X', 'X', [Piece(r, -5, isdama=False), '/'], 'X', [Piece(r, 10, isdama=False), '*'], 'X', [Piece(r, 8, isdama=False), '+'], 'X', [Piece(r, 0, isdama=False), '-'], [Piece(r, -7, isdama=False), '-'], 'X', [None, '+'], 'X', [Piece(r, -3, isdama=False), '*'], 'X', [None, '/'], 'X', 'X', [None, '+'], 'X', [None, '-'], 'X', [None, '/'], 'X', [None, '*'], [Piece(r, 4, isdama=False), '*'], 'X', [Piece(b, -9, isdama=False), '/'], 'X', [Piece(b, -3, isdama=False), '-'], 'X', [Piece(b, 4, isdama=False), '+'], 'X', 'X', [None, '/'], 'X', [None, '*'], 'X', [None, '+'], 'X', [None, '-'], [Piece(b, 0, isdama=False), '-'], 'X', [None, '+'], 'X', [Piece(b, -5, isdama=False), '*'], 'X', [Piece(b, 2, isdama=False), '/'], 'X', 'X', [Piece(b, -11, isdama=False), '+'], 'X', [Piece(b, 8, isdama=False), '-'], 'X', [None, '/'], 'X', [None, '*']]","{""valid_moves"": [{""position"": [9, ""/""], ""piece"": [""red"", -5, false], ""destination"": [18]}, {""position"": [11, ""*""], ""piece"": [""red"", 10, false], ""destination"": [18]}, {""position"": [13, ""+""], ""piece"": [""red"", 8, false], ""destination"": [22]}, {""position"": [15, ""-""], ""piece"": [""red"", 0, false], ""destination"": [22]}, {""position"": [16, ""-""], ""piece"": [""red"", -7, false], ""destination"": [25]}, {""position"": [20, ""*""], ""piece"": [""red"", -3, false], ""destination"": [27, 29]}, {""position"": [32, ""*""], ""piece"": [""red"", 4, false], ""destination"": [41]}]}","Piece(r, -5, isdama=False): [18]
Piece(r, 10, isdama=False): [18]
Piece(r, 8, isdama=False): [22]
Piece(r, 0, isdama=False): [22]
Piece(r, -7, isdama=False): [25]
Piece(r, -3, isdama=False): [27, 29]
Piece(r, 4, isdama=False): [41]"
"[[Piece(r, 2, isdama=False), '*'], 'X', [None, '/'], 'X', [None, '-'], 'X', [None, '+'], 'X', 'X', [Piece(r, -5, isdama=False), '/'], 'X', [Piece(r, 10, isdama=False), '*'], 'X', [Piece(r, 8, isdama=False), '+'], 'X', [Piece(r, 0, isdama=False), '-'], [Piece(r, -7, isdama=False), '-'], 'X', [None, '+'], 'X', [Piece(r, -3, isdama=False), '*'], 'X', [None, '/'], 'X', 'X', [None, '+'], 'X', [None, '-'], 'X', [None, '/'], 'X', [None, '*'], [Piece(r, 4, isdama=False), '*'], 'X', [Piece(b, -9, isdama=False), '/'], 'X', [Piece(b, -3, isdama=False), '-'], 'X', [Piece(b, 4, isdama=False), '+'], 'X', 'X', [None, '/'], 'X', [None, '*'], 'X', [None, '+'], 'X', [None, '-'], [Piece(b, 0, isdama=False), '-'], 'X', [None, '+'], 'X', [Piece(b, -5, isdama=False), '*'], 'X', [Piece(b, 2, isdama=False), '/'], 'X', 'X', [Piece(b, -11, isdama=False), '+'], 'X', [Piece(b, 8, isdama=False), '-'], 'X', [None, '/'], 'X', [None, '*']]","{""valid_moves"": [{""position"": [9, ""/""], ""piece"": [""red"", -5, false], ""destination"": [18]}, {""position"": [11, ""*""], ""piece"": [""red"", 10, false], ""destination"": [18]}, {""position"": [13, ""+""], ""piece"": [""red"", 8, false], ""destination"": [22]}, {""position"": [15, ""-""], ""piece"": [""red"", 0, false], ""destination"": [22]}, {""position"": [16, ""-""], ""piece"": [""red"", -7, false], ""destination"": [25]}, {""position"": [20, ""*""], ""piece"": [""red"", -3, false], ""destination"": [27, 29]}, {""position"": [32, ""*""], ""piece"": [""red"", 4, false], ""destination"": [41]}]}","Piece(r, -5, isdama=False): [18]
Piece(r, 10, isdama=False): [18]
Piece(r, 8, isdama=False): [22]
Piece(r, 0, isdama=False): [22]
Piece(r, -7, isdama=False): [25]
Piece(r, -3, isdama=False): [27, 29]
Piece(r, 4, isdama=False): [41]"
"[[Piece(r, 2, isdama=False), '*'], 'X', [None, '/'], 'X', [None, '-'], 'X', [None, '+'], 'X', 'X', [Piece(r, -5, isdama=False), '/'], 'X', [Piece(r, 10, isdama=False), '*'], 'X', [Piece(r, 8, isdama=False), '+'], 'X', [Piece(r, 0, isdama=False), '-'], [Piece(r, -7, isdama=False), '-'], 'X', [None, '+'], 'X', [Piece(r, -3, isdama=False), '*'], 'X', [None, '/'], 'X', 'X', [None, '+'], 'X', [None, '-'], 'X', [None, '/'], 'X', [None, '*'], [Piece(r, 4, isdama=False), '*'], 'X', [Piece(b, -9, isdama=False), '/'], 'X', [Piece(b, -3, isdama=False), '-'], 'X', [Piece(b, 4, isdama=False), '+'], 'X', 'X', [None, '/'], 'X', [None, '*'], 'X', [None, '+'], 'X', [None, '-'], [Piece(b, 0, isdama=False), '-'], 'X', [None, '+'], 'X', [Piece(b, -5, isdama=False), '*'], 'X', [Piece(b, 2, isdama=False), '/'], 'X', 'X', [Piece(b, -11, isdama=False), '+'], 'X', [Piece(b, 8, isdama=False), '-'], 'X', [None, '/'], 'X', [None, '*']]","{""valid_moves"": [{""position"": [9, ""/""], ""piece"": [""red"", -5, false], ""destination"": [18]}, {""position"": [11, ""*""], ""piece"": [""red"", 10, false], ""destination"": [18]}, {""position"": [13, ""+""], ""piece"": [""red"", 8, false], ""destination"": [22]}, {""position"": [15, ""-""], ""piece"": [""red"", 0, false], ""destination"": [22]}, {""position"": [16, ""-""], ""piece"": [""red"", -7, false], ""destination"": [25]}, {""position"": [20, ""*""], ""piece"": [""red"", -3, false], ""destination"": [27, 29]}, {""position"": [32, ""*""], ""piece"": [""red"", 4, false], ""destination"": [41]}]}","Piece(r, -5, isdama=False): [18]
Piece(r, 10, isdama=False): [18]
Piece(r, 8, isdama=False): [22]
Piece(r, 0, isdama=False): [22]
Piece(r, -7, isdama=False): [25]
Piece(r, -3, isdama=False): [27, 29]
Piece(r, 4, isdama=False): [41]"
"[[Piece(r, 2, isdama=False), '*'], 'X', [None, '/'], 'X', [None, '-'], 'X', [None, '+'], 'X', 'X', [Piece(r, -5, isdama=False), '/'], 'X', [Piece(r, 10, isdama=False), '*'], 'X', [Piece(r, 8, isdama=False), '+'], 'X', [Piece(r, 0, isdama=False), '-'], [Piece(r, -7, isdama=False), '-'], 'X', [None, '+'], 'X', [Piece(r, -3, isdama=False), '*'], 'X', [None, '/'], 'X', 'X', [None, '+'], 'X', [None, '-'], 'X', [None, '/'], 'X', [None, '*'], [Piece(r, 4, isdama=False), '*'], 'X', [Piece(b, -9, isdama=False), '/'], 'X', [Piece(b, -3, isdama=False), '-'], 'X', [Piece(b, 4, isdama=False), '+'], 'X', 'X', [None, '/'], 'X', [None, '*'], 'X', [None, '+'], 'X', [None, '-'], [Piece(b, 0, isdama=False), '-'], 'X', [None, '+'], 'X', [Piece(b, -5, isdama=False), '*'], 'X', [Piece(b, 2, isdama=False), '/'], 'X', 'X', [Piece(b, -11, isdama=False), '+'], 'X', [Piece(b, 8, isdama=False), '-'], 'X', [None, '/'], 'X', [None, '*']]","{""valid_moves"": [{""position"": [9, ""/""], ""piece"": [""red"", -5, false], ""destination"": [18]}, {""position"": [11, ""*""], ""piece"": [""red"", 10, false], ""destination"": [18]}, {""position"": [13, ""+""], ""piece"": [""red"", 8, false], ""destination"": [22]}, {""position"": [15, ""-""], ""piece"": [""red"", 0, false], ""destination"": [22]}, {""position"": [16, ""-""], ""piece"": [""red"", -7, false], ""destination"": [25]}, {""position"": [20, ""*""], ""piece"": [""red"", -3, false], ""destination"": [27, 29]}, {""position"": [32, ""*""], ""piece"": [""red"", 4, false], ""destination"": [41]}]}","Piece(r, -5, isdama=False): [18]
Piece(r, 10, isdama=False): [18]
Piece(r, 8, isdama=False): [22]
Piece(r, 0, isdama=False): [22]
Piece(r, -7, isdama=False): [25]
Piece(r, -3, isdama=False): [27, 29]
Piece(r, 4, isdama=False): [41]"
"[[Piece(r, 2, isdama=False), '*'], 'X', [None, '/'], 'X', [None, '-'], 'X', [None, '+'], 'X', 'X', [None, '/'], 'X', [Piece(r, 10, isdama=False), '*'], 'X', [Piece(r, 8, isdama=False), '+'], 'X', [Piece(r, 0, isdama=False), '-'], [Piece(r, -7, isdama=False), '-'], 'X', [Piece(r, -5, isdama=False), '+'], 'X', [Piece(r, -3, isdama=False), '*'], 'X', [None, '/'], 'X', 'X', [Piece(b, -9, isdama=False), '+'], 'X', [None, '-'], 'X', [None, '/'], 'X', [None, '*'], [Piece(r, 4, isdama=False), '*'], 'X', [None, '/'], 'X', [Piece(b, -3, isdama=False), '-'], 'X', [Piece(b, 4, isdama=False), '+'], 'X', 'X', [None, '/'], 'X', [None, '*'], 'X', [None, '+'], 'X', [None, '-'], [Piece(b, 0, isdama=False), '-'], 'X', [None, '+'], 'X', [Piece(b, -5, isdama=False), '*'], 'X', [Piece(b, 2, isdama=False), '/'], 'X', 'X', [Piece(b, -11, isdama=False), '+'], 'X', [Piece(b, 8, isdama=False), '-'], 'X', [None, '/'], 'X', [None, '*']]","{""valid_moves"": [{""position"": [16, ""-""], ""piece"": [""red"", -7, false], ""destination"": [34]}]}","Piece(r, -7, isdama=False): [34]"
"[[Piece(r, 2, isdama=False), '*'], 'X', [None, '/'], 'X', [None, '-'], 'X', [None, '+'], 'X', 'X', [None, '/'], 'X', [Piece(r, 10, isdama=False), '*'], 'X', [Piece(r, 8, isdama=False), '+'], 'X', [Piece(r, 0, isdama=False), '-'], [None, '-'], 'X', [Piece(r, -5, isdama=False), '+'], 'X', [Piece(r, -3, isdama=False), '*'], 'X', [None, '/'], 'X', 'X', [None, '+'], 'X', [None, '-'], 'X', [None, '/'], 'X', [Piece(b, 4, isdama=False), '*'], [Piece(r, 4, isdama=False), '*'], 'X', [Piece(r, -7, isdama=False), '/'], 'X', [Piece(b, -3, isdama=False), '-'], 'X', [None, '+'], 'X', 'X', [None, '/'], 'X', [None, '*'], 'X', [None, '+'], 'X', [None, '-'], [Piece(b, 0, isdama=False), '-'], 'X', [None, '+'], 'X', [Piece(b, -5, isdama=False), '*'], 'X', [Piece(b, 2, isdama=False), '/'], 'X', 'X', [Piece(b, -11, isdama=False), '+'], 'X', [Piece(b, 8, isdama=False), '-'], 'X', [None, '/'], 'X', [None, '*']]","{""valid_moves"": [{""position"": [0, ""*""], ""piece"": [""red"", 2, false], ""destination"": [9]}, {""position"": [13, ""+""], ""piece"": [""red"", 8, false], ""destination"": [22]}, {""position"": [15, ""-""], ""piece"": [""red"", 0, false], ""destination"": [22]}, {""position"": [18, ""+""], ""piece"": [""red"", -5, false], ""destination"": [25, 27]}, {""position"": [20, ""*""], ""piece"": [""red"", -3, false], ""destination"": [27, 29]}, {""position"": [32, ""*""], ""piece"": [""red"", 4, false], ""destination"": [41]}, {""position"": [34, ""/""], ""piece"": [""red"", -7, false], ""destination"": [41, 43]}]}","Piece(r, 2, isdama=False): [9]
Piece(r, 8, isdama=False): [22]
Piece(r, 0, isdama=False): [22]
Piece(r, -5, isdama=False): [25, 27]
Piece(r, -3, isdama=False): [27, 29]
Piece(r, 4, isdama=False): [41]
Piece(r, -7, isdama=False): [41, 43]"
"[[Piece(r, 2, isdama=False), '*'], 'X', [None, '/'], 'X', [None, '-'], 'X', [None, '+'], 'X', 'X', [None, '/'], 'X', [Piece(r, 10, isdama=False), '*'], 'X', [Piece(r, 8, isdama=False), '+'], 'X', [Piece(r, 0, isdama=False), '-'], [None, '-'], 'X', [Piece(r, -5, isdama=False), '+'], 'X', [Piece(r, -3, isdama=False), '*'], 'X', [None, '/'], 'X', 'X', [None, '+'], 'X', [None, '-'], 'X', [None, '/'], 'X', [Piece(b, 4, isdama=False), '*'], [Piece(r, 4, isdama=False), '*'], 'X', [Piece(r, -7, isdama=False), '/'], 'X', [Piece(b, -3, isdama=False), '-'], 'X', [None, '+'], 'X', 'X', [None, '/'], 'X', [None, '*'], 'X', [None, '+'], 'X', [None, '-'], [Piece(b, 0, isdama=False), '-'], 'X', [None, '+'], 'X', [Piece(b, -5, isdama=False), '*'], 'X', [Piece(b, 2, isdama=False), '/'], 'X', 'X', [Piece(b, -11, isdama=False), '+'], 'X', [Piece(b, 8, isdama=False), '-'], 'X', [None, '/'], 'X', [None, '*']]","{""valid_moves"": [{""position"": [0, ""*""], ""piece"": [""red"", 2, false], ""destination"": [9]}, {""position"": [13, ""+""], ""piece"": [""red"", 8, false], ""destination"": [22]}, {""position"": [15, ""-""], ""piece"": [""red"", 0, false], ""destination"": [22]}, {""position"": [18, ""+""], ""piece"": [""red"", -5, false], ""destination"": [25, 27]}, {""position"": [20, ""*""], ""piece"": [""red"", -3, false], ""destination"": [27, 29]}, {""position"": [32, ""*""], ""piece"": [""red"", 4, false], ""destination"": [41]}, {""position"": [34, ""/""], ""piece"": [""red"", -7, false], ""destination"": [41, 43]}]}","Piece(r, 2, isdama=False): [9]
Piece(r, 8, isdama=False): [22]
Piece(r, 0, isdama=False): [22]
Piece(r, -5, isdama=False): [25, 27]
Piece(r, -3, isdama=False): [27, 29]
Piece(r, 4, isdama=False): [41]
Piece(r, -7, isdama=False): [41, 43]"
"[[Piece(r, 2, isdama=False), '*'], 'X', [None, '/'], 'X', [None, '-'], 'X', [None, '+'], 'X', 'X', [None, '/'], 'X', [Piece(r, 10, isdama=False), '*'], 'X', [Piece(r, 8, isdama=False), '+'], 'X', [Piece(r, 0, isdama=False), '-'], [None, '-'], 'X', [Piece(r, -5, isdama=False), '+'], 'X', [Piece(r, -3, isdama=False), '*'], 'X', [None, '/'], 'X', 'X', [None, '+'], 'X', [None, '-'], 'X', [None, '/'], 'X', [Piece(b, 4, isdama=False), '*'], [Piece(r, 4, isdama=False), '*'], 'X', [Piece(r, -7, isdama=False), '/'], 'X', [Piece(b, -3, isdama=False), '-'], 'X', [None, '+'], 'X', 'X', [None, '/'], 'X', [None, '*'], 'X', [None, '+'], 'X', [None, '-'], [Piece(b, 0, isdama=False), '-'], 'X', [None, '+'], 'X', [Piece(b, -5, isdama=False), '*'], 'X', [Piece(b, 2, isdama=False), '/'], 'X', 'X', [Piece(b, -11, isdama=False), '+'], 'X', [Piece(b, 8, isdama=False), '-'], 'X', [None, '/'], 'X', [None, '*']]","{""valid_moves"": [{""position"": [0, ""*""], ""piece"": [""red"", 2, false], ""destination"": [9]}, {""position"": [13, ""+""], ""piece"": [""red"", 8, false], ""destination"": [22]}, {""position"": [15, ""-""], ""piece"": [""red"", 0, false], ""destination"": [22]}, {""position"": [18, ""+""], ""piece"": [""red"", -5, false], ""destination"": [25, 27]}, {""position"": [20, ""*""], ""piece"": [""red"", -3, false], ""destination"": [27, 29]}, {""position"": [32, ""*""], ""piece"": [""red"", 4, false], ""destination"": [41]}, {""position"": [34, ""/""], ""piece"": [""red"", -7, false], ""destination"": [41, 43]}]}","Piece(r, 2, isdama=False): [9]
Piece(r, 8, isdama=False): [22]
Piece(r, 0, isdama=False): [22]
Piece(r, -5, isdama=False): [25, 27]
Piece(r, -3, isdama=False): [27, 29]
Piece(r, 4, isdama=False): [41]
Piece(r, -7, isdama=False): [41, 43]"
"[[Piece(r, 2, isdama=False), '*'], 'X', [None, '/'], 'X', [None, '-'], 'X', [None, '+'], 'X', 'X', [None, '/'], 'X', [Piece(r, 10, isdama=False), '*'], 'X', [Piece(r, 8, isdama=False), '+'], 'X', [Piece(r, 0, isdama=False), '-'], [None, '-'], 'X', [Piece(r, -5, isdama=False), '+'], 'X', [Piece(r, -3, isdama=False), '*'], 'X', [None, '/'], 'X', 'X', [None, '+'], 'X', [None, '-'], 'X', [None, '/'], 'X', [Piece(b, 4, isdama=False), '*'], [Piece(r, 4, isdama=False), '*'], 'X', [Piece(r, -7, isdama=False), '/'], 'X', [Piece(b, -3, isdama=False), '-'], 'X', [None, '+'], 'X', 'X', [None, '/'], 'X', [None, '*'], 'X', [None, '+'], 'X', [None, '-'], [Piece(b, 0, isdama=False), '-'], 'X', [None, '+'], 'X', [Piece(b, -5, isdama=False), '*'], 'X', [Piece(b, 2, isdama=False), '/'], 'X', 'X', [Piece(b, -11, isdama=False), '+'], 'X', [Piece(b, 8, isdama=False), '-'], 'X', [None, '/'], 'X', [None, '*']]","{""valid_moves"": [{""position"": [0, ""*""], ""piece"": [""red"", 2, false], ""destination"": [9]}, {""position"": [13, ""+""], ""piece"": [""red"", 8, false], ""destination"": [22]}, {""position"": [15, ""-""], ""piece"": [""red"", 0, false], ""destination"": [22]}, {""position"": [18, ""+""], ""piece"": [""red"", -5, false], ""destination"": [25, 27]}, {""position"": [20, ""*""], ""piece"": [""red"", -3, false], ""destination"": [27, 29]}, {""position"": [32, ""*""], ""piece"": [""red"", 4, false], ""destination"": [41]}, {""position"": [34, ""/""], ""piece"": [""red"", -7, false], ""destination"": [41, 43]}]}","Piece(r, 2, isdama=False): [9]
Piece(r, 8, isdama=False): [22]
Piece(r, 0, isdama=False): [22]
Piece(r, -5, isdama=False): [25, 27]
Piece(r, -3, isdama=False): [27, 29]
Piece(r, 4, isdama=False): [41]
Piece(r, -7, isdama=False): [41, 43]"
"[[Piece(r, 2, isdama=False), '*'], 'X', [None, '/'], 'X', [None, '-'], 'X', [None, '+'], 'X', 'X', [None, '/'], 'X', [Piece(r, 10, isdama=False), '*'], 'X', [Piece(r, 8, isdama=False), '+'], 'X', [Piece(r, 0, isdama=False), '-'], [None, '-'], 'X', [Piece(r, -5, isdama=False), '+'], 'X', [Piece(r, -3, isdama=False), '*'], 'X', [None, '/'], 'X', 'X', [None, '+'], 'X', [None, '-'], 'X', [None, '/'], 'X', [Piece(b, 4, isdama=False), '*'], [Piece(r, 4, isdama=False), '*'], 'X', [Piece(r, -7, isdama=False), '/'], 'X', [Piece(b, -3, isdama=False), '-'], 'X', [None, '+'], 'X', 'X', [None, '/'], 'X', [None, '*'], 'X', [None, '+'], 'X', [None, '-'], [Piece(b, 0, isdama=False), '-'], 'X', [None, '+'], 'X', [Piece(b, -5, isdama=False), '*'], 'X', [Piece(b, 2, isdama=False), '/'], 'X', 'X', [Piece(b, -11, isdama=False), '+'], 'X', [Piece(b, 8, isdama=False), '-'], 'X', [None, '/'], 'X', [None, '*']]","{""valid_moves"": [{""position"": [0, ""*""], ""piece"": [""red"", 2, false], ""destination"": [9]}, {""position"": [13, ""+""], ""piece"": [""red"", 8, false], ""destination"": [22]}, {""position"": [15, ""-""], ""piece"": [""red"", 0, false], ""destination"": [22]}, {""position"": [18, ""+""], ""piece"": [""red"", -5, false], ""destination"": [25, 27]}, {""position"": [20, ""*""], ""piece"": [""red"", -3, false], ""destination"": [27, 29]}, {""position"": [32, ""*""], ""piece"": [""red"", 4, false], ""destination"": [41]}, {""position"": [34, ""/""], ""piece"": [""red"", -7, false], ""destination"": [41, 43]}]}","Piece(r, 2, isdama=False): [9]
Piece(r, 8, isdama=False): [22]
Piece(r, 0, isdama=False): [22]
Piece(r, -5, isdama=False): [25, 27]
Piece(r, -3, isdama=False): [27, 29]
Piece(r, 4, isdama=False): [41]
Piece(r, -7, isdama=False): [41, 43]"
"[[Piece(r, 2, isdama=False), '*'], 'X', [None, '/'], 'X', [None, '-'], 'X', [None, '+'], 'X', 'X', [None, '/'], 'X', [Piece(r, 10, isdama=False), '*'], 'X', [Piece(r, 8, isdama=False), '+'], 'X', [Piece(r, 0, isdama=False), '-'], [None, '-'], 'X', [Piece(r, -5, isdama=False), '+'], 'X', [Piece(r, -3, isdama=False), '*'], 'X', [None, '/'], 'X', 'X', [None, '+'], 'X', [None, '-'], 'X', [None, '/'], 'X', [Piece(b, 4, isdama=False), '*'], [Piece(r, 4, isdama=False), '*'], 'X', [Piece(r, -7, isdama=False), '/'], 'X', [Piece(b, -3, isdama=False), '-'], 'X', [None, '+'], 'X', 'X', [None, '/'], 'X', [None, '*'], 'X', [None, '+'], 'X', [None, '-'], [Piece(b, 0, isdama=False), '-'], 'X', [None, '+'], 'X', [Piece(b, -5, isdama=False), '*'], 'X', [Piece(b, 2, isdama=False), '/'], 'X', 'X', [Piece(b, -11, isdama=False), '+'], 'X', [Piece(b, 8, isdama=False), '-'], 'X', [None, '/'], 'X', [None, '*']]","{""valid_moves"": [{""position"": [0, ""*""], ""piece"": [""red"", 2, false], ""destination"": [9]}, {""position"": [13, ""+""], ""piece"": [""red"", 8, false], ""destination"": [22]}, {""position"": [15, ""-""], ""piece"": [""red"", 0, false], ""destination"": [22]}, {""position"": [18, ""+""], ""piece"": [""red"", -5, false], ""destination"": [25, 27]}, {""position"": [20, ""*""], ""piece"": [""red"", -3, false], ""destination"": [27, 29]}, {""position"": [32, ""*""], ""piece"": [""red"", 4, false], ""destination"": [41]}, {""position"": [34, ""/""], ""piece"": [""red"", -7, false], ""destination"": [41, 43]}]}","Piece(r, 2, isdama=False): [9]
Piece(r, 8, isdama=False): [22]
Piece(r, 0, isdama=False): [22]
Piece(r, -5, isdama=False): [25, 27]
Piece(r, -3, isdama=False): [27, 29]
Piece(r, 4, isdama=False): [41]
Piece(r, -7, isdama=False): [41, 43]"
"[[Piece(r, 2, isdama=False), '*'], 'X', [None, '/'], 'X', [None, '-'], 'X', [None, '+'], 'X', 'X', [None, '/'], 'X', [Piece(r, 10, isdama=False), '*'], 'X', [Piece(r, 8, isdama=False), '+'], 'X', [Piece(r, 0, isdama=False), '-'], [None, '-'], 'X', [Piece(r, -5, isdama=False), '+'], 'X', [Piece(r, -3, isdama=False), '*'], 'X', [None, '/'], 'X', 'X', [None, '+'], 'X', [None, '-'], 'X', [None, '/'], 'X', [Piece(b, 4, isdama=False), '*'], [Piece(r, 4, isdama=False), '*'], 'X', [Piece(r, -7, isdama=False), '/'], 'X', [Piece(b, -3, isdama=False), '-'], 'X', [None, '+'], 'X', 'X', [None, '/'], 'X', [None, '*'], 'X', [None, '+'], 'X', [None, '-'], [Piece(b, 0, isdama=False), '-'], 'X', [None, '+'], 'X', [Piece(b, -5, isdama=False), '*'], 'X', [Piece(b, 2, isdama=False), '/'], 'X', 'X', [Piece(b, -11, isdama=False), '+'], 'X', [Piece(b, 8, isdama=False), '-'], 'X', [None, '/'], 'X', [None, '*']]","{""valid_moves"": [{""position"": [0, ""*""], ""piece"": [""red"", 2, false], ""destination"": [9]}, {""position"": [13, ""+""], ""piece"": [""red"", 8, false], ""destination"": [22]}, {""position"": [15, ""-""], ""piece"": [""red"", 0, false], ""destination"": [22]}, {""position"": [18, ""+""], ""piece"": [""red"", -5, false], ""destination"": [25, 27]}, {""position"": [20, ""*""], ""piece"": [""red"", -3, false], ""destination"": [27, 29]}, {""position"": [32, ""*""], ""piece"": [""red"", 4, false], ""destination"": [41]}, {""position"": [34, ""/""], ""piece"": [""red"", -7, false], ""destination"": [41, 43]}]}","Piece(r, 2, isdama=False): [9]
Piece(r, 8, isdama=False): [22]
Piece(r, 0, isdama=False): [22]
Piece(r, -5, isdama=False): [25, 27]
Piece(r, -3, isdama=False): [27, 29]
Piece(r, 4, isdama=False): [41]
Piece(r, -7, isdama=False): [41, 43]"
"[[Piece(r, 2, isdama=False), '*'], 'X', [None, '/'], 'X', [None, '-'], 'X', [None, '+'], 'X', 'X', [None, '/'], 'X', [Piece(r, 10, isdama=False), '*'], 'X', [Piece(r, 8, isdama=False), '+'], 'X', [Piece(r, 0, isdama=False), '-'], [None, '-'], 'X', [Piece(r, -5, isdama=False), '+'], 'X', [Piece(r, -3, isdama=False), '*'], 'X', [None, '/'], 'X', 'X', [None, '+'], 'X', [None, '-'], 'X', [None, '/'], 'X', [Piece(b, 4, isdama=False), '*'], [Piece(r, 4, isdama=False), '*'], 'X', [Piece(r, -7, isdama=False), '/'], 'X', [Piece(b, -3, isdama=False), '-'], 'X', [None, '+'], 'X', 'X', [None, '/'], 'X', [None, '*'], 'X', [None, '+'], 'X', [None, '-'], [Piece(b, 0, isdama=False), '-'], 'X', [None, '+'], 'X', [Piece(b, -5, isdama=False), '*'], 'X', [Piece(b, 2, isdama=False), '/'], 'X', 'X', [Piece(b, -11, isdama=False), '+'], 'X', [Piece(b, 8, isdama=False), '-'], 'X', [None, '/'], 'X', [None, '*']]","{""valid_moves"": [{""position"": [0, ""*""], ""piece"": [""red"", 2, false], ""destination"": [9]}, {""position"": [13, ""+""], ""piece"": [""red"", 8, false], ""destination"": [22]}, {""position"": [15, ""-""], ""piece"": [""red"", 0, false], ""destination"": [22]}, {""position"": [18, ""+""], ""piece"": [""red"", -5, false], ""destination"": [25, 27]}, {""position"": [20, ""*""], ""piece"": [""red"", -3, false], ""destination"": [27, 29]}, {""position"": [32, ""*""], ""piece"": [""red"", 4, false], ""destination"": [41]}, {""position"": [34, ""/""], ""piece"": [""red"", -7, false], ""destination"": [41, 43]}]}","Piece(r, 2, isdama=False): [9]
Piece(r, 8, isdama=False): [22]
Piece(r, 0, isdama=False): [22]
Piece(r, -5, isdama=False): [25, 27]
Piece(r, -3, isdama=False): [27, 29]
Piece(r, 4, isdama=False): [41]
Piece(r, -7, isdama=False): [41, 43]"
"[[Piece(r, 2, isdama=False), '*'], 'X', [None, '/'], 'X', [None, '-'], 'X', [None, '+'], 'X', 'X', [None, '/'], 'X', [Piece(r, 10, isdama=False), '*'], 'X', [Piece(r, 8, isdama=False), '+'], 'X', [Piece(r, 0, isdama=False), '-'], [None, '-'], 'X', [Piece(r, -5, isdama=False), '+'], 'X', [Piece(r, -3, isdama=False), '*'], 'X', [None, '/'], 'X', 'X', [None, '+'], 'X', [None, '-'], 'X', [None, '/'], 'X', [Piece(b, 4, isdama=False), '*'], [Piece(r, 4, isdama=False), '*'], 'X', [Piece(r, -7, isdama=False), '/'], 'X', [Piece(b, -3, isdama=False), '-'], 'X', [None, '+'], 'X', 'X', [None, '/'], 'X', [None, '*'], 'X', [None, '+'], 'X', [None, '-'], [Piece(b, 0, isdama=False), '-'], 'X', [None, '+'], 'X', [Piece(b, -5, isdama=False), '*'], 'X', [Piece(b, 2, isdama=False), '/'], 'X', 'X', [Piece(b, -11, isdama=False), '+'], 'X', [Piece(b, 8, isdama=False), '-'], 'X', [None, '/'], 'X', [None, '*']]","{""valid_moves"": [{""position"": [0, ""*""], ""piece"": [""red"", 2, false], ""destination"": [9]}, {""position"": [13, ""+""], ""piece"": [""red"", 8, false], ""destination"": [22]}, {""position"": [15, ""-""], ""piece"": [""red"", 0, false], ""destination"": [22]}, {""position"": [18, ""+""], ""piece"": [""red"", -5, false], ""destination"": [25, 27]}, {""position"": [20, ""*""], ""piece"": [""red"", -3, false], ""destination"": [27, 29]}, {""position"": [32, ""*""], ""piece"": [""red"", 4, false], ""destination"": [41]}, {""position"": [34, ""/""], ""piece"": [""red"", -7, false], ""destination"": [41, 43]}]}","Piece(r, 2, isdama=False): [9]
Piece(r, 8, isdama=False): [22]
Piece(r, 0, isdama=False): [22]
Piece(r, -5, isdama=False): [25, 27]
Piece(r, -3, isdama=False): [27, 29]
Piece(r, 4, isdama=False): [41]
Piece(r, -7, isdama=False): [41, 43]"
"[[Piece(r, 2, isdama=False), '*'], 'X', [None, '/'], 'X', [None, '-'], 'X', [None, '+'], 'X', 'X', [None, '/'], 'X', [Piece(r, 10, isdama=False), '*'], 'X', [Piece(r, 8, isdama=False), '+'], 'X', [Piece(r, 0, isdama=False), '-'], [None, '-'], 'X', [Piece(r, -5, isdama=False), '+'], 'X', [Piece(r, -3, isdama=False), '*'], 'X', [None, '/'], 'X', 'X', [None, '+'], 'X', [None, '-'], 'X', [None, '/'], 'X', [Piece(b, 4, isdama=False), '*'], [Piece(r, 4, isdama=False), '*'], 'X', [Piece(r, -7, isdama=False), '/'], 'X', [Piece(b, -3, isdama=False), '-'], 'X', [None, '+'], 'X', 'X', [None, '/'], 'X', [None, '*'], 'X', [None, '+'], 'X', [None, '-'], [Piece(b, 0, isdama=False), '-'], 'X', [None, '+'], 'X', [Piece(b, -5, isdama=False), '*'], 'X', [Piece(b, 2, isdama=False), '/'], 'X', 'X', [Piece(b, -11, isdama=False), '+'], 'X', [Piece(b, 8, isdama=False), '-'], 'X', [None, '/'], 'X', [None, '*']]","{""valid_moves"": [{""position"": [0, ""*""], ""piece"": [""red"", 2, false], ""destination"": [9]}, {""position"": [13, ""+""], ""piece"": [""red"", 8, false], ""destination"": [22]}, {""position"": [15, ""-""], ""piece"": [""red"", 0, false], ""destination"": [22]}, {""position"": [18, ""+""], ""piece"": [""red"", -5, false], ""destination"": [25, 27]}, {""position"": [20, ""*""], ""piece"": [""red"", -3, false], ""destination"": [27, 29]}, {""position"": [32, ""*""], ""piece"": [""red"", 4, false], ""destination"": [41]}, {""position"": [34, ""/""], ""piece"": [""red"", -7, false], ""destination"": [41, 43]}]}","Piece(r, 2, isdama=False): [9]
Piece(r, 8, isdama=False): [22]
Piece(r, 0, isdama=False): [22]
Piece(r, -5, isdama=False): [25, 27]
Piece(r, -3, isdama=False): [27, 29]
Piece(r, 4, isdama=False): [41]
Piece(r, -7, isdama=False): [41, 43]"
"[[Piece(r, 2, isdama=False), '*'], 'X', [None, '/'], 'X', [None, '-'], 'X', [None, '+'], 'X', 'X', [None, '/'], 'X', [Piece(r, 10, isdama=False), '*'], 'X', [Piece(r, 8, isdama=False), '+'], 'X', [None, '-'], [None, '-'], 'X', [Piece(r, -5, isdama=False), '+'], 'X', [Piece(r, -3, isdama=False), '*'], 'X', [Piece(r, 0, isdama=False), '/'], 'X', 'X', [None, '+'], 'X', [None, '-'], 'X', [None, '/'], 'X', [Piece(b, 4, isdama=False), '*'], [Piece(r, 4, isdama=False), '*'], 'X', [Piece(r, -7, isdama=False), '/'], 'X', [Piece(b, -3, isdama=False), '-'], 'X', [None, '+'], 'X', 'X', [Piece(b, 0, isdama=False), '/'], 'X', [None, '*'], 'X', [None, '+'], 'X', [None, '-'], [None, '-'], 'X', [None, '+'], 'X', [Piece(b, -5, isdama=False), '*'], 'X', [Piece(b, 2, isdama=False), '/'], 'X', 'X', [Piece(b, -11, isdama=False), '+'], 'X', [Piece(b, 8, isdama=False), '-'], 'X', [None, '/'], 'X', [None, '*']]","{""valid_moves"": [{""position"": [32, ""*""], ""piece"": [""red"", 4, false], ""destination"": [50]}, {""position"": [34, ""/""], ""piece"": [""red"", -7, false], ""destination"": [48]}]}","Piece(r, 4, isdama=False): [50]
Piece(r, -7, isdama=False): [48]"
"[[Piece(r, 2, isdama=False), '*'], 'X', [None, '/'], 'X', [None, '-'], 'X', [None, '+'], 'X', 'X', [None, '/'], 'X', [Piece(r, 10, isdama=False), '*'], 'X', [Piece(r, 8, isdama=False), '+'], 'X', [None, '-'], [None, '-'], 'X', [Piece(r, -5, isdama=False), '+'], 'X', [Piece(r, -3, isdama=False), '*'], 'X', [Piece(r, 0, isdama=False), '/'], 'X', 'X', [None, '+'], 'X', [None, '-'], 'X', [None, '/'], 'X', [Piece(b, 4, isdama=False), '*'], [Piece(r, 4, isdama=False), '*'], 'X', [Piece(r, -7, isdama=False), '/'], 'X', [Piece(b, -3, isdama=False), '-'], 'X', [None, '+'], 'X', 'X', [Piece(b, 0, isdama=False), '/'], 'X', [None, '*'], 'X', [None, '+'], 'X', [None, '-'], [None, '-'], 'X', [None, '+'], 'X', [Piece(b, -5, isdama=False), '*'], 'X', [Piece(b, 2, isdama=False), '/'], 'X', 'X', [Piece(b, -11, isdama=False), '+'], 'X', [Piece(b, 8, isdama=False), '-'], 'X', [None, '/'], 'X', [None, '*']]","{""valid_moves"": [{""position"": [32, ""*""], ""piece"": [""red"", 4, false], ""destination"": [50]}, {""position"": [34, ""/""], ""piece"": [""red"", -7, false], ""destination"": [48]}]}","Piece(r, 4, isdama=False): [50]
Piece(r, -7, isdama=False): [48]"
"[[Piece(r, 2, isdama=False), '*'], 'X', [None, '/'], 'X', [None, '-'], 'X', [None, '+'], 'X', 'X', [None, '/'], 'X', [Piece(r, 10, isdama=False), '*'], 'X', [Piece(r, 8, isdama=False), '+'], 'X', [None, '-'], [None, '-'], 'X', [Piece(r, -5, isdama=False), '+'], 'X', [Piece(r, -3, isdama=False), '*'], 'X', [Piece(r, 0, isdama=False), '/'], 'X', 'X', [None, '+'], 'X', [None, '-'], 'X', [None, '/'], 'X', [Piece(b, 4, isdama=False), '*'], [None, '*'], 'X', [Piece(r, -7, isdama=False), '/'], 'X', [Piece(b, -3, isdama=False), '-'], 'X', [None, '+'], 'X', 'X', [Piece(b, 8, isdama=False), '/'], 'X', [None, '*'], 'X', [None, '+'], 'X', [None, '-'], [None, '-'], 'X', [None, '+'], 'X', [Piece(b, -5, isdama=False), '*'], 'X', [Piece(b, 2, isdama=False), '/'], 'X', 'X', [Piece(b, -11, isdama=False), '+'], 'X', [None, '-'], 'X', [None, '/'], 'X', [None, '*']]","{""valid_moves"": [{""position"": [34, ""/""], ""piece"": [""red"", -7, false], ""destination"": [48]}]}","Piece(r, -7, isdama=False): [48]"
"[[Piece(r, 2, isdama=False), '*'], 'X', [None, '/'], 'X', [None, '-'], 'X', [None, '+'], 'X', 'X', [None, '/'], 'X', [Piece(r, 10, isdama=False), '*'], 'X', [Piece(r, 8, isdama=False), '+'], 'X', [None, '-'], [None, '-'], 'X', [Piece(r, -5, isdama=False), '+'], 'X', [Piece(r, -3, isdama=False), '*'], 'X', [Piece(r, 0, isdama=False), '/'], 'X', 'X', [None, '+'], 'X', [None, '-'], 'X', [None, '/'], 'X', [Piece(b, 4, isdama=False), '*'], [None, '*'], 'X', [None, '/'], 'X', [Piece(b, -3, isdama=False), '-'], 'X', [None, '+'], 'X', 'X', [None, '/'], 'X', [None, '*'], 'X', [None, '+'], 'X', [Piece(b, 2, isdama=False), '-'], [Piece(r, -7, isdama=False), '-'], 'X', [None, '+'], 'X', [Piece(b, -5, isdama=False), '*'], 'X', [None, '/'], 'X', 'X', [Piece(b, -11, isdama=False), '+'], 'X', [None, '-'], 'X', [None, '/'], 'X', [None, '*']]","{""valid_moves"": [{""position"": [0, ""*""], ""piece"": [""red"", 2, false], ""destination"": [9]}, {""position"": [18, ""+""], ""piece"": [""red"", -5, false], ""destination"": [25, 27]}, {""position"": [20, ""*""], ""piece"": [""red"", -3, false], ""destination"": [27, 29]}, {""position"": [22, ""/""], ""piece"": [""red"", 0, false], ""destination"": [29]}]}","Piece(r, 2, isdama=False): [9]
Piece(r, -5, isdama=False): [25, 27]
Piece(r, -3, isdama=False): [27, 29]
Piece(r, 0, isdama=False): [29]"
"[[Piece(r, 2, isdama=False), '*'], 'X', [None, '/'], 'X', [None, '-'], 'X', [None, '+'], 'X', 'X', [None, '/'], 'X', [Piece(r, 10, isdama=False), '*'], 'X', [Piece(r, 8, isdama=False), '+'], 'X', [None, '-'], [None, '-'], 'X', [Piece(r, -5, isdama=False), '+'], 'X', [Piece(r, -3, isdama=False), '*'], 'X', [Piece(r, 0, isdama=False), '/'], 'X', 'X', [None, '+'], 'X', [None, '-'], 'X', [None, '/'], 'X', [Piece(b, 4, isdama=False), '*'], [None, '*'], 'X', [None, '/'], 'X', [Piece(b, -3, isdama=False), '-'], 'X', [None, '+'], 'X', 'X', [None, '/'], 'X', [None, '*'], 'X', [None, '+'], 'X', [Piece(b, 2, isdama=False), '-'], [Piece(r, -7, isdama=False), '-'], 'X', [None, '+'], 'X', [Piece(b, -5, isdama=False), '*'], 'X', [None, '/'], 'X', 'X', [Piece(b, -11, isdama=False), '+'], 'X', [None, '-'], 'X', [None, '/'], 'X', [None, '*']]","{""valid_moves"": [{""position"": [0, ""*""], ""piece"": [""red"", 2, false], ""destination"": [9]}, {""position"": [18, ""+""], ""piece"": [""red"", -5, false], ""destination"": [25, 27]}, {""position"": [20, ""*""], ""piece"": [""red"", -3, false], ""destination"": [27, 29]}, {""position"": [22, ""/""], ""piece"": [""red"", 0, false], ""destination"": [29]}]}","Piece(r, 2, isdama=False): [9]
Piece(r, -5, isdama=False): [25, 27]
Piece(r, -3, isdama=False): [27, 29]
Piece(r, 0, isdama=False): [29]"
"[[Piece(r, 2, isdama=False), '*'], 'X', [None, '/'], 'X', [None, '-'], 'X', [None, '+'], 'X', 'X', [None, '/'], 'X', [Piece(r, 10, isdama=False), '*'], 'X', [Piece(r, 8, isdama=False), '+'], 'X', [None, '-'], [None, '-'], 'X', [Piece(r, -5, isdama=False), '+'], 'X', [Piece(r, -3, isdama=False), '*'], 'X', [Piece(r, 0, isdama=False), '/'], 'X', 'X', [None, '+'], 'X', [None, '-'], 'X', [None, '/'], 'X', [Piece(b, 4, isdama=False), '*'], [None, '*'], 'X', [None, '/'], 'X', [Piece(b, -3, isdama=False), '-'], 'X', [None, '+'], 'X', 'X', [None, '/'], 'X', [None, '*'], 'X', [None, '+'], 'X', [Piece(b, 2, isdama=False), '-'], [Piece(r, -7, isdama=False), '-'], 'X', [None, '+'], 'X', [Piece(b, -5, isdama=False), '*'], 'X', [None, '/'], 'X', 'X', [Piece(b, -11, isdama=False), '+'], 'X', [None, '-'], 'X', [None, '/'], 'X', [None, '*']]","{""valid_moves"": [{""position"": [0, ""*""], ""piece"": [""red"", 2, false], ""destination"": [9]}, {""position"": [18, ""+""], ""piece"": [""red"", -5, false], ""destination"": [25, 27]}, {""position"": [20, ""*""], ""piece"": [""red"", -3, false], ""destination"": [27, 29]}, {""position"": [22, ""/""], ""piece"": [""red"", 0, false], ""destination"": [29]}]}","Piece(r, 2, isdama=False): [9]
Piece(r, -5, isdama=False): [25, 27]
Piece(r, -3, isdama=False): [27, 29]
Piece(r, 0, isdama=False): [29]"
"[[Piece(r, 2, isdama=False), '*'], 'X', [None, '/'], 'X', [None, '-'], 'X', [None, '+'], 'X', 'X', [None, '/'], 'X', [Piece(r, 10, isdama=False), '*'], 'X', [Piece(r, 8, isdama=False), '+'], 'X', [None, '-'], [None, '-'], 'X', [Piece(r, -5, isdama=False), '+'], 'X', [Piece(r, -3, isdama=False), '*'], 'X', [Piece(r, 0, isdama=False), '/'], 'X', 'X', [None, '+'], 'X', [None, '-'], 'X', [None, '/'], 'X', [Piece(b, 4, isdama=False), '*'], [None, '*'], 'X', [None, '/'], 'X', [Piece(b, -3, isdama=False), '-'], 'X', [None, '+'], 'X', 'X', [None, '/'], 'X', [None, '*'], 'X', [None, '+'], 'X', [Piece(b, 2, isdama=False), '-'], [Piece(r, -7, isdama=False), '-'], 'X', [None, '+'], 'X', [Piece(b, -5, isdama=False), '*'], 'X', [None, '/'], 'X', 'X', [Piece(b, -11, isdama=False), '+'], 'X', [None, '-'], 'X', [None, '/'], 'X', [None, '*']]","{""valid_moves"": [{""position"": [0, ""*""], ""piece"": [""red"", 2, false], ""destination"": [9]}, {""position"": [18, ""+""], ""piece"": [""red"", -5, false], ""destination"": [25, 27]}, {""position"": [20, ""*""], ""piece"": [""red"", -3, false], ""destination"": [27, 29]}, {""position"": [22, ""/""], ""piece"": [""red"", 0, false], ""destination"": [29]}]}","Piece(r, 2, isdama=False): [9]
Piece(r, -5, isdama=False): [25, 27]
Piece(r, -3, isdama=False): [27, 29]
Piece(r, 0, isdama=False): [29]"
"[[Piece(r, 2, isdama=False), '*'], 'X', [None, '/'], 'X', [None, '-'], 'X', [None, '+'], 'X', 'X', [None, '/'], 'X', [Piece(r, 10, isdama=False), '*'], 'X', [Piece(r, 8, isdama=False), '+'], 'X', [None, '-'], [None, '-'], 'X', [Piece(r, -5, isdama=False), '+'], 'X', [Piece(r, -3, isdama=False), '*'], 'X', [Piece(r, 0, isdama=False), '/'], 'X', 'X', [None, '+'], 'X', [None, '-'], 'X', [None, '/'], 'X', [Piece(b, 4, isdama=False), '*'], [None, '*'], 'X', [None, '/'], 'X', [Piece(b, -3, isdama=False), '-'], 'X', [None, '+'], 'X', 'X', [None, '/'], 'X', [None, '*'], 'X', [None, '+'], 'X', [Piece(b, 2, isdama=False), '-'], [Piece(r, -7, isdama=False), '-'], 'X', [None, '+'], 'X', [Piece(b, -5, isdama=False), '*'], 'X', [None, '/'], 'X', 'X', [Piece(b, -11, isdama=False), '+'], 'X', [None, '-'], 'X', [None, '/'], 'X', [None, '*']]","{""valid_moves"": [{""position"": [0, ""*""], ""piece"": [""red"", 2, false], ""destination"": [9]}, {""position"": [18, ""+""], ""piece"": [""red"", -5, false], ""destination"": [25, 27]}, {""position"": [20, ""*""], ""piece"": [""red"", -3, false], ""destination"": [27, 29]}, {""position"": [22, ""/""], ""piece"": [""red"", 0, false], ""destination"": [29]}]}","Piece(r, 2, isdama=False): [9]
Piece(r, -5, isdama=False): [25, 27]
Piece(r, -3, isdama=False): [27, 29]
Piece(r, 0, isdama=False): [29]"
"[[Piece(r, 2, isdama=False), '*'], 'X', [None, '/'], 'X', [None, '-'], 'X', [None, '+'], 'X', 'X', [None, '/'], 'X', [Piece(r, 10, isdama=False), '*'], 'X', [Piece(r, 8, isdama=False), '+'], 'X', [None, '-'], [None, '-'], 'X', [Piece(r, -5, isdama=False), '+'], 'X', [Piece(r, -3, isdama=False), '*'], 'X', [Piece(r, 0, isdama=False), '/'], 'X', 'X', [None, '+'], 'X', [None, '-'], 'X', [None, '/'], 'X', [Piece(b, 4, isdama=False), '*'], [None, '*'], 'X', [None, '/'], 'X', [Piece(b, -3, isdama=False), '-'], 'X', [None, '+'], 'X', 'X', [None, '/'], 'X', [None, '*'], 'X', [None, '+'], 'X', [Piece(b, 2, isdama=False), '-'], [Piece(r, -7, isdama=False), '-'], 'X', [None, '+'], 'X', [Piece(b, -5, isdama=False), '*'], 'X', [None, '/'], 'X', 'X', [Piece(b, -11, isdama=False), '+'], 'X', [None, '-'], 'X', [None, '/'], 'X', [None, '*']]","{""valid_moves"": [{""position"": [0, ""*""], ""piece"": [""red"", 2, false], ""destination"": [9]}, {""position"": [18, ""+""], ""piece"": [""red"", -5, false], ""destination"": [25, 27]}, {""position"": [20, ""*""], ""piece"": [""red"", -3, false], ""destination"": [27, 29]}, {""position"": [22, ""/""], ""piece"": [""red"", 0, false], ""destination"": [29]}]}","Piece(r, 2, isdama=False): [9]
Piece(r, -5, isdama=False): [25, 27]
Piece(r, -3, isdama=False): [27, 29]
Piece(r, 0, isdama=False): [29]"
"[[Piece(r, 2, isdama=False), '*'], 'X', [None, '/'], 'X', [None, '-'], 'X', [None, '+'], 'X', 'X', [None, '/'], 'X', [Piece(r, 10, isdama=False), '*'], 'X', [Piece(r, 8, isdama=False), '+'], 'X', [None, '-'], [None, '-'], 'X', [Piece(b, -3, isdama=False), '+'], 'X', [Piece(r, -3, isdama=False), '*'], 'X', [Piece(r, 0, isdama=False), '/'], 'X', 'X', [None, '+'], 'X', [None, '-'], 'X', [None, '/'], 'X', [Piece(b, 4, isdama=False), '*'], [None, '*'], 'X', [None, '/'], 'X', [None, '-'], 'X', [None, '+'], 'X', 'X', [None, '/'], 'X', [None, '*'], 'X', [None, '+'], 'X', [Piece(b, 2, isdama=False), '-'], [Piece(r, -7, isdama=False), '-'], 'X', [None, '+'], 'X', [Piece(b, -5, isdama=False), '*'], 'X', [None, '/'], 'X', 'X', [Piece(b, -11, isdama=False), '+'], 'X', [None, '-'], 'X', [None, '/'], 'X', [None, '*']]","{""valid_moves"": [{""position"": [11, ""*""], ""piece"": [""red"", 10, false], ""destination"": [25]}]}","Piece(r, 10, isdama=False): [25]"
"[[Piece(r, 2, isdama=False), '*'], 'X', [None, '/'], 'X', [None, '-'], 'X', [None, '+'], 'X', 'X', [None, '/'], 'X', [None, '*'], 'X', [Piece(r, 8, isdama=False), '+'], 'X', [None, '-'], [None, '-'], 'X', [None, '+'], 'X', [Piece(r, -3, isdama=False), '*'], 'X', [Piece(r, 0, isdama=False), '/'], 'X', 'X', [Piece(r, 10, isdama=False), '+'], 'X', [None, '-'], 'X', [None, '/'], 'X', [Piece(b, 4, isdama=False), '*'], [None, '*'], 'X', [None, '/'], 'X', [None, '-'], 'X', [None, '+'], 'X', 'X', [None, '/'], 'X', [None, '*'], 'X', [None, '+'], 'X', [Piece(b, 2, isdama=False), '-'], [Piece(r, -7, isdama=False), '-'], 'X', [Piece(b, -11, isdama=False), '+'], 'X', [Piece(b, -5, isdama=False), '*'], 'X', [None, '/'], 'X', 'X', [None, '+'], 'X', [None, '-'], 'X', [None, '/'], 'X', [None, '*']]","{""valid_moves"": [{""position"": [0, ""*""], ""piece"": [""red"", 2, false], ""destination"": [9]}, {""position"": [20, ""*""], ""piece"": [""red"", -3, false], ""destination"": [27, 29]}, {""position"": [22, ""/""], ""piece"": [""red"", 0, false], ""destination"": [29]}, {""position"": [25, ""+""], ""piece"": [""red"", 10, false], ""destination"": [32, 34]}, {""position"": [48, ""-""], ""piece"": [""red"", -7, false], ""destination"": [57]}]}","Piece(r, 2, isdama=False): [9]
Piece(r, -3, isdama=False): [27, 29]
Piece(r, 0, isdama=False): [29]
Piece(r, 10, isdama=False): [32, 34]
Piece(r, -7, isdama=False): [57]"
"[[Piece(r, 2, isdama=False), '*'], 'X', [None, '/'], 'X', [None, '-'], 'X', [None, '+'], 'X', 'X', [None, '/'], 'X', [None, '*'], 'X', [Piece(r, 8, isdama=False), '+'], 'X', [None, '-'], [None, '-'], 'X', [None, '+'], 'X', [Piece(r, -3, isdama=False), '*'], 'X', [Piece(r, 0, isdama=False), '/'], 'X', 'X', [Piece(r, 10, isdama=False), '+'], 'X', [None, '-'], 'X', [None, '/'], 'X', [Piece(b, 4, isdama=False), '*'], [None, '*'], 'X', [None, '/'], 'X', [None, '-'], 'X', [None, '+'], 'X', 'X', [None, '/'], 'X', [None, '*'], 'X', [None, '+'], 'X', [Piece(b, 2, isdama=False), '-'], [Piece(r, -7, isdama=False), '-'], 'X', [Piece(b, -11, isdama=False), '+'], 'X', [Piece(b, -5, isdama=False), '*'], 'X', [None, '/'], 'X', 'X', [None, '+'], 'X', [None, '-'], 'X', [None, '/'], 'X', [None, '*']]","{""valid_moves"": [{""position"": [0, ""*""], ""piece"": [""red"", 2, false], ""destination"": [9]}, {""position"": [20, ""*""], ""piece"": [""red"", -3, false], ""destination"": [27, 29]}, {""position"": [22, ""/""], ""piece"": [""red"", 0, false], ""destination"": [29]}, {""position"": [25, ""+""], ""piece"": [""red"", 10, false], ""destination"": [32, 34]}, {""position"": [48, ""-""], ""piece"": [""red"", -7, false], ""destination"": [57]}]}","Piece(r, 2, isdama=False): [9]
Piece(r, -3, isdama=False): [27, 29]
Piece(r, 0, isdama=False): [29]
Piece(r, 10, isdama=False): [32, 34]
Piece(r, -7, isdama=False): [57]"
"[[Piece(r, 2, isdama=False), '*'], 'X', [None, '/'], 'X', [None, '-'], 'X', [None, '+'], 'X', 'X', [None, '/'], 'X', [None, '*'], 'X', [Piece(r, 8, isdama=False), '+'], 'X', [None, '-'], [None, '-'], 'X', [None, '+'], 'X', [Piece(r, -3, isdama=False), '*'], 'X', [Piece(r, 0, isdama=False), '/'], 'X', 'X', [Piece(r, 10, isdama=False), '+'], 'X', [None, '-'], 'X', [None, '/'], 'X', [Piece(b, 4, isdama=False), '*'], [None, '*'], 'X', [None, '/'], 'X', [None, '-'], 'X', [None, '+'], 'X', 'X', [None, '/'], 'X', [None, '*'], 'X', [None, '+'], 'X', [Piece(b, 2, isdama=False), '-'], [Piece(r, -7, isdama=False), '-'], 'X', [Piece(b, -11, isdama=False), '+'], 'X', [Piece(b, -5, isdama=False), '*'], 'X', [None, '/'], 'X', 'X', [None, '+'], 'X', [None, '-'], 'X', [None, '/'], 'X', [None, '*']]","{""valid_moves"": [{""position"": [0, ""*""], ""piece"": [""red"", 2, false], ""destination"": [9]}, {""position"": [20, ""*""], ""piece"": [""red"", -3, false], ""destination"": [27, 29]}, {""position"": [22, ""/""], ""piece"": [""red"", 0, false], ""destination"": [29]}, {""position"": [25, ""+""], ""piece"": [""red"", 10, false], ""destination"": [32, 34]}, {""position"": [48, ""-""], ""piece"": [""red"", -7, false], ""destination"": [57]}]}","Piece(r, 2, isdama=False): [9]
Piece(r, -3, isdama=False): [27, 29]
Piece(r, 0, isdama=False): [29]
Piece(r, 10, isdama=False): [32, 34]
Piece(r, -7, isdama=False): [57]"
"[[Piece(r, 2, isdama=False), '*'], 'X', [None, '/'], 'X', [None, '-'], 'X', [None, '+'], 'X', 'X', [None, '/'], 'X', [None, '*'], 'X', [Piece(r, 8, isdama=False), '+'], 'X', [None, '-'], [None, '-'], 'X', [None, '+'], 'X', [Piece(r, -3, isdama=False), '*'], 'X', [Piece(r, 0, isdama=False), '/'], 'X', 'X', [Piece(r, 10, isdama=False), '+'], 'X', [None, '-'], 'X', [None, '/'], 'X', [Piece(b, 4, isdama=False), '*'], [None, '*'], 'X', [None, '/'], 'X', [None, '-'], 'X', [None, '+'], 'X', 'X', [None, '/'], 'X', [None, '*'], 'X', [None, '+'], 'X', [Piece(b, 2, isdama=False), '-'], [Piece(r, -7, isdama=False), '-'], 'X', [Piece(b, -11, isdama=False), '+'], 'X', [Piece(b, -5, isdama=False), '*'], 'X', [None, '/'], 'X', 'X', [None, '+'], 'X', [None, '-'], 'X', [None, '/'], 'X', [None, '*']]","{""valid_moves"": [{""position"": [0, ""*""], ""piece"": [""red"", 2, false], ""destination"": [9]}, {""position"": [20, ""*""], ""piece"": [""red"", -3, false], ""destination"": [27, 29]}, {""position"": [22, ""/""], ""piece"": [""red"", 0, false], ""destination"": [29]}, {""position"": [25, ""+""], ""piece"": [""red"", 10, false], ""destination"": [32, 34]}, {""position"": [48, ""-""], ""piece"": [""red"", -7, false], ""destination"": [57]}]}","Piece(r, 2, isdama=False): [9]
Piece(r, -3, isdama=False): [27, 29]
Piece(r, 0, isdama=False): [29]
Piece(r, 10, isdama=False): [32, 34]
Piece(r, -7, isdama=False): [57]"
"[[Piece(r, 2, isdama=False), '*'], 'X', [None, '/'], 'X', [None, '-'], 'X', [None, '+'], 'X', 'X', [None, '/'], 'X', [None, '*'], 'X', [Piece(r, 8, isdama=False), '+'], 'X', [None, '-'], [None, '-'], 'X', [None, '+'], 'X', [Piece(r, -3, isdama=False), '*'], 'X', [Piece(r, 0, isdama=False), '/'], 'X', 'X', [Piece(r, 10, isdama=False), '+'], 'X', [None, '-'], 'X', [None, '/'], 'X', [Piece(b, 4, isdama=False), '*'], [None, '*'], 'X', [None, '/'], 'X', [None, '-'], 'X', [None, '+'], 'X', 'X', [None, '/'], 'X', [None, '*'], 'X', [None, '+'], 'X', [Piece(b, 2, isdama=False), '-'], [Piece(r, -7, isdama=False), '-'], 'X', [Piece(b, -11, isdama=False), '+'], 'X', [Piece(b, -5, isdama=False), '*'], 'X', [None, '/'], 'X', 'X', [None, '+'], 'X', [None, '-'], 'X', [None, '/'], 'X', [None, '*']]","{""valid_moves"": [{""position"": [0, ""*""], ""piece"": [""red"", 2, false], ""destination"": [9]}, {""position"": [20, ""*""], ""piece"": [""red"", -3, false], ""destination"": [27, 29]}, {""position"": [22, ""/""], ""piece"": [""red"", 0, false], ""destination"": [29]}, {""position"": [25, ""+""], ""piece"": [""red"", 10, false], ""destination"": [32, 34]}, {""position"": [48, ""-""], ""piece"": [""red"", -7, false], ""destination"": [57]}]}","Piece(r, 2, isdama=False): [9]
Piece(r, -3, isdama=False): [27, 29]
Piece(r, 0, isdama=False): [29]
Piece(r, 10, isdama=False): [32, 34]
Piece(r, -7, isdama=False): [57]"
"[[Piece(r, 2, isdama=False), '*'], 'X', [None, '/'], 'X', [None, '-'], 'X', [None, '+'], 'X', 'X', [None, '/'], 'X', [None, '*'], 'X', [Piece(r, 8, isdama=False), '+'], 'X', [None, '-'], [None, '-'], 'X', [None, '+'], 'X', [Piece(r, -3, isdama=False), '*'], 'X', [Piece(r, 0, isdama=False), '/'], 'X', 'X', [Piece(r, 10, isdama=False), '+'], 'X', [None, '-'], 'X', [None, '/'], 'X', [Piece(b, 4, isdama=False), '*'], [None, '*'], 'X', [None, '/'], 'X', [None, '-'], 'X', [None, '+'], 'X', 'X', [None, '/'], 'X', [None, '*'], 'X', [None, '+'], 'X', [Piece(b, 2, isdama=False), '-'], [Piece(r, -7, isdama=False), '-'], 'X', [Piece(b, -11, isdama=False), '+'], 'X', [Piece(b, -5, isdama=False), '*'], 'X', [None, '/'], 'X', 'X', [None, '+'], 'X', [None, '-'], 'X', [None, '/'], 'X', [None, '*']]","{""valid_moves"": [{""position"": [0, ""*""], ""piece"": [""red"", 2, false], ""destination"": [9]}, {""position"": [20, ""*""], ""piece"": [""red"", -3, false], ""destination"": [27, 29]}, {""position"": [22, ""/""], ""piece"": [""red"", 0, false], ""destination"": [29]}, {""position"": [25, ""+""], ""piece"": [""red"", 10, false], ""destination"": [32, 34]}, {""position"": [48, ""-""], ""piece"": [""red"", -7, false], ""destination"": [57]}]}","Piece(r, 2, isdama=False): [9]
Piece(r, -3, isdama=False): [27, 29]
Piece(r, 0, isdama=False): [29]
Piece(r, 10, isdama=False): [32, 34]
Piece(r, -7, isdama=False): [57]"
"[[Piece(r, 2, isdama=False), '*'], 'X', [None, '/'], 'X', [None, '-'], 'X', [None, '+'], 'X', 'X', [None, '/'], 'X', [None, '*'], 'X', [Piece(r, 8, isdama=False), '+'], 'X', [None, '-'], [None, '-'], 'X', [None, '+'], 'X', [Piece(r, -3, isdama=False), '*'], 'X', [Piece(r, 0, isdama=False), '/'], 'X', 'X', [Piece(r, 10, isdama=False), '+'], 'X', [None, '-'], 'X', [None, '/'], 'X', [Piece(b, 4, isdama=False), '*'], [None, '*'], 'X', [None, '/'], 'X', [None, '-'], 'X', [None, '+'], 'X', 'X', [None, '/'], 'X', [None, '*'], 'X', [None, '+'], 'X', [Piece(b, 2, isdama=False), '-'], [Piece(r, -7, isdama=False), '-'], 'X', [Piece(b, -11, isdama=False), '+'], 'X', [Piece(b, -5, isdama=False), '*'], 'X', [None, '/'], 'X', 'X', [None, '+'], 'X', [None, '-'], 'X', [None, '/'], 'X', [None, '*']]","{""valid_moves"": [{""position"": [0, ""*""], ""piece"": [""red"", 2, false], ""destination"": [9]}, {""position"": [20, ""*""], ""piece"": [""red"", -3, false], ""destination"": [27, 29]}, {""position"": [22, ""/""], ""piece"": [""red"", 0, false], ""destination"": [29]}, {""position"": [25, ""+""], ""piece"": [""red"", 10, false], ""destination"": [32, 34]}, {""position"": [48, ""-""], ""piece"": [""red"", -7, false], ""destination"": [57]}]}","Piece(r, 2, isdama=False): [9]
Piece(r, -3, isdama=False): [27, 29]
Piece(r, 0, isdama=False): [29]
Piece(r, 10, isdama=False): [32, 34]
Piece(r, -7, isdama=False): [57]"
"[[Piece(r, 2, isdama=False), '*'], 'X', [None, '/'], 'X', [None, '-'], 'X', [None, '+'], 'X', 'X', [None, '/'], 'X', [None, '*'], 'X', [Piece(r, 8, isdama=False), '+'], 'X', [None, '-'], [None, '-'], 'X', [None, '+'], 'X', [Piece(r, -3, isdama=False), '*'], 'X', [None, '/'], 'X', 'X', [Piece(r, 10, isdama=False), '+'], 'X', [None, '-'], 'X', [Piece(r, 0, isdama=False), '/'], 'X', [Piece(b, 4, isdama=False), '*'], [None, '*'], 'X', [None, '/'], 'X', [None, '-'], 'X', [None, '+'], 'X', 'X', [Piece(b, -11, isdama=False), '/'], 'X', [None, '*'], 'X', [None, '+'], 'X', [Piece(b, 2, isdama=False), '-'], [Piece(r, -7, isdama=False), '-'], 'X', [None, '+'], 'X', [Piece(b, -5, isdama=False), '*'], 'X', [None, '/'], 'X', 'X', [None, '+'], 'X', [None, '-'], 'X', [None, '/'], 'X', [None, '*']]","{""valid_moves"": [{""position"": [48, ""-""], ""piece"": [""red"", -7, false], ""destination"": [34]}]}","Piece(r, -7, isdama=False): [34]"
"[[Piece(r, 2, isdama=False), '*'], 'X', [None, '/'], 'X', [None, '-'], 'X', [None, '+'], 'X', 'X', [None, '/'], 'X', [None, '*'], 'X', [Piece(r, 8, isdama=False), '+'], 'X', [None, '-'], [None, '-'], 'X', [None, '+'], 'X', [Piece(r, -3, isdama=False), '*'], 'X', [None, '/'], 'X', 'X', [Piece(r, 10, isdama=False), '+'], 'X', [None, '-'], 'X', [Piece(r, 0, isdama=False), '/'], 'X', [Piece(b, 4, isdama=False), '*'], [None, '*'], 'X', [Piece(r, -7, isdama=False), '/'], 'X', [None, '-'], 'X', [None, '+'], 'X', 'X', [None, '/'], 'X', [Piece(b, -5, isdama=False), '*'], 'X', [None, '+'], 'X', [Piece(b, 2, isdama=False), '-'], [None, '-'], 'X', [None, '+'], 'X', [None, '*'], 'X', [None, '/'], 'X', 'X', [None, '+'], 'X', [None, '-'], 'X', [None, '/'], 'X', [None, '*']]","{""valid_moves"": [{""position"": [34, ""/""], ""piece"": [""red"", -7, false], ""destination"": [52]}]}","Piece(r, -7, isdama=False): [52]"
"[[Piece(r, 2, isdama=False), '*'], 'X', [None, '/'], 'X', [None, '-'], 'X', [None, '+'], 'X', 'X', [None, '/'], 'X', [None, '*'], 'X', [Piece(r, 8, isdama=False), '+'], 'X', [None, '-'], [None, '-'], 'X', [None, '+'], 'X', [Piece(r, -3, isdama=False), '*'], 'X', [Piece(b, 4, isdama=False), '/'], 'X', 'X', [Piece(r, 10, isdama=False), '+'], 'X', [None, '-'], 'X', [Piece(r, 0, isdama=False), '/'], 'X', [None, '*'], [None, '*'], 'X', [None, '/'], 'X', [None, '-'], 'X', [None, '+'], 'X', 'X', [None, '/'], 'X', [None, '*'], 'X', [None, '+'], 'X', [Piece(b, 2, isdama=False), '-'], [None, '-'], 'X', [None, '+'], 'X', [Piece(r, -7, isdama=False), '*'], 'X', [None, '/'], 'X', 'X', [None, '+'], 'X', [None, '-'], 'X', [None, '/'], 'X', [None, '*']]","{""valid_moves"": [{""position"": [13, ""+""], ""piece"": [""red"", 8, false], ""destination"": [31]}, {""position"": [29, ""/""], ""piece"": [""red"", 0, false], ""destination"": [15]}]}","Piece(r, 8, isdama=False): [31]
Piece(r, 0, isdama=False): [15]"
"[[Piece(r, 2, isdama=False), '*'], 'X', [None, '/'], 'X', [None, '-'], 'X', [None, '+'], 'X', 'X', [None, '/'], 'X', [None, '*'], 'X', [Piece(r, 8, isdama=False), '+'], 'X', [None, '-'], [None, '-'], 'X', [None, '+'], 'X', [Piece(r, -3, isdama=False), '*'], 'X', [Piece(b, 4, isdama=False), '/'], 'X', 'X', [Piece(r, 10, isdama=False), '+'], 'X', [None, '-'], 'X', [Piece(r, 0, isdama=False), '/'], 'X', [None, '*'], [None, '*'], 'X', [None, '/'], 'X', [None, '-'], 'X', [None, '+'], 'X', 'X', [None, '/'], 'X', [None, '*'], 'X', [None, '+'], 'X', [Piece(b, 2, isdama=False), '-'], [None, '-'], 'X', [None, '+'], 'X', [Piece(r, -7, isdama=False), '*'], 'X', [None, '/'], 'X', 'X', [None, '+'], 'X', [None, '-'], 'X', [None, '/'], 'X', [None, '*']]","{""valid_moves"": [{""position"": [13, ""+""], ""piece"": [""red"", 8, false], ""destination"": [31]}, {""position"": [29, ""/""], ""piece"": [""red"", 0, false], ""destination"": [15]}]}","Piece(r, 8, isdama=False): [31]
Piece(r, 0, isdama=False): [15]"
"[[Piece(r, 2, isdama=False), '*'], 'X', [None, '/'], 'X', [None, '-'], 'X', [None, '+'], 'X', 'X', [None, '/'], 'X', [None, '*'], 'X', [Piece(r, 8, isdama=False), '+'], 'X', [Piece(r, 0, isdama=False), '-'], [None, '-'], 'X', [None, '+'], 'X', [Piece(r, -3, isdama=False), '*'], 'X', [None, '/'], 'X', 'X', [Piece(r, 10, isdama=False), '+'], 'X', [None, '-'], 'X', [None, '/'], 'X', [None, '*'], [None, '*'], 'X', [None, '/'], 'X', [None, '-'], 'X', [Piece(b, 2, isdama=False), '+'], 'X', 'X', [None, '/'], 'X', [None, '*'], 'X', [None, '+'], 'X', [None, '-'], [None, '-'], 'X', [None, '+'], 'X', [Piece(r, -7, isdama=False), '*'], 'X', [None, '/'], 'X', 'X', [None, '+'], 'X', [None, '-'], 'X', [None, '/'], 'X', [None, '*']]","{""valid_moves"": [{""position"": [0, ""*""], ""piece"": [""red"", 2, false], ""destination"": [9]}, {""position"": [13, ""+""], ""piece"": [""red"", 8, false], ""destination"": [22]}, {""position"": [15, ""-""], ""piece"": [""red"", 0, false], ""destination"": [22]}, {""position"": [20, ""*""], ""piece"": [""red"", -3, false], ""destination"": [27, 29]}, {""position"": [25, ""+""], ""piece"": [""red"", 10, false], ""destination"": [32, 34]}, {""position"": [52, ""*""], ""piece"": [""red"", -7, false], ""destination"": [59, 61]}]}","Piece(r, 2, isdama=False): [9]
Piece(r, 8, isdama=False): [22]
Piece(r, 0, isdama=False): [22]
Piece(r, -3, isdama=False): [27, 29]
Piece(r, 10, isdama=False): [32, 34]
Piece(r, -7, isdama=False): [59, 61]"
"[[Piece(r, 2, isdama=False), '*'], 'X', [None, '/'], 'X', [None, '-'], 'X', [None, '+'], 'X', 'X', [None, '/'], 'X', [None, '*'], 'X', [Piece(r, 8, isdama=False), '+'], 'X', [Piece(r, 0, isdama=False), '-'], [None, '-'], 'X', [None, '+'], 'X', [Piece(r, -3, isdama=False), '*'], 'X', [None, '/'], 'X', 'X', [Piece(r, 10, isdama=False), '+'], 'X', [None, '-'], 'X', [None, '/'], 'X', [None, '*'], [None, '*'], 'X', [None, '/'], 'X', [None, '-'], 'X', [Piece(b, 2, isdama=False), '+'], 'X', 'X', [None, '/'], 'X', [None, '*'], 'X', [None, '+'], 'X', [None, '-'], [None, '-'], 'X', [None, '+'], 'X', [Piece(r, -7, isdama=False), '*'], 'X', [None, '/'], 'X', 'X', [None, '+'], 'X', [None, '-'], 'X', [None, '/'], 'X', [None, '*']]","{""valid_moves"": [{""position"": [0, ""*""], ""piece"": [""red"", 2, false], ""destination"": [9]}, {""position"": [13, ""+""], ""piece"": [""red"", 8, false], ""destination"": [22]}, {""position"": [15, ""-""], ""piece"": [""red"", 0, false], ""destination"": [22]}, {""position"": [20, ""*""], ""piece"": [""red"", -3, false], ""destination"": [27, 29]}, {""position"": [25, ""+""], ""piece"": [""red"", 10, false], ""destination"": [32, 34]}, {""position"": [52, ""*""], ""piece"": [""red"", -7, false], ""destination"": [59, 61]}]}","Piece(r, 2, isdama=False): [9]
Piece(r, 8, isdama=False): [22]
Piece(r, 0, isdama=False): [22]
Piece(r, -3, isdama=False): [27, 29]
Piece(r, 10, isdama=False): [32, 34]
Piece(r, -7, isdama=False): [59, 61]"
"[[Piece(r, 2, isdama=False), '*'], 'X', [None, '/'], 'X', [None, '-'], 'X', [None, '+'], 'X', 'X', [None, '/'], 'X', [None, '*'], 'X', [Piece(r, 8, isdama=False), '+'], 'X', [Piece(r, 0, isdama=False), '-'], [None, '-'], 'X', [None, '+'], 'X', [Piece(r, -3, isdama=False), '*'], 'X', [None, '/'], 'X', 'X', [Piece(r, 10, isdama=False), '+'], 'X', [None, '-'], 'X', [None, '/'], 'X', [None, '*'], [None, '*'], 'X', [None, '/'], 'X', [None, '-'], 'X', [Piece(b, 2, isdama=False), '+'], 'X', 'X', [None, '/'], 'X', [None, '*'], 'X', [None, '+'], 'X', [None, '-'], [None, '-'], 'X', [None, '+'], 'X', [Piece(r, -7, isdama=False), '*'], 'X', [None, '/'], 'X', 'X', [None, '+'], 'X', [None, '-'], 'X', [None, '/'], 'X', [None, '*']]","{""valid_moves"": [{""position"": [0, ""*""], ""piece"": [""red"", 2, false], ""destination"": [9]}, {""position"": [13, ""+""], ""piece"": [""red"", 8, false], ""destination"": [22]}, {""position"": [15, ""-""], ""piece"": [""red"", 0, false], ""destination"": [22]}, {""position"": [20, ""*""], ""piece"": [""red"", -3, false], ""destination"": [27, 29]}, {""position"": [25, ""+""], ""piece"": [""red"", 10, false], ""destination"": [32, 34]}, {""position"": [52, ""*""], ""piece"": [""red"", -7, false], ""destination"": [59, 61]}]}","Piece(r, 2, isdama=False): [9]
Piece(r, 8, isdama=False): [22]
Piece(r, 0, isdama=False): [22]
Piece(r, -3, isdama=False): [27, 29]
Piece(r, 10, isdama=False): [32, 34]
Piece(r, -7, isdama=False): [59, 61]"
"[[Piece(r, 2, isdama=False), '*'], 'X', [None, '/'], 'X', [None, '-'], 'X', [None, '+'], 'X', 'X', [None, '/'], 'X', [None, '*'], 'X', [Piece(r, 8, isdama=False), '+'], 'X', [Piece(r, 0, isdama=False), '-'], [None, '-'], 'X', [None, '+'], 'X', [Piece(r, -3, isdama=False), '*'], 'X', [None, '/'], 'X', 'X', [Piece(r, 10, isdama=False), '+'], 'X', [None, '-'], 'X', [None, '/'], 'X', [None, '*'], [None, '*'], 'X', [None, '/'], 'X', [None, '-'], 'X', [Piece(b, 2, isdama=False), '+'], 'X', 'X', [None, '/'], 'X', [None, '*'], 'X', [None, '+'], 'X', [None, '-'], [None, '-'], 'X', [None, '+'], 'X', [Piece(r, -7, isdama=False), '*'], 'X', [None, '/'], 'X', 'X', [None, '+'], 'X', [None, '-'], 'X', [None, '/'], 'X', [None, '*']]","{""valid_moves"": [{""position"": [0, ""*""], ""piece"": [""red"", 2, false], ""destination"": [9]}, {""position"": [13, ""+""], ""piece"": [""red"", 8, false], ""destination"": [22]}, {""position"": [15, ""-""], ""piece"": [""red"", 0, false], ""destination"": [22]}, {""position"": [20, ""*""], ""piece"": [""red"", -3, false], ""destination"": [27, 29]}, {""position"": [25, ""+""], ""piece"": [""red"", 10, false], ""destination"": [32, 34]}, {""position"": [52, ""*""], ""piece"": [""red"", -7, false], ""destination"": [59, 61]}]}","Piece(r, 2, isdama=False): [9]
Piece(r, 8, isdama=False): [22]
Piece(r, 0, isdama=False): [22]
Piece(r, -3, isdama=False): [27, 29]
Piece(r, 10, isdama=False): [32, 34]
Piece(r, -7, isdama=False): [59, 61]"
"[[Piece(r, 2, isdama=False), '*'], 'X', [None, '/'], 'X', [None, '-'], 'X', [None, '+'], 'X', 'X', [None, '/'], 'X', [None, '*'], 'X', [Piece(r, 8, isdama=False), '+'], 'X', [Piece(r, 0, isdama=False), '-'], [None, '-'], 'X', [None, '+'], 'X', [Piece(r, -3, isdama=False), '*'], 'X', [None, '/'], 'X', 'X', [Piece(r, 10, isdama=False), '+'], 'X', [None, '-'], 'X', [None, '/'], 'X', [None, '*'], [None, '*'], 'X', [None, '/'], 'X', [None, '-'], 'X', [Piece(b, 2, isdama=False), '+'], 'X', 'X', [None, '/'], 'X', [None, '*'], 'X', [None, '+'], 'X', [None, '-'], [None, '-'], 'X', [None, '+'], 'X', [Piece(r, -7, isdama=False), '*'], 'X', [None, '/'], 'X', 'X', [None, '+'], 'X', [None, '-'], 'X', [None, '/'], 'X', [None, '*']]","{""valid_moves"": [{""position"": [0, ""*""], ""piece"": [""red"", 2, false], ""destination"": [9]}, {""position"": [13, ""+""], ""piece"": [""red"", 8, false], ""destination"": [22]}, {""position"": [15, ""-""], ""piece"": [""red"", 0, false], ""destination"": [22]}, {""position"": [20, ""*""], ""piece"": [""red"", -3, false], ""destination"": [27, 29]}, {""position"": [25, ""+""], ""piece"": [""red"", 10, false], ""destination"": [32, 34]}, {""position"": [52, ""*""], ""piece"": [""red"", -7, false], ""destination"": [59, 61]}]}","Piece(r, 2, isdama=False): [9]
Piece(r, 8, isdama=False): [22]
Piece(r, 0, isdama=False): [22]
Piece(r, -3, isdama=False): [27, 29]
Piece(r, 10, isdama=False): [32, 34]
Piece(r, -7, isdama=False): [59, 61]"
"[[Piece(r, 2, isdama=False), '*'], 'X', [None, '/'], 'X', [None, '-'], 'X', [None, '+'], 'X', 'X', [None, '/'], 'X', [None, '*'], 'X', [Piece(r, 8, isdama=False), '+'], 'X', [Piece(r, 0, isdama=False), '-'], [None, '-'], 'X', [None, '+'], 'X', [Piece(r, -3, isdama=False), '*'], 'X', [None, '/'], 'X', 'X', [Piece(r, 10, isdama=False), '+'], 'X', [None, '-'], 'X', [None, '/'], 'X', [None, '*'], [None, '*'], 'X', [None, '/'], 'X', [None, '-'], 'X', [Piece(b, 2, isdama=False), '+'], 'X', 'X', [None, '/'], 'X', [None, '*'], 'X', [None, '+'], 'X', [None, '-'], [None, '-'], 'X', [None, '+'], 'X', [Piece(r, -7, isdama=False), '*'], 'X', [None, '/'], 'X', 'X', [None, '+'], 'X', [None, '-'], 'X', [None, '/'], 'X', [None, '*']]","{""valid_moves"": [{""position"": [0, ""*""], ""piece"": [""red"", 2, false], ""destination"": [9]}, {""position"": [13, ""+""], ""piece"": [""red"", 8, false], ""destination"": [22]}, {""position"": [15, ""-""], ""piece"": [""red"", 0, false], ""destination"": [22]}, {""position"": [20, ""*""], ""piece"": [""red"", -3, false], ""destination"": [27, 29]}, {""position"": [25, ""+""], ""piece"": [""red"", 10, false], ""destination"": [32, 34]}, {""position"": [52, ""*""], ""piece"": [""red"", -7, false], ""destination"": [59, 61]}]}","Piece(r, 2, isdama=False): [9]
Piece(r, 8, isdama=False): [22]
Piece(r, 0, isdama=False): [22]
Piece(r, -3, isdama=False): [27, 29]
Piece(r, 10, isdama=False): [32, 34]
Piece(r, -7, isdama=False): [59, 61]"
"[[Piece(r, 2, isdama=False), '*'], 'X', [None, '/'], 'X', [None, '-'], 'X', [None, '+'], 'X', 'X', [None, '/'], 'X', [None, '*'], 'X', [Piece(r, 8, isdama=False), '+'], 'X', [Piece(r, 0, isdama=False), '-'], [None, '-'], 'X', [None, '+'], 'X', [Piece(r, -3, isdama=False), '*'], 'X', [None, '/'], 'X', 'X', [Piece(r, 10, isdama=False), '+'], 'X', [None, '-'], 'X', [None, '/'], 'X', [None, '*'], [None, '*'], 'X', [None, '/'], 'X', [None, '-'], 'X', [Piece(b, 2, isdama=False), '+'], 'X', 'X', [None, '/'], 'X', [None, '*'], 'X', [None, '+'], 'X', [None, '-'], [None, '-'], 'X', [None, '+'], 'X', [Piece(r, -7, isdama=False), '*'], 'X', [None, '/'], 'X', 'X', [None, '+'], 'X', [None, '-'], 'X', [None, '/'], 'X', [None, '*']]","{""valid_moves"": [{""position"": [0, ""*""], ""piece"": [""red"", 2, false], ""destination"": [9]}, {""position"": [13, ""+""], ""piece"": [""red"", 8, false], ""destination"": [22]}, {""position"": [15, ""-""], ""piece"": [""red"", 0, false], ""destination"": [22]}, {""position"": [20, ""*""], ""piece"": [""red"", -3, false], ""destination"": [27, 29]}, {""position"": [25, ""+""], ""piece"": [""red"", 10, false], ""destination"": [32, 34]}, {""position"": [52, ""*""], ""piece"": [""red"", -7, false], ""destination"": [59, 61]}]}","Piece(r, 2, isdama=False): [9]
Piece(r, 8, isdama=False): [22]
Piece(r, 0, isdama=False): [22]
Piece(r, -3, isdama=False): [27, 29]
Piece(r, 10, isdama=False): [32, 34]
Piece(r, -7, isdama=False): [59, 61]"
"[[Piece(r, 2, isdama=False), '*'], 'X', [None, '/'], 'X', [None, '-'], 'X', [None, '+'], 'X', 'X', [None, '/'], 'X', [None, '*'], 'X', [Piece(r, 8, isdama=False), '+'], 'X', [Piece(r, 0, isdama=False), '-'], [None, '-'], 'X', [None, '+'], 'X', [Piece(r, -3, isdama=False), '*'], 'X', [None, '/'], 'X', 'X', [Piece(r, 10, isdama=False), '+'], 'X', [None, '-'], 'X', [None, '/'], 'X', [None, '*'], [None, '*'], 'X', [None, '/'], 'X', [None, '-'], 'X', [Piece(b, 2, isdama=False), '+'], 'X', 'X', [None, '/'], 'X', [None, '*'], 'X', [None, '+'], 'X', [None, '-'], [None, '-'], 'X', [None, '+'], 'X', [Piece(r, -7, isdama=False), '*'], 'X', [None, '/'], 'X', 'X', [None, '+'], 'X', [None, '-'], 'X', [None, '/'], 'X', [None, '*']]","{""valid_moves"": [{""position"": [0, ""*""], ""piece"": [""red"", 2, false], ""destination"": [9]}, {""position"": [13, ""+""], ""piece"": [""red"", 8, false], ""destination"": [22]}, {""position"": [15, ""-""], ""piece"": [""red"", 0, false], ""destination"": [22]}, {""position"": [20, ""*""], ""piece"": [""red"", -3, false], ""destination"": [27, 29]}, {""position"": [25, ""+""], ""piece"": [""red"", 10, false], ""destination"": [32, 34]}, {""position"": [52, ""*""], ""piece"": [""red"", -7, false], ""destination"": [59, 61]}]}","Piece(r, 2, isdama=False): [9]
Piece(r, 8, isdama=False): [22]
Piece(r, 0, isdama=False): [22]
Piece(r, -3, isdama=False): [27, 29]
Piece(r, 10, isdama=False): [32, 34]
Piece(r, -7, isdama=False): [59, 61]"
"[[Piece(r, 2, isdama=False), '*'], 'X', [None, '/'], 'X', [None, '-'], 'X', [None, '+'], 'X', 'X', [None, '/'], 'X', [None, '*'], 'X', [Piece(r, 8, isdama=False), '+'], 'X', [Piece(r, 0, isdama=False), '-'], [None, '-'], 'X', [None, '+'], 'X', [Piece(r, -3, isdama=False), '*'], 'X', [None, '/'], 'X', 'X', [Piece(r, 10, isdama=False), '+'], 'X', [None, '-'], 'X', [None, '/'], 'X', [None, '*'], [None, '*'], 'X', [None, '/'], 'X', [None, '-'], 'X', [Piece(b, 2, isdama=False), '+'], 'X', 'X', [None, '/'], 'X', [None, '*'], 'X', [None, '+'], 'X', [None, '-'], [None, '-'], 'X', [None, '+'], 'X', [Piece(r, -7, isdama=False), '*'], 'X', [None, '/'], 'X', 'X', [None, '+'], 'X', [None, '-'], 'X', [None, '/'], 'X', [None, '*']]","{""valid_moves"": [{""position"": [0, ""*""], ""piece"": [""red"", 2, false], ""destination"": [9]}, {""position"": [13, ""+""], ""piece"": [""red"", 8, false], ""destination"": [22]}, {""position"": [15, ""-""], ""piece"": [""red"", 0, false], ""destination"": [22]}, {""position"": [20, ""*""], ""piece"": [""red"", -3, false], ""destination"": [27, 29]}, {""position"": [25, ""+""], ""piece"": [""red"", 10, false], ""destination"": [32, 34]}, {""position"": [52, ""*""], ""piece"": [""red"", -7, false], ""destination"": [59, 61]}]}","Piece(r, 2, isdama=False): [9]
Piece(r, 8, isdama=False): [22]
Piece(r, 0, isdama=False): [22]
Piece(r, -3, isdama=False): [27, 29]
Piece(r, 10, isdama=False): [32, 34]
Piece(r, -7, isdama=False): [59, 61]"
"[[Piece(r, 2, isdama=False), '*'], 'X', [None, '/'], 'X', [None, '-'], 'X', [None, '+'], 'X', 'X', [None, '/'], 'X', [None, '*'], 'X', [Piece(r, 8, isdama=False), '+'], 'X', [Piece(r, 0, isdama=False), '-'], [None, '-'], 'X', [None, '+'], 'X', [None, '*'], 'X', [None, '/'], 'X', 'X', [Piece(r, 10, isdama=False), '+'], 'X', [Piece(r, -3, isdama=False), '-'], 'X', [Piece(b, 2, isdama=False), '/'], 'X', [None, '*'], [None, '*'], 'X', [None, '/'], 'X', [None, '-'], 'X', [None, '+'], 'X', 'X', [None, '/'], 'X', [None, '*'], 'X', [None, '+'], 'X', [None, '-'], [None, '-'], 'X', [None, '+'], 'X', [Piece(r, -7, isdama=False), '*'], 'X', [None, '/'], 'X', 'X', [None, '+'], 'X', [None, '-'], 'X', [None, '/'], 'X', [None, '*']]","{""valid_moves"": [{""position"": [0, ""*""], ""piece"": [""red"", 2, false], ""destination"": [9]}, {""position"": [13, ""+""], ""piece"": [""red"", 8, false], ""destination"": [20, 22]}, {""position"": [15, ""-""], ""piece"": [""red"", 0, false], ""destination"": [22]}, {""position"": [25, ""+""], ""piece"": [""red"", 10, false], ""destination"": [32, 34]}, {""position"": [27, ""-""], ""piece"": [""red"", -3, false], ""destination"": [34, 36]}, {""position"": [52, ""*""], ""piece"": [""red"", -7, false], ""destination"": [59, 61]}]}","Piece(r, 2, isdama=False): [9]
Piece(r, 8, isdama=False): [20, 22]
Piece(r, 0, isdama=False): [22]
Piece(r, 10, isdama=False): [32, 34]
Piece(r, -3, isdama=False): [34, 36]
Piece(r, -7, isdama=False): [59, 61]"
"[[Piece(r, 2, isdama=False), '*'], 'X', [None, '/'], 'X', [None, '-'], 'X', [None, '+'], 'X', 'X', [None, '/'], 'X', [None, '*'], 'X', [Piece(r, 8, isdama=False), '+'], 'X', [Piece(r, 0, isdama=False), '-'], [None, '-'], 'X', [None, '+'], 'X', [None, '*'], 'X', [None, '/'], 'X', 'X', [Piece(r, 10, isdama=False), '+'], 'X', [Piece(r, -3, isdama=False), '-'], 'X', [Piece(b, 2, isdama=False), '/'], 'X', [None, '*'], [None, '*'], 'X', [None, '/'], 'X', [None, '-'], 'X', [None, '+'], 'X', 'X', [None, '/'], 'X', [None, '*'], 'X', [None, '+'], 'X', [None, '-'], [None, '-'], 'X', [None, '+'], 'X', [Piece(r, -7, isdama=False), '*'], 'X', [None, '/'], 'X', 'X', [None, '+'], 'X', [None, '-'], 'X', [None, '/'], 'X', [None, '*']]","{""valid_moves"": [{""position"": [0, ""*""], ""piece"": [""red"", 2, false], ""destination"": [9]}, {""position"": [13, ""+""], ""piece"": [""red"", 8, false], ""destination"": [20, 22]}, {""position"": [15, ""-""], ""piece"": [""red"", 0, false], ""destination"": [22]}, {""position"": [25, ""+""], ""piece"": [""red"", 10, false], ""destination"": [32, 34]}, {""position"": [27, ""-""], ""piece"": [""red"", -3, false], ""destination"": [34, 36]}, {""position"": [52, ""*""], ""piece"": [""red"", -7, false], ""destination"": [59, 61]}]}","Piece(r, 2, isdama=False): [9]
Piece(r, 8, isdama=False): [20, 22]
Piece(r, 0, isdama=False): [22]
Piece(r, 10, isdama=False): [32, 34]
Piece(r, -3, isdama=False): [34, 36]
Piece(r, -7, isdama=False): [59, 61]"
"[[Piece(r, 2, isdama=False), '*'], 'X', [None, '/'], 'X', [None, '-'], 'X', [None, '+'], 'X', 'X', [None, '/'], 'X', [None, '*'], 'X', [Piece(r, 8, isdama=False), '+'], 'X', [Piece(r, 0, isdama=False), '-'], [None, '-'], 'X', [None, '+'], 'X', [None, '*'], 'X', [None, '/'], 'X', 'X', [Piece(r, 10, isdama=False), '+'], 'X', [Piece(r, -3, isdama=False), '-'], 'X', [Piece(b, 2, isdama=False), '/'], 'X', [None, '*'], [None, '*'], 'X', [None, '/'], 'X', [None, '-'], 'X', [None, '+'], 'X', 'X', [None, '/'], 'X', [None, '*'], 'X', [None, '+'], 'X', [None, '-'], [None, '-'], 'X', [None, '+'], 'X', [Piece(r, -7, isdama=False), '*'], 'X', [None, '/'], 'X', 'X', [None, '+'], 'X', [None, '-'], 'X', [None, '/'], 'X', [None, '*']]","{""valid_moves"": [{""position"": [0, ""*""], ""piece"": [""red"", 2, false], ""destination"": [9]}, {""position"": [13, ""+""], ""piece"": [""red"", 8, false], ""destination"": [20, 22]}, {""position"": [15, ""-""], ""piece"": [""red"", 0, false], ""destination"": [22]}, {""position"": [25, ""+""], ""piece"": [""red"", 10, false], ""destination"": [32, 34]}, {""position"": [27, ""-""], ""piece"": [""red"", -3, false], ""destination"": [34, 36]}, {""position"": [52, ""*""], ""piece"": [""red"", -7, false], ""destination"": [59, 61]}]}","Piece(r, 2, isdama=False): [9]
Piece(r, 8, isdama=False): [20, 22]
Piece(r, 0, isdama=False): [22]
Piece(r, 10, isdama=False): [32, 34]
Piece(r, -3, isdama=False): [34, 36]
Piece(r, -7, isdama=False): [59, 61]"
"[[Piece(r, 2, isdama=False), '*'], 'X', [None, '/'], 'X', [None, '-'], 'X', [None, '+'], 'X', 'X', [None, '/'], 'X', [None, '*'], 'X', [Piece(r, 8, isdama=False), '+'], 'X', [Piece(r, 0, isdama=False), '-'], [None, '-'], 'X', [None, '+'], 'X', [None, '*'], 'X', [None, '/'], 'X', 'X', [Piece(r, 10, isdama=False), '+'], 'X', [Piece(r, -3, isdama=False), '-'], 'X', [Piece(b, 2, isdama=False), '/'], 'X', [None, '*'], [None, '*'], 'X', [None, '/'], 'X', [None, '-'], 'X', [None, '+'], 'X', 'X', [None, '/'], 'X', [None, '*'], 'X', [None, '+'], 'X', [None, '-'], [None, '-'], 'X', [None, '+'], 'X', [Piece(r, -7, isdama=False), '*'], 'X', [None, '/'], 'X', 'X', [None, '+'], 'X', [None, '-'], 'X', [None, '/'], 'X', [None, '*']]","{""valid_moves"": [{""position"": [0, ""*""], ""piece"": [""red"", 2, false], ""destination"": [9]}, {""position"": [13, ""+""], ""piece"": [""red"", 8, false], ""destination"": [20, 22]}, {""position"": [15, ""-""], ""piece"": [""red"", 0, false], ""destination"": [22]}, {""position"": [25, ""+""], ""piece"": [""red"", 10, false], ""destination"": [32, 34]}, {""position"": [27, ""-""], ""piece"": [""red"", -3, false], ""destination"": [34, 36]}, {""position"": [52, ""*""], ""piece"": [""red"", -7, false], ""destination"": [59, 61]}]}","Piece(r, 2, isdama=False): [9]
Piece(r, 8, isdama=False): [20, 22]
Piece(r, 0, isdama=False): [22]
Piece(r, 10, isdama=False): [32, 34]
Piece(r, -3, isdama=False): [34, 36]
Piece(r, -7, isdama=False): [59, 61]"
"[[Piece(r, 2, isdama=False), '*'], 'X', [None, '/'], 'X', [None, '-'], 'X', [None, '+'], 'X', 'X', [None, '/'], 'X', [None, '*'], 'X', [Piece(r, 8, isdama=False), '+'], 'X', [Piece(r, 0, isdama=False), '-'], [None, '-'], 'X', [None, '+'], 'X', [None, '*'], 'X', [None, '/'], 'X', 'X', [Piece(r, 10, isdama=False), '+'], 'X', [Piece(r, -3, isdama=False), '-'], 'X', [Piece(b, 2, isdama=False), '/'], 'X', [None, '*'], [None, '*'], 'X', [None, '/'], 'X', [None, '-'], 'X', [None, '+'], 'X', 'X', [None, '/'], 'X', [None, '*'], 'X', [None, '+'], 'X', [None, '-'], [None, '-'], 'X', [None, '+'], 'X', [Piece(r, -7, isdama=False), '*'], 'X', [None, '/'], 'X', 'X', [None, '+'], 'X', [None, '-'], 'X', [None, '/'], 'X', [None, '*']]","{""valid_moves"": [{""position"": [0, ""*""], ""piece"": [""red"", 2, false], ""destination"": [9]}, {""position"": [13, ""+""], ""piece"": [""red"", 8, false], ""destination"": [20, 22]}, {""position"": [15, ""-""], ""piece"": [""red"", 0, false], ""destination"": [22]}, {""position"": [25, ""+""], ""piece"": [""red"", 10, false], ""destination"": [32, 34]}, {""position"": [27, ""-""], ""piece"": [""red"", -3, false], ""destination"": [34, 36]}, {""position"": [52, ""*""], ""piece"": [""red"", -7, false], ""destination"": [59, 61]}]}","Piece(r, 2, isdama=False): [9]
Piece(r, 8, isdama=False): [20, 22]
Piece(r, 0, isdama=False): [22]
Piece(r, 10, isdama=False): [32, 34]
Piece(r, -3, isdama=False): [34, 36]
Piece(r, -7, isdama=False): [59, 61]"
"[[Piece(r, 2, isdama=False), '*'], 'X', [None, '/'], 'X', [None, '-'], 'X', [None, '+'], 'X', 'X', [None, '/'], 'X', [None, '*'], 'X', [Piece(r, 8, isdama=False), '+'], 'X', [Piece(r, 0, isdama=False), '-'], [None, '-'], 'X', [None, '+'], 'X', [None, '*'], 'X', [None, '/'], 'X', 'X', [Piece(r, 10, isdama=False), '+'], 'X', [Piece(r, -3, isdama=False), '-'], 'X', [Piece(b, 2, isdama=False), '/'], 'X', [None, '*'], [None, '*'], 'X', [None, '/'], 'X', [None, '-'], 'X', [None, '+'], 'X', 'X', [None, '/'], 'X', [None, '*'], 'X', [None, '+'], 'X', [None, '-'], [None, '-'], 'X', [None, '+'], 'X', [Piece(r, -7, isdama=False), '*'], 'X', [None, '/'], 'X', 'X', [None, '+'], 'X', [None, '-'], 'X', [None, '/'], 'X', [None, '*']]","{""valid_moves"": [{""position"": [0, ""*""], ""piece"": [""red"", 2, false], ""destination"": [9]}, {""position"": [13, ""+""], ""piece"": [""red"", 8, false], ""destination"": [20, 22]}, {""position"": [15, ""-""], ""piece"": [""red"", 0, false], ""destination"": [22]}, {""position"": [25, ""+""], ""piece"": [""red"", 10, false], ""destination"": [32, 34]}, {""position"": [27, ""-""], ""piece"": [""red"", -3, false], ""destination"": [34, 36]}, {""position"": [52, ""*""], ""piece"": [""red"", -7, false], ""destination"": [59, 61]}]}","Piece(r, 2, isdama=False): [9]
Piece(r, 8, isdama=False): [20, 22]
Piece(r, 0, isdama=False): [22]
Piece(r, 10, isdama=False): [32, 34]
Piece(r, -3, isdama=False): [34, 36]
Piece(r, -7, isdama=False): [59, 61]"
"[[Piece(r, 2, isdama=False), '*'], 'X', [None, '/'], 'X', [None, '-'], 'X', [None, '+'], 'X', 'X', [None, '/'], 'X', [None, '*'], 'X', [Piece(r, 8, isdama=False), '+'], 'X', [Piece(r, 0, isdama=False), '-'], [None, '-'], 'X', [None, '+'], 'X', [None, '*'], 'X', [None, '/'], 'X', 'X', [Piece(r, 10, isdama=False), '+'], 'X', [Piece(r, -3, isdama=False), '-'], 'X', [Piece(b, 2, isdama=False), '/'], 'X', [None, '*'], [None, '*'], 'X', [None, '/'], 'X', [None, '-'], 'X', [None, '+'], 'X', 'X', [None, '/'], 'X', [None, '*'], 'X', [None, '+'], 'X', [None, '-'], [None, '-'], 'X', [None, '+'], 'X', [Piece(r, -7, isdama=False), '*'], 'X', [None, '/'], 'X', 'X', [None, '+'], 'X', [None, '-'], 'X', [None, '/'], 'X', [None, '*']]","{""valid_moves"": [{""position"": [0, ""*""], ""piece"": [""red"", 2, false], ""destination"": [9]}, {""position"": [13, ""+""], ""piece"": [""red"", 8, false], ""destination"": [20, 22]}, {""position"": [15, ""-""], ""piece"": [""red"", 0, false], ""destination"": [22]}, {""position"": [25, ""+""], ""piece"": [""red"", 10, false], ""destination"": [32, 34]}, {""position"": [27, ""-""], ""piece"": [""red"", -3, false], ""destination"": [34, 36]}, {""position"": [52, ""*""], ""piece"": [""red"", -7, false], ""destination"": [59, 61]}]}","Piece(r, 2, isdama=False): [9]
Piece(r, 8, isdama=False): [20, 22]
Piece(r, 0, isdama=False): [22]
Piece(r, 10, isdama=False): [32, 34]
Piece(r, -3, isdama=False): [34, 36]
Piece(r, -7, isdama=False): [59, 61]"
"[[Piece(r, 2, isdama=False), '*'], 'X', [None, '/'], 'X', [None, '-'], 'X', [None, '+'], 'X', 'X', [None, '/'], 'X', [None, '*'], 'X', [Piece(r, 8, isdama=False), '+'], 'X', [Piece(r, 0, isdama=False), '-'], [None, '-'], 'X', [None, '+'], 'X', [None, '*'], 'X', [None, '/'], 'X', 'X', [Piece(r, 10, isdama=False), '+'], 'X', [Piece(r, -3, isdama=False), '-'], 'X', [Piece(b, 2, isdama=False), '/'], 'X', [None, '*'], [None, '*'], 'X', [None, '/'], 'X', [None, '-'], 'X', [None, '+'], 'X', 'X', [None, '/'], 'X', [None, '*'], 'X', [None, '+'], 'X', [None, '-'], [None, '-'], 'X', [None, '+'], 'X', [Piece(r, -7, isdama=False), '*'], 'X', [None, '/'], 'X', 'X', [None, '+'], 'X', [None, '-'], 'X', [None, '/'], 'X', [None, '*']]","{""valid_moves"": [{""position"": [0, ""*""], ""piece"": [""red"", 2, false], ""destination"": [9]}, {""position"": [13, ""+""], ""piece"": [""red"", 8, false], ""destination"": [20, 22]}, {""position"": [15, ""-""], ""piece"": [""red"", 0, false], ""destination"": [22]}, {""position"": [25, ""+""], ""piece"": [""red"", 10, false], ""destination"": [32, 34]}, {""position"": [27, ""-""], ""piece"": [""red"", -3, false], ""destination"": [34, 36]}, {""position"": [52, ""*""], ""piece"": [""red"", -7, false], ""destination"": [59, 61]}]}","Piece(r, 2, isdama=False): [9]
Piece(r, 8, isdama=False): [20, 22]
Piece(r, 0, isdama=False): [22]
Piece(r, 10, isdama=False): [32, 34]
Piece(r, -3, isdama=False): [34, 36]
Piece(r, -7, isdama=False): [59, 61]"
"[[Piece(r, 2, isdama=False), '*'], 'X', [None, '/'], 'X', [None, '-'], 'X', [None, '+'], 'X', 'X', [None, '/'], 'X', [None, '*'], 'X', [Piece(r, 8, isdama=False), '+'], 'X', [Piece(r, 0, isdama=False), '-'], [None, '-'], 'X', [None, '+'], 'X', [None, '*'], 'X', [None, '/'], 'X', 'X', [Piece(r, 10, isdama=False), '+'], 'X', [Piece(r, -3, isdama=False), '-'], 'X', [Piece(b, 2, isdama=False), '/'], 'X', [None, '*'], [None, '*'], 'X', [None, '/'], 'X', [None, '-'], 'X', [None, '+'], 'X', 'X', [None, '/'], 'X', [None, '*'], 'X', [None, '+'], 'X', [None, '-'], [None, '-'], 'X', [None, '+'], 'X', [Piece(r, -7, isdama=False), '*'], 'X', [None, '/'], 'X', 'X', [None, '+'], 'X', [None, '-'], 'X', [None, '/'], 'X', [None, '*']]","{""valid_moves"": [{""position"": [0, ""*""], ""piece"": [""red"", 2, false], ""destination"": [9]}, {""position"": [13, ""+""], ""piece"": [""red"", 8, false], ""destination"": [20, 22]}, {""position"": [15, ""-""], ""piece"": [""red"", 0, false], ""destination"": [22]}, {""position"": [25, ""+""], ""piece"": [""red"", 10, false], ""destination"": [32, 34]}, {""position"": [27, ""-""], ""piece"": [""red"", -3, false], ""destination"": [34, 36]}, {""position"": [52, ""*""], ""piece"": [""red"", -7, false], ""destination"": [59, 61]}]}","Piece(r, 2, isdama=False): [9]
Piece(r, 8, isdama=False): [20, 22]
Piece(r, 0, isdama=False): [22]
Piece(r, 10, isdama=False): [32, 34]
Piece(r, -3, isdama=False): [34, 36]
Piece(r, -7, isdama=False): [59, 61]"
"[[Piece(r, 2, isdama=False), '*'], 'X', [None, '/'], 'X', [None, '-'], 'X', [None, '+'], 'X', 'X', [None, '/'], 'X', [None, '*'], 'X', [Piece(r, 8, isdama=False), '+'], 'X', [Piece(r, 0, isdama=False), '-'], [None, '-'], 'X', [None, '+'], 'X', [None, '*'], 'X', [None, '/'], 'X', 'X', [Piece(r, 10, isdama=False), '+'], 'X', [Piece(r, -3, isdama=False), '-'], 'X', [Piece(b, 2, isdama=False), '/'], 'X', [None, '*'], [None, '*'], 'X', [None, '/'], 'X', [None, '-'], 'X', [None, '+'], 'X', 'X', [None, '/'], 'X', [None, '*'], 'X', [None, '+'], 'X', [None, '-'], [None, '-'], 'X', [None, '+'], 'X', [Piece(r, -7, isdama=False), '*'], 'X', [None, '/'], 'X', 'X', [None, '+'], 'X', [None, '-'], 'X', [None, '/'], 'X', [None, '*']]","{""valid_moves"": [{""position"": [0, ""*""], ""piece"": [""red"", 2, false], ""destination"": [9]}, {""position"": [13, ""+""], ""piece"": [""red"", 8, false], ""destination"": [20, 22]}, {""position"": [15, ""-""], ""piece"": [""red"", 0, false], ""destination"": [22]}, {""position"": [25, ""+""], ""piece"": [""red"", 10, false], ""destination"": [32, 34]}, {""position"": [27, ""-""], ""piece"": [""red"", -3, false], ""destination"": [34, 36]}, {""position"": [52, ""*""], ""piece"": [""red"", -7, false], ""destination"": [59, 61]}]}","Piece(r, 2, isdama=False): [9]
Piece(r, 8, isdama=False): [20, 22]
Piece(r, 0, isdama=False): [22]
Piece(r, 10, isdama=False): [32, 34]
Piece(r, -3, isdama=False): [34, 36]
Piece(r, -7, isdama=False): [59, 61]"
"[[Piece(r, 2, isdama=False), '*'], 'X', [None, '/'], 'X', [None, '-'], 'X', [None, '+'], 'X', 'X', [None, '/'], 'X', [None, '*'], 'X', [Piece(r, 8, isdama=False), '+'], 'X', [Piece(r, 0, isdama=False), '-'], [None, '-'], 'X', [None, '+'], 'X', [Piece(b, 2, isdama=False), '*'], 'X', [None, '/'], 'X', 'X', [Piece(r, 10, isdama=False), '+'], 'X', [Piece(r, -3, isdama=False), '-'], 'X', [None, '/'], 'X', [None, '*'], [None, '*'], 'X', [None, '/'], 'X', [None, '-'], 'X', [None, '+'], 'X', 'X', [None, '/'], 'X', [None, '*'], 'X', [None, '+'], 'X', [None, '-'], [None, '-'], 'X', [None, '+'], 'X', [None, '*'], 'X', [None, '/'], 'X', 'X', [None, '+'], 'X', [None, '-'], 'X', [Piece(r, -7, isdama=True), '/'], 'X', [None, '*']]","{""valid_moves"": [{""position"": [0, ""*""], ""piece"": [""red"", 2, false], ""destination"": [9]}, {""position"": [13, ""+""], ""piece"": [""red"", 8, false], ""destination"": [22]}, {""position"": [15, ""-""], ""piece"": [""red"", 0, false], ""destination"": [22]}, {""position"": [25, ""+""], ""piece"": [""red"", 10, false], ""destination"": [32, 34]}, {""position"": [27, ""-""], ""piece"": [""red"", -3, false], ""destination"": [34, 36]}, {""position"": [61, ""/""], ""piece"": [""red"", -7, true], ""destination"": [[], [], [52, 43, 34], [54, 47]]}]}","Piece(r, 2, isdama=False): [9]
Piece(r, 8, isdama=False): [22]
Piece(r, 0, isdama=False): [22]
Piece(r, 10, isdama=False): [32, 34]
Piece(r, -3, isdama=False): [34, 36]
Piece(r, -7, isdama=True): [(), (), (52, 43, 34), (54, 47)]"
"[[Piece(r, 2, isdama=False), '*'], 'X', [None, '/'], 'X', [None, '-'], 'X', [None, '+'], 'X', 'X', [None, '/'], 'X', [None, '*'], 'X', [Piece(r, 8, isdama=False), '+'], 'X', [Piece(r, 0, isdama=False), '-'], [None, '-'], 'X', [None, '+'], 'X', [Piece(b, 2, isdama=False), '*'], 'X', [None, '/'], 'X', 'X', [Piece(r, 10, isdama=False), '+'], 'X', [Piece(r, -3, isdama=False), '-'], 'X', [None, '/'], 'X', [None, '*'], [None, '*'], 'X', [None, '/'], 'X', [None, '-'], 'X', [None, '+'], 'X', 'X', [None, '/'], 'X', [None, '*'], 'X', [None, '+'], 'X', [None, '-'], [None, '-'], 'X', [None, '+'], 'X', [None, '*'], 'X', [None, '/'], 'X', 'X', [None, '+'], 'X', [None, '-'], 'X', [Piece(r, -7, isdama=True), '/'], 'X', [None, '*']]","{""valid_moves"": [{""position"": [0, ""*""], ""piece"": [""red"", 2, false], ""destination"": [9]}, {""position"": [13, ""+""], ""piece"": [""red"", 8, false], ""destination"": [22]}, {""position"": [15, ""-""], ""piece"": [""red"", 0, false], ""destination"": [22]}, {""position"": [25, ""+""], ""piece"": [""red"", 10, false], ""destination"": [32, 34]}, {""position"": [27, ""-""], ""piece"": [""red"", -3, false], ""destination"": [34, 36]}, {""position"": [61, ""/""], ""piece"": [""red"", -7, true], ""destination"": [[], [], [52, 43, 34], [54, 47]]}]}","Piece(r, 2, isdama=False): [9]
Piece(r, 8, isdama=False): [22]
Piece(r, 0, isdama=False): [22]
Piece(r, 10, isdama=False): [32, 34]
Piece(r, -3, isdama=False): [34, 36]
Piece(r, -7, isdama=True): [(), (), (52, 43, 34), (54, 47)]"
"[[Piece(r, 2, isdama=False), '*'], 'X', [None, '/'], 'X', [None, '-'], 'X', [None, '+'], 'X', 'X', [None, '/'], 'X', [None, '*'], 'X', [Piece(r, 8, isdama=False), '+'], 'X', [Piece(r, 0, isdama=False), '-'], [None, '-'], 'X', [None, '+'], 'X', [Piece(b, 2, isdama=False), '*'], 'X', [None, '/'], 'X', 'X', [Piece(r, 10, isdama=False), '+'], 'X', [Piece(r, -3, isdama=False), '-'], 'X', [None, '/'], 'X', [None, '*'], [None, '*'], 'X', [None, '/'], 'X', [None, '-'], 'X', [None, '+'], 'X', 'X', [None, '/'], 'X', [None, '*'], 'X', [None, '+'], 'X', [None, '-'], [None, '-'], 'X', [None, '+'], 'X', [None, '*'], 'X', [None, '/'], 'X', 'X', [None, '+'], 'X', [None, '-'], 'X', [Piece(r, -7, isdama=True), '/'], 'X', [None, '*']]","{""valid_moves"": [{""position"": [0, ""*""], ""piece"": [""red"", 2, false], ""destination"": [9]}, {""position"": [13, ""+""], ""piece"": [""red"", 8, false], ""destination"": [22]}, {""position"": [15, ""-""], ""piece"": [""red"", 0, false], ""destination"": [22]}, {""position"": [25, ""+""], ""piece"": [""red"", 10, false], ""destination"": [32, 34]}, {""position"": [27, ""-""], ""piece"": [""red"", -3, false], ""destination"": [34, 36]}, {""position"": [61, ""/""], ""piece"": [""red"", -7, true], ""destination"": [[], [], [52, 43, 34], [54, 47]]}]}","Piece(r, 2, isdama=False): [9]
Piece(r, 8, isdama=False): [22]
Piece(r, 0, isdama=False): [22]
Piece(r, 10, isdama=False): [32, 34]
Piece(r, -3, isdama=False): [34, 36]
Piece(r, -7, isdama=True): [(), (), (52, 43, 34), (54, 47)]"
"[[Piece(r, 2, isdama=False), '*'], 'X', [None, '/'], 'X', [None, '-'], 'X', [None, '+'], 'X', 'X', [None, '/'], 'X', [None, '*'], 'X', [Piece(r, 8, isdama=False), '+'], 'X', [Piece(r, 0, isdama=False), '-'], [None, '-'], 'X', [None, '+'], 'X', [Piece(b, 2, isdama=False), '*'], 'X', [None, '/'], 'X', 'X', [Piece(r, 10, isdama=False), '+'], 'X', [Piece(r, -3, isdama=False), '-'], 'X', [None, '/'], 'X', [None, '*'], [None, '*'], 'X', [None, '/'], 'X', [None, '-'], 'X', [None, '+'], 'X', 'X', [None, '/'], 'X', [None, '*'], 'X', [None, '+'], 'X', [None, '-'], [None, '-'], 'X', [None, '+'], 'X', [None, '*'], 'X', [None, '/'], 'X', 'X', [None, '+'], 'X', [None, '-'], 'X', [Piece(r, -7, isdama=True), '/'], 'X', [None, '*']]","{""valid_moves"": [{""position"": [0, ""*""], ""piece"": [""red"", 2, false], ""destination"": [9]}, {""position"": [13, ""+""], ""piece"": [""red"", 8, false], ""destination"": [22]}, {""position"": [15, ""-""], ""piece"": [""red"", 0, false], ""destination"": [22]}, {""position"": [25, ""+""], ""piece"": [""red"", 10, false], ""destination"": [32, 34]}, {""position"": [27, ""-""], ""piece"": [""red"", -3, false], ""destination"": [34, 36]}, {""position"": [61, ""/""], ""piece"": [""red"", -7, true], ""destination"": [[], [], [52, 43, 34], [54, 47]]}]}","Piece(r, 2, isdama=False): [9]
Piece(r, 8, isdama=False): [22]
Piece(r, 0, isdama=False): [22]
Piece(r, 10, isdama=False): [32, 34]
Piece(r, -3, isdama=False): [34, 36]
Piece(r, -7, isdama=True): [(), (), (52, 43, 34), (54, 47)]"
"[[Piece(r, 2, isdama=False), '*'], 'X', [None, '/'], 'X', [None, '-'], 'X', [None, '+'], 'X', 'X', [None, '/'], 'X', [None, '*'], 'X', [Piece(r, 8, isdama=False), '+'], 'X', [Piece(r, 0, isdama=False), '-'], [None, '-'], 'X', [None, '+'], 'X', [Piece(b, 2, isdama=False), '*'], 'X', [None, '/'], 'X', 'X', [Piece(r, 10, isdama=False), '+'], 'X', [Piece(r, -3, isdama=False), '-'], 'X', [None, '/'], 'X', [None, '*'], [None, '*'], 'X', [None, '/'], 'X', [None, '-'], 'X', [None, '+'], 'X', 'X', [None, '/'], 'X', [None, '*'], 'X', [None, '+'], 'X', [None, '-'], [None, '-'], 'X', [None, '+'], 'X', [None, '*'], 'X', [None, '/'], 'X', 'X', [None, '+'], 'X', [None, '-'], 'X', [Piece(r, -7, isdama=True), '/'], 'X', [None, '*']]","{""valid_moves"": [{""position"": [0, ""*""], ""piece"": [""red"", 2, false], ""destination"": [9]}, {""position"": [13, ""+""], ""piece"": [""red"", 8, false], ""destination"": [22]}, {""position"": [15, ""-""], ""piece"": [""red"", 0, false], ""destination"": [22]}, {""position"": [25, ""+""], ""piece"": [""red"", 10, false], ""destination"": [32, 34]}, {""position"": [27, ""-""], ""piece"": [""red"", -3, false], ""destination"": [34, 36]}, {""position"": [61, ""/""], ""piece"": [""red"", -7, true], ""destination"": [[], [], [52, 43, 34], [54, 47]]}]}","Piece(r, 2, isdama=False): [9]
Piece(r, 8, isdama=False): [22]
Piece(r, 0, isdama=False): [22]
Piece(r, 10, isdama=False): [32, 34]
Piece(r, -3, isdama=False): [34, 36]
Piece(r, -7, isdama=True): [(), (), (52, 43, 34), (54, 47)]"
"[[Piece(r, 2, isdama=False), '*'], 'X', [None, '/'], 'X', [None, '-'], 'X', [None, '+'], 'X', 'X', [None, '/'], 'X', [None, '*'], 'X', [Piece(r, 8, isdama=False), '+'], 'X', [Piece(r, 0, isdama=False), '-'], [None, '-'], 'X', [None, '+'], 'X', [Piece(b, 2, isdama=False), '*'], 'X', [None, '/'], 'X', 'X', [Piece(r, 10, isdama=False), '+'], 'X', [Piece(r, -3, isdama=False), '-'], 'X', [None, '/'], 'X', [None, '*'], [None, '*'], 'X', [None, '/'], 'X', [None, '-'], 'X', [None, '+'], 'X', 'X', [None, '/'], 'X', [None, '*'], 'X', [None, '+'], 'X', [None, '-'], [None, '-'], 'X', [None, '+'], 'X', [None, '*'], 'X', [None, '/'], 'X', 'X', [None, '+'], 'X', [None, '-'], 'X', [Piece(r, -7, isdama=True), '/'], 'X', [None, '*']]","{""valid_moves"": [{""position"": [0, ""*""], ""piece"": [""red"", 2, false], ""destination"": [9]}, {""position"": [13, ""+""], ""piece"": [""red"", 8, false], ""destination"": [22]}, {""position"": [15, ""-""], ""piece"": [""red"", 0, false], ""destination"": [22]}, {""position"": [25, ""+""], ""piece"": [""red"", 10, false], ""destination"": [32, 34]}, {""position"": [27, ""-""], ""piece"": [""red"", -3, false], ""destination"": [34, 36]}, {""position"": [61, ""/""], ""piece"": [""red"", -7, true], ""destination"": [[], [], [52, 43, 34], [54, 47]]}]}","Piece(r, 2, isdama=False): [9]
Piece(r, 8, isdama=False): [22]
Piece(r, 0, isdama=False): [22]
Piece(r, 10, isdama=False): [32, 34]
Piece(r, -3, isdama=False): [34, 36]
Piece(r, -7, isdama=True): [(), (), (52, 43, 34), (54, 47)]"
"[[Piece(r, 2, isdama=False), '*'], 'X', [None, '/'], 'X', [None, '-'], 'X', [None, '+'], 'X', 'X', [None, '/'], 'X', [None, '*'], 'X', [Piece(r, 8, isdama=False), '+'], 'X', [Piece(r, 0, isdama=False), '-'], [None, '-'], 'X', [None, '+'], 'X', [Piece(b, 2, isdama=False), '*'], 'X', [None, '/'], 'X', 'X', [Piece(r, 10, isdama=False), '+'], 'X', [Piece(r, -3, isdama=False), '-'], 'X', [None, '/'], 'X', [None, '*'], [None, '*'], 'X', [None, '/'], 'X', [None, '-'], 'X', [None, '+'], 'X', 'X', [None, '/'], 'X', [None, '*'], 'X', [None, '+'], 'X', [None, '-'], [None, '-'], 'X', [None, '+'], 'X', [None, '*'], 'X', [None, '/'], 'X', 'X', [None, '+'], 'X', [None, '-'], 'X', [Piece(r, -7, isdama=True), '/'], 'X', [None, '*']]","{""valid_moves"": [{""position"": [0, ""*""], ""piece"": [""red"", 2, false], ""destination"": [9]}, {""position"": [13, ""+""], ""piece"": [""red"", 8, false], ""destination"": [22]}, {""position"": [15, ""-""], ""piece"": [""red"", 0, false], ""destination"": [22]}, {""position"": [25, ""+""], ""piece"": [""red"", 10, false], ""destination"": [32, 34]}, {""position"": [27, ""-""], ""piece"": [""red"", -3, false], ""destination"": [34, 36]}, {""position"": [61, ""/""], ""piece"": [""red"", -7, true], ""destination"": [[], [], [52, 43, 34], [54, 47]]}]}","Piece(r, 2, isdama=False): [9]
Piece(r, 8, isdama=False): [22]
Piece(r, 0, isdama=False): [22]
Piece(r, 10, isdama=False): [32, 34]
Piece(r, -3, isdama=False): [34, 36]
Piece(r, -7, isdama=True): [(), (), (52, 43, 34), (54, 47)]"
"[[Piece(r, 2, isdama=False), '*'], 'X', [None, '/'], 'X', [None, '-'], 'X', [None, '+'], 'X', 'X', [None, '/'], 'X', [None, '*'], 'X', [Piece(r, 8, isdama=False), '+'], 'X', [Piece(r, 0, isdama=False), '-'], [None, '-'], 'X', [None, '+'], 'X', [Piece(b, 2, isdama=False), '*'], 'X', [None, '/'], 'X', 'X', [Piece(r, 10, isdama=False), '+'], 'X', [Piece(r, -3, isdama=False), '-'], 'X', [None, '/'], 'X', [None, '*'], [None, '*'], 'X', [None, '/'], 'X', [None, '-'], 'X', [None, '+'], 'X', 'X', [None, '/'], 'X', [None, '*'], 'X', [None, '+'], 'X', [None, '-'], [None, '-'], 'X', [None, '+'], 'X', [None, '*'], 'X', [None, '/'], 'X', 'X', [None, '+'], 'X', [None, '-'], 'X', [Piece(r, -7, isdama=True), '/'], 'X', [None, '*']]","{""valid_moves"": [{""position"": [0, ""*""], ""piece"": [""red"", 2, false], ""destination"": [9]}, {""position"": [13, ""+""], ""piece"": [""red"", 8, false], ""destination"": [22]}, {""position"": [15, ""-""], ""piece"": [""red"", 0, false], ""destination"": [22]}, {""position"": [25, ""+""], ""piece"": [""red"", 10, false], ""destination"": [32, 34]}, {""position"": [27, ""-""], ""piece"": [""red"", -3, false], ""destination"": [34, 36]}, {""position"": [61, ""/""], ""piece"": [""red"", -7, true], ""destination"": [[], [], [52, 43, 34], [54, 47]]}]}","Piece(r, 2, isdama=False): [9]
Piece(r, 8, isdama=False): [22]
Piece(r, 0, isdama=False): [22]
Piece(r, 10, isdama=False): [32, 34]
Piece(r, -3, isdama=False): [34, 36]
Piece(r, -7, isdama=True): [(), (), (52, 43, 34), (54, 47)]"
"[[Piece(r, 2, isdama=False), '*'], 'X', [None, '/'], 'X', [None, '-'], 'X', [None, '+'], 'X', 'X', [None, '/'], 'X', [None, '*'], 'X', [Piece(r, 8, isdama=False), '+'], 'X', [Piece(r, 0, isdama=False), '-'], [None, '-'], 'X', [None, '+'], 'X', [Piece(b, 2, isdama=False), '*'], 'X', [None, '/'], 'X', 'X', [Piece(r, 10, isdama=False), '+'], 'X', [Piece(r, -3, isdama=False), '-'], 'X', [None, '/'], 'X', [None, '*'], [None, '*'], 'X', [None, '/'], 'X', [None, '-'], 'X', [None, '+'], 'X', 'X', [None, '/'], 'X', [None, '*'], 'X', [None, '+'], 'X', [None, '-'], [None, '-'], 'X', [None, '+'], 'X', [None, '*'], 'X', [None, '/'], 'X', 'X', [None, '+'], 'X', [None, '-'], 'X', [Piece(r, -7, isdama=True), '/'], 'X', [None, '*']]","{""valid_moves"": [{""position"": [0, ""*""], ""piece"": [""red"", 2, false], ""destination"": [9]}, {""position"": [13, ""+""], ""piece"": [""red"", 8, false], ""destination"": [22]}, {""position"": [15, ""-""], ""piece"": [""red"", 0, false], ""destination"": [22]}, {""position"": [25, ""+""], ""piece"": [""red"", 10, false], ""destination"": [32, 34]}, {""position"": [27, ""-""], ""piece"": [""red"", -3, false], ""destination"": [34, 36]}, {""position"": [61, ""/""], ""piece"": [""red"", -7, true], ""destination"": [[], [], [52, 43, 34], [54, 47]]}]}","Piece(r, 2, isdama=False): [9]
Piece(r, 8, isdama=False): [22]
Piece(r, 0, isdama=False): [22]
Piece(r, 10, isdama=False): [32, 34]
Piece(r, -3, isdama=False): [34, 36]
Piece(r, -7, isdama=True): [(), (), (52, 43, 34), (54, 47)]"
"[[Piece(r, 2, isdama=False), '*'], 'X', [None, '/'], 'X', [None, '-'], 'X', [None, '+'], 'X', 'X', [None, '/'], 'X', [None, '*'], 'X', [Piece(r, 8, isdama=False), '+'], 'X', [Piece(r, 0, isdama=False), '-'], [None, '-'], 'X', [None, '+'], 'X', [Piece(b, 2, isdama=False), '*'], 'X', [None, '/'], 'X', 'X', [Piece(r, 10, isdama=False), '+'], 'X', [Piece(r, -3, isdama=False), '-'], 'X', [None, '/'], 'X', [None, '*'], [None, '*'], 'X', [None, '/'], 'X', [None, '-'], 'X', [None, '+'], 'X', 'X', [None, '/'], 'X', [None, '*'], 'X', [None, '+'], 'X', [None, '-'], [None, '-'], 'X', [None, '+'], 'X', [None, '*'], 'X', [None, '/'], 'X', 'X', [None, '+'], 'X', [None, '-'], 'X', [Piece(r, -7, isdama=True), '/'], 'X', [None, '*']]","{""valid_moves"": [{""position"": [0, ""*""], ""piece"": [""red"", 2, false], ""destination"": [9]}, {""position"": [13, ""+""], ""piece"": [""red"", 8, false], ""destination"": [22]}, {""position"": [15, ""-""], ""piece"": [""red"", 0, false], ""destination"": [22]}, {""position"": [25, ""+""], ""piece"": [""red"", 10, false], ""destination"": [32, 34]}, {""position"": [27, ""-""], ""piece"": [""red"", -3, false], ""destination"": [34, 36]}, {""position"": [61, ""/""], ""piece"": [""red"", -7, true], ""destination"": [[], [], [52, 43, 34], [54, 47]]}]}","Piece(r, 2, isdama=False): [9]
Piece(r, 8, isdama=False): [22]
Piece(r, 0, isdama=False): [22]
Piece(r, 10, isdama=False): [32, 34]
Piece(r, -3, isdama=False): [34, 36]
Piece(r, -7, isdama=True): [(), (), (52, 43, 34), (54, 47)]"
"[[Piece(r, 2, isdama=False), '*'], 'X', [None, '/'], 'X', [None, '-'], 'X', [None, '+'], 'X', 'X', [None, '/'], 'X', [None, '*'], 'X', [Piece(r, 8, isdama=False), '+'], 'X', [Piece(r, 0, isdama=False), '-'], [None, '-'], 'X', [None, '+'], 'X', [Piece(b, 2, isdama=False), '*'], 'X', [None, '/'], 'X', 'X', [Piece(r, 10, isdama=False), '+'], 'X', [Piece(r, -3, isdama=False), '-'], 'X', [None, '/'], 'X', [None, '*'], [None, '*'], 'X', [None, '/'], 'X', [None, '-'], 'X', [None, '+'], 'X', 'X', [None, '/'], 'X', [None, '*'], 'X', [None, '+'], 'X', [None, '-'], [None, '-'], 'X', [None, '+'], 'X', [None, '*'], 'X', [None, '/'], 'X', 'X', [None, '+'], 'X', [None, '-'], 'X', [Piece(r, -7, isdama=True), '/'], 'X', [None, '*']]","{""valid_moves"": [{""position"": [0, ""*""], ""piece"": [""red"", 2, false], ""destination"": [9]}, {""position"": [13, ""+""], ""piece"": [""red"", 8, false], ""destination"": [22]}, {""position"": [15, ""-""], ""piece"": [""red"", 0, false], ""destination"": [22]}, {""position"": [25, ""+""], ""piece"": [""red"", 10, false], ""destination"": [32, 34]}, {""position"": [27, ""-""], ""piece"": [""red"", -3, false], ""destination"": [34, 36]}, {""position"": [61, ""/""], ""piece"": [""red"", -7, true], ""destination"": [[], [], [52, 43, 34], [54, 47]]}]}","Piece(r, 2, isdama=False): [9]
Piece(r, 8, isdama=False): [22]
Piece(r, 0, isdama=False): [22]
Piece(r, 10, isdama=False): [32, 34]
Piece(r, -3, isdama=False): [34, 36]
Piece(r, -7, isdama=True): [(), (), (52, 43, 34), (54, 47)]"
"[[Piece(r, 2, isdama=False), '*'], 'X', [None, '/'], 'X', [None, '-'], 'X', [None, '+'], 'X', 'X', [None, '/'], 'X', [None, '*'], 'X', [Piece(r, 8, isdama=False), '+'], 'X', [Piece(r, 0, isdama=False), '-'], [None, '-'], 'X', [None, '+'], 'X', [Piece(b, 2, isdama=False), '*'], 'X', [None, '/'], 'X', 'X', [Piece(r, 10, isdama=False), '+'], 'X', [Piece(r, -3, isdama=False), '-'], 'X', [None, '/'], 'X', [None, '*'], [None, '*'], 'X', [None, '/'], 'X', [None, '-'], 'X', [None, '+'], 'X', 'X', [None, '/'], 'X', [None, '*'], 'X', [None, '+'], 'X', [None, '-'], [None, '-'], 'X', [None, '+'], 'X', [None, '*'], 'X', [None, '/'], 'X', 'X', [None, '+'], 'X', [None, '-'], 'X', [Piece(r, -7, isdama=True), '/'], 'X', [None, '*']]","{""valid_moves"": [{""position"": [0, ""*""], ""piece"": [""red"", 2, false], ""destination"": [9]}, {""position"": [13, ""+""], ""piece"": [""red"", 8, false], ""destination"": [22]}, {""position"": [15, ""-""], ""piece"": [""red"", 0, false], ""destination"": [22]}, {""position"": [25, ""+""], ""piece"": [""red"", 10, false], ""destination"": [32, 34]}, {""position"": [27, ""-""], ""piece"": [""red"", -3, false], ""destination"": [34, 36]}, {""position"": [61, ""/""], ""piece"": [""red"", -7, true], ""destination"": [[], [], [52, 43, 34], [54, 47]]}]}","Piece(r, 2, isdama=False): [9]
Piece(r, 8, isdama=False): [22]
Piece(r, 0, isdama=False): [22]
Piece(r, 10, isdama=False): [32, 34]
Piece(r, -3, isdama=False): [34, 36]
Piece(r, -7, isdama=True): [(), (), (52, 43, 34), (54, 47)]"
"[[Piece(r, 2, isdama=False), '*'], 'X', [None, '/'], 'X', [None, '-'], 'X', [None, '+'], 'X', 'X', [None, '/'], 'X', [None, '*'], 'X', [None, '+'], 'X', [Piece(r, 0, isdama=False), '-'], [None, '-'], 'X', [None, '+'], 'X', [None, '*'], 'X', [Piece(r, 8, isdama=False), '/'], 'X', 'X', [Piece(r, 10, isdama=False), '+'], 'X', [None, '-'], 'X', [None, '/'], 'X', [None, '*'], [None, '*'], 'X', [Piece(b, 2, isdama=False), '/'], 'X', [None, '-'], 'X', [None, '+'], 'X', 'X', [None, '/'], 'X', [None, '*'], 'X', [None, '+'], 'X', [None, '-'], [None, '-'], 'X', [None, '+'], 'X', [None, '*'], 'X', [None, '/'], 'X', 'X', [None, '+'], 'X', [None, '-'], 'X', [Piece(r, -7, isdama=True), '/'], 'X', [None, '*']]","{""valid_moves"": [{""position"": [25, ""+""], ""piece"": [""red"", 10, false], ""destination"": [43]}]}","Piece(r, 10, isdama=False): [43]"
"[[Piece(r, 2, isdama=False), '*'], 'X', [Piece(r, -5, isdama=False), '/'], 'X', [Piece(r, 8, isdama=False), '-'], 'X', [Piece(r, -11, isdama=False), '+'], 'X', 'X', [Piece(r, -7, isdama=False), '/'], 'X', [Piece(r, 10, isdama=False), '*'], 'X', [Piece(r, -3, isdama=False), '+'], 'X', [Piece(r, 0, isdama=False), '-'], [Piece(r, 4, isdama=False), '-'], 'X', [Piece(r, -1, isdama=False), '+'], 'X', [Piece(r, 6, isdama=False), '*'], 'X', [Piece(r, -9, isdama=False), '/'], 'X', 'X', [None, '+'], 'X', [None, '-'], 'X', [None, '/'], 'X', [None, '*'], [None, '*'], 'X', [None, '/'], 'X', [None, '-'], 'X', [None, '+'], 'X', 'X', [Piece(b, -9, isdama=False), '/'], 'X', [Piece(b, 6, isdama=False), '*'], 'X', [Piece(b, -1, isdama=False), '+'], 'X', [Piece(b, 4, isdama=False), '-'], [Piece(b, 0, isdama=False), '-'], 'X', [Piece(b, -3, isdama=False), '+'], 'X', [Piece(b, 10, isdama=False), '*'], 'X', [Piece(b, -7, isdama=False), '/'], 'X', 'X', [Piece(b, -11, isdama=False), '+'], 'X', [Piece(b, 8, isdama=False), '-'], 'X', [Piece(b, -5, isdama=False), '/'], 'X', [Piece(b, 2, isdama=False), '*']]","{""valid_moves"": [{""position"": [16, ""-""], ""piece"": [""red"", 4, false], ""destination"": [25]}, {""position"": [18, ""+""], ""piece"": [""red"", -1, false], ""destination"": [25, 27]}, {""position"": [20, ""*""], ""piece"": [""red"", 6, false], ""destination"": [27, 29]}, {""position"": [22, ""/""], ""piece"": [""red"", -9, false], ""destination"": [29, 31]}]}","Piece(r, 4, isdama=False): [25]
Piece(r, -1, isdama=False): [25, 27]
Piece(r, 6, isdama=False): [27, 29]
Piece(r, -9, isdama=False): [29, 31]"
"[[Piece(r, 2, isdama=False), '*'], 'X', [Piece(r, -5, isdama=False), '/'], 'X', [Piece(r, 8, isdama=False), '-'], 'X', [Piece(r, -11, isdama=False), '+'], 'X', 'X', [Piece(r, -7, isdama=False), '/'], 'X', [Piece(r, 10, isdama=False), '*'], 'X', [Piece(r, -3, isdama=False), '+'], 'X', [Piece(r, 0, isdama=False), '-'], [Piece(r, 4, isdama=False), '-'], 'X', [Piece(r, -1, isdama=False), '+'], 'X', [Piece(r, 6, isdama=False), '*'], 'X', [Piece(r, -9, isdama=False), '/'], 'X', 'X', [None, '+'], 'X', [None, '-'], 'X', [None, '/'], 'X', [None, '*'], [None, '*'], 'X', [None, '/'], 'X', [None, '-'], 'X', [None, '+'], 'X', 'X', [Piece(b, -9, isdama=False), '/'], 'X', [Piece(b, 6, isdama=False), '*'], 'X', [Piece(b, -1, isdama=False), '+'], 'X', [Piece(b, 4, isdama=False), '-'], [Piece(b, 0, isdama=False), '-'], 'X', [Piece(b, -3, isdama=False), '+'], 'X', [Piece(b, 10, isdama=False), '*'], 'X', [Piece(b, -7, isdama=False), '/'], 'X', 'X', [Piece(b, -11, isdama=False), '+'], 'X', [Piece(b, 8, isdama=False), '-'], 'X', [Piece(b, -5, isdama=False), '/'], 'X', [Piece(b, 2, isdama=False), '*']]","{""valid_moves"": [{""position"": [16, ""-""], ""piece"": [""red"", 4, false], ""destination"": [25]}, {""position"": [18, ""+""], ""piece"": [""red"", -1, false], ""destination"": [25, 27]}, {""position"": [20, ""*""], ""piece"": [""red"", 6, false], ""destination"": [27, 29]}, {""position"": [22, ""/""], ""piece"": [""red"", -9, false], ""destination"": [29, 31]}]}","Piece(r, 4, isdama=False): [25]
Piece(r, -1, isdama=False): [25, 27]
Piece(r, 6, isdama=False): [27, 29]
Piece(r, -9, isdama=False): [29, 31]"
"[[Piece(r, 2, isdama=False), '*'], 'X', [Piece(r, -5, isdama=False), '/'], 'X', [Piece(r, 8, isdama=False), '-'], 'X', [Piece(r, -11, isdama=False), '+'], 'X', 'X', [Piece(r, -7, isdama=False), '/'], 'X', [Piece(r, 10, isdama=False), '*'], 'X', [Piece(r, -3, isdama=False), '+'], 'X', [Piece(r, 0, isdama=False), '-'], [Piece(r, 4, isdama=False), '-'], 'X', [Piece(r, -1, isdama=False), '+'], 'X', [Piece(r, 6, isdama=False), '*'], 'X', [Piece(r, -9, isdama=False), '/'], 'X', 'X', [None, '+'], 'X', [None, '-'], 'X', [None, '/'], 'X', [None, '*'], [None, '*'], 'X', [None, '/'], 'X', [None, '-'], 'X', [None, '+'], 'X', 'X', [Piece(b, -9, isdama=False), '/'], 'X', [Piece(b, 6, isdama=False), '*'], 'X', [Piece(b, -1, isdama=False), '+'], 'X', [Piece(b, 4, isdama=False), '-'], [Piece(b, 0, isdama=False), '-'], 'X', [Piece(b, -3, isdama=False), '+'], 'X', [Piece(b, 10, isdama=False), '*'], 'X', [Piece(b, -7, isdama=False), '/'], 'X', 'X', [Piece(b, -11, isdama=False), '+'], 'X', [Piece(b, 8, isdama=False), '-'], 'X', [Piece(b, -5, isdama=False), '/'], 'X', [Piece(b, 2, isdama=False), '*']]","{""valid_moves"": [{""position"": [16, ""-""], ""piece"": [""red"", 4, false], ""destination"": [25]}, {""position"": [18, ""+""], ""piece"": [""red"", -1, false], ""destination"": [25, 27]}, {""position"": [20, ""*""], ""piece"": [""red"", 6, false], ""destination"": [27, 29]}, {""position"": [22, ""/""], ""piece"": [""red"", -9, false], ""destination"": [29, 31]}]}","Piece(r, 4, isdama=False): [25]
Piece(r, -1, isdama=False): [25, 27]
Piece(r, 6, isdama=False): [27, 29]
Piece(r, -9, isdama=False): [29, 31]"
"[[Piece(r, 2, isdama=False), '*'], 'X', [Piece(r, -5, isdama=False), '/'], 'X', [Piece(r, 8, isdama=False), '-'], 'X', [Piece(r, -11, isdama=False), '+'], 'X', 'X', [Piece(r, -7, isdama=False), '/'], 'X', [Piece(r, 10, isdama=False), '*'], 'X', [Piece(r, -3, isdama=False), '+'], 'X', [Piece(r, 0, isdama=False), '-'], [Piece(r, 4, isdama=False), '-'], 'X', [Piece(r, -1, isdama=False), '+'], 'X', [Piece(r, 6, isdama=False), '*'], 'X', [Piece(r, -9, isdama=False), '/'], 'X', 'X', [None, '+'], 'X', [None, '-'], 'X', [None, '/'], 'X', [None, '*'], [None, '*'], 'X', [None, '/'], 'X', [None, '-'], 'X', [None, '+'], 'X', 'X', [Piece(b, -9, isdama=False), '/'], 'X', [Piece(b, 6, isdama=False), '*'], 'X', [Piece(b, -1, isdama=False), '+'], 'X', [Piece(b, 4, isdama=False), '-'], [Piece(b, 0, isdama=False), '-'], 'X', [Piece(b, -3, isdama=False), '+'], 'X', [Piece(b, 10, isdama=False), '*'], 'X', [Piece(b, -7, isdama=False), '/'], 'X', 'X', [Piece(b, -11, isdama=False), '+'], 'X', [Piece(b, 8, isdama=False), '-'], 'X', [Piece(b, -5, isdama=False), '/'], 'X', [Piece(b, 2, isdama=False), '*']]","{""valid_moves"": [{""position"": [16, ""-""], ""piece"": [""red"", 4, false], ""destination"": [25]}, {""position"": [18, ""+""], ""piece"": [""red"", -1, false], ""destination"": [25, 27]}, {""position"": [20, ""*""], ""piece"": [""red"", 6, false], ""destination"": [27, 29]}, {""position"": [22, ""/""], ""piece"": [""red"", -9, false], ""destination"": [29, 31]}]}","Piece(r, 4, isdama=False): [25]
Piece(r, -1, isdama=False): [25, 27]
Piece(r, 6, isdama=False): [27, 29]
Piece(r, -9, isdama=False): [29, 31]"
"[[Piece(r, 2, isdama=False), '*'], 'X', [Piece(r, -5, isdama=False), '/'], 'X', [Piece(r, 8, isdama=False), '-'], 'X', [Piece(r, -11, isdama=False), '+'], 'X', 'X', [Piece(r, -7, isdama=False), '/'], 'X', [Piece(r, 10, isdama=False), '*'], 'X', [Piece(r, -3, isdama=False), '+'], 'X', [Piece(r, 0, isdama=False), '-'], [Piece(r, 4, isdama=False), '-'], 'X', [Piece(r, -1, isdama=False), '+'], 'X', [Piece(r, 6, isdama=False), '*'], 'X', [Piece(r, -9, isdama=False), '/'], 'X', 'X', [None, '+'], 'X', [None, '-'], 'X', [None, '/'], 'X', [None, '*'], [None, '*'], 'X', [None, '/'], 'X', [None, '-'], 'X', [None, '+'], 'X', 'X', [Piece(b, -9, isdama=False), '/'], 'X', [Piece(b, 6, isdama=False), '*'], 'X', [Piece(b, -1, isdama=False), '+'], 'X', [Piece(b, 4, isdama=False), '-'], [Piece(b, 0, isdama=False), '-'], 'X', [Piece(b, -3, isdama=False), '+'], 'X', [Piece(b, 10, isdama=False), '*'], 'X', [Piece(b, -7, isdama=False), '/'], 'X', 'X', [Piece(b, -11, isdama=False), '+'], 'X', [Piece(b, 8, isdama=False), '-'], 'X', [Piece(b, -5, isdama=False), '/'], 'X', [Piece(b, 2, isdama=False), '*']]","{""valid_moves"": [{""position"": [16, ""-""], ""piece"": [""red"", 4, false], ""destination"": [25]}, {""position"": [18, ""+""], ""piece"": [""red"", -1, false], ""destination"": [25, 27]}, {""position"": [20, ""*""], ""piece"": [""red"", 6, false], ""destination"": [27, 29]}, {""position"": [22, ""/""], ""piece"": [""red"", -9, false], ""destination"": [29, 31]}]}","Piece(r, 4, isdama=False): [25]
Piece(r, -1, isdama=False): [25, 27]
Piece(r, 6, isdama=False): [27, 29]
Piece(r, -9, isdama=False): [29, 31]"
"[[Piece(r, 2, isdama=False), '*'], 'X', [Piece(r, -5, isdama=False), '/'], 'X', [Piece(r, 8, isdama=False), '-'], 'X', [Piece(r, -11, isdama=False), '+'], 'X', 'X', [Piece(r, -7, isdama=False), '/'], 'X', [Piece(r, 10, isdama=False), '*'], 'X', [Piece(r, -3, isdama=False), '+'], 'X', [Piece(r, 0, isdama=False), '-'], [Piece(r, 4, isdama=False), '-'], 'X', [Piece(r, -1, isdama=False), '+'], 'X', [Piece(r, 6, isdama=False), '*'], 'X', [Piece(r, -9, isdama=False), '/'], 'X', 'X', [None, '+'], 'X', [None, '-'], 'X', [None, '/'], 'X', [None, '*'], [None, '*'], 'X', [None, '/'], 'X', [None, '-'], 'X', [None, '+'], 'X', 'X', [Piece(b, -9, isdama=False), '/'], 'X', [Piece(b, 6, isdama=False), '*'], 'X', [Piece(b, -1, isdama=False), '+'], 'X', [Piece(b, 4, isdama=False), '-'], [Piece(b, 0, isdama=False), '-'], 'X', [Piece(b, -3, isdama=False), '+'], 'X', [Piece(b, 10, isdama=False), '*'], 'X', [Piece(b, -7, isdama=False), '/'], 'X', 'X', [Piece(b, -11, isdama=False), '+'], 'X', [Piece(b, 8, isdama=False), '-'], 'X', [Piece(b, -5, isdama=False), '/'], 'X', [Piece(b, 2, isdama=False), '*']]","{""valid_moves"": [{""position"": [16, ""-""], ""piece"": [""red"", 4, false], ""destination"": [25]}, {""position"": [18, ""+""], ""piece"": [""red"", -1, false], ""destination"": [25, 27]}, {""position"": [20, ""*""], ""piece"": [""red"", 6, false], ""destination"": [27, 29]}, {""position"": [22, ""/""], ""piece"": [""red"", -9, false], ""destination"": [29, 31]}]}","Piece(r, 4, isdama=False): [25]
Piece(r, -1, isdama=False): [25, 27]
Piece(r, 6, isdama=False): [27, 29]
Piece(r, -9, isdama=False): [29, 31]"
"[[Piece(r, 2, isdama=False), '*'], 'X', [Piece(r, -5, isdama=False), '/'], 'X', [Piece(r, 8, isdama=False), '-'], 'X', [Piece(r, -11, isdama=False), '+'], 'X', 'X', [Piece(r, -7, isdama=False), '/'], 'X', [Piece(r, 10, isdama=False), '*'], 'X', [Piece(r, -3, isdama=False), '+'], 'X', [Piece(r, 0, isdama=False), '-'], [Piece(r, 4, isdama=False), '-'], 'X', [Piece(r, -1, isdama=False), '+'], 'X', [Piece(r, 6, isdama=False), '*'], 'X', [Piece(r, -9, isdama=False), '/'], 'X', 'X', [None, '+'], 'X', [None, '-'], 'X', [None, '/'], 'X', [None, '*'], [None, '*'], 'X', [None, '/'], 'X', [None, '-'], 'X', [None, '+'], 'X', 'X', [Piece(b, -9, isdama=False), '/'], 'X', [Piece(b, 6, isdama=False), '*'], 'X', [Piece(b, -1, isdama=False), '+'], 'X', [Piece(b, 4, isdama=False), '-'], [Piece(b, 0, isdama=False), '-'], 'X', [Piece(b, -3, isdama=False), '+'], 'X', [Piece(b, 10, isdama=False), '*'], 'X', [Piece(b, -7, isdama=False), '/'], 'X', 'X', [Piece(b, -11, isdama=False), '+'], 'X', [Piece(b, 8, isdama=False), '-'], 'X', [Piece(b, -5, isdama=False), '/'], 'X', [Piece(b, 2, isdama=False), '*']]","{""valid_moves"": [{""position"": [16, ""-""], ""piece"": [""red"", 4, false], ""destination"": [25]}, {""position"": [18, ""+""], ""piece"": [""red"", -1, false], ""destination"": [25, 27]}, {""position"": [20, ""*""], ""piece"": [""red"", 6, false], ""destination"": [27, 29]}, {""position"": [22, ""/""], ""piece"": [""red"", -9, false], ""destination"": [29, 31]}]}","Piece(r, 4, isdama=False): [25]
Piece(r, -1, isdama=False): [25, 27]
Piece(r, 6, isdama=False): [27, 29]
Piece(r, -9, isdama=False): [29, 31]"
"[[Piece(r, 2, isdama=False), '*'], 'X', [Piece(r, -5, isdama=False), '/'], 'X', [Piece(r, 8, isdama=False), '-'], 'X', [Piece(r, -11, isdama=False), '+'], 'X', 'X', [Piece(r, -7, isdama=False), '/'], 'X', [Piece(r, 10, isdama=False), '*'], 'X', [Piece(r, -3, isdama=False), '+'], 'X', [Piece(r, 0, isdama=False), '-'], [None, '-'], 'X', [Piece(r, -1, isdama=False), '+'], 'X', [Piece(r, 6, isdama=False), '*'], 'X', [Piece(r, -9, isdama=False), '/'], 'X', 'X', [Piece(r, 4, isdama=False), '+'], 'X', [None, '-'], 'X', [None, '/'], 'X', [None, '*'], [None, '*'], 'X', [Piece(b, 6, isdama=False), '/'], 'X', [None, '-'], 'X', [None, '+'], 'X', 'X', [Piece(b, -9, isdama=False), '/'], 'X', [None, '*'], 'X', [Piece(b, -1, isdama=False), '+'], 'X', [Piece(b, 4, isdama=False), '-'], [Piece(b, 0, isdama=False), '-'], 'X', [Piece(b, -3, isdama=False), '+'], 'X', [Piece(b, 10, isdama=False), '*'], 'X', [Piece(b, -7, isdama=False), '/'], 'X', 'X', [Piece(b, -11, isdama=False), '+'], 'X', [Piece(b, 8, isdama=False), '-'], 'X', [Piece(b, -5, isdama=False), '/'], 'X', [Piece(b, 2, isdama=False), '*']]","{""valid_moves"": [{""position"": [25, ""+""], ""piece"": [""red"", 4, false], ""destination"": [43]}]}","Piece(r, 4, isdama=False): [43]"
"[[Piece(r, 2, isdama=False), '*'], 'X', [Piece(r, -5, isdama=False), '/'], 'X', [Piece(r, 8, isdama=False), '-'], 'X', [Piece(r, -11, isdama=False), '+'], 'X', 'X', [Piece(r, -7, isdama=False), '/'], 'X', [Piece(r, 10, isdama=False), '*'], 'X', [Piece(r, -3, isdama=False), '+'], 'X', [Piece(r, 0, isdama=False), '-'], [None, '-'], 'X', [Piece(r, -1, isdama=False), '+'], 'X', [Piece(r, 6, isdama=False), '*'], 'X', [Piece(r, -9, isdama=False), '/'], 'X', 'X', [None, '+'], 'X', [None, '-'], 'X', [None, '/'], 'X', [None, '*'], [None, '*'], 'X', [Piece(b, 10, isdama=False), '/'], 'X', [None, '-'], 'X', [None, '+'], 'X', 'X', [Piece(b, -9, isdama=False), '/'], 'X', [None, '*'], 'X', [Piece(b, -1, isdama=False), '+'], 'X', [Piece(b, 4, isdama=False), '-'], [Piece(b, 0, isdama=False), '-'], 'X', [Piece(b, -3, isdama=False), '+'], 'X', [None, '*'], 'X', [Piece(b, -7, isdama=False), '/'], 'X', 'X', [Piece(b, -11, isdama=False), '+'], 'X', [Piece(b, 8, isdama=False), '-'], 'X', [Piece(b, -5, isdama=False), '/'], 'X', [Piece(b, 2, isdama=False), '*']]","{""valid_moves"": [{""position"": [9, ""/""], ""piece"": [""red"", -7, false], ""destination"": [16]}, {""position"": [18, ""+""], ""piece"": [""red"", -1, false], ""destination"": [25, 27]}, {""position"": [20, ""*""], ""piece"": [""red"", 6, false], ""destination"": [27, 29]}, {""position"": [22, ""/""], ""piece"": [""red"", -9, false], ""destination"": [29, 31]}]}","Piece(r, -7, isdama=False): [16]
Piece(r, -1, isdama=False): [25, 27]
Piece(r, 6, isdama=False): [27, 29]
Piece(r, -9, isdama=False): [29, 31]"
"[[Piece(r, 2, isdama=False), '*'], 'X', [Piece(r, -5, isdama=False), '/'], 'X', [Piece(r, 8, isdama=False), '-'], 'X', [Piece(r, -11, isdama=False), '+'], 'X', 'X', [Piece(r, -7, isdama=False), '/'], 'X', [Piece(r, 10, isdama=False), '*'], 'X', [Piece(r, -3, isdama=False), '+'], 'X', [Piece(r, 0, isdama=False), '-'], [None, '-'], 'X', [Piece(r, -1, isdama=False), '+'], 'X', [Piece(r, 6, isdama=False), '*'], 'X', [Piece(r, -9, isdama=False), '/'], 'X', 'X', [None, '+'], 'X', [None, '-'], 'X', [None, '/'], 'X', [None, '*'], [None, '*'], 'X', [Piece(b, 10, isdama=False), '/'], 'X', [None, '-'], 'X', [None, '+'], 'X', 'X', [Piece(b, -9, isdama=False), '/'], 'X', [None, '*'], 'X', [Piece(b, -1, isdama=False), '+'], 'X', [Piece(b, 4, isdama=False), '-'], [Piece(b, 0, isdama=False), '-'], 'X', [Piece(b, -3, isdama=False), '+'], 'X', [None, '*'], 'X', [Piece(b, -7, isdama=False), '/'], 'X', 'X', [Piece(b, -11, isdama=False), '+'], 'X', [Piece(b, 8, isdama=False), '-'], 'X', [Piece(b, -5, isdama=False), '/'], 'X', [Piece(b, 2, isdama=False), '*']]","{""valid_moves"": [{""position"": [9, ""/""], ""piece"": [""red"", -7, false], ""destination"": [16]}, {""position"": [18, ""+""], ""piece"": [""red"", -1, false], ""destination"": [25, 27]}, {""position"": [20, ""*""], ""piece"": [""red"", 6, false], ""destination"": [27, 29]}, {""position"": [22, ""/""], ""piece"": [""red"", -9, false], ""destination"": [29, 31]}]}","Piece(r, -7, isdama=False): [16]
Piece(r, -1, isdama=False): [25, 27]
Piece(r, 6, isdama=False): [27, 29]
Piece(r, -9, isdama=False): [29, 31]"
"[[Piece(r, 2, isdama=False), '*'], 'X', [Piece(r, -5, isdama=False), '/'], 'X', [Piece(r, 8, isdama=False), '-'], 'X', [Piece(r, -11, isdama=False), '+'], 'X', 'X', [Piece(r, -7, isdama=False), '/'], 'X', [Piece(r, 10, isdama=False), '*'], 'X', [Piece(r, -3, isdama=False), '+'], 'X', [Piece(r, 0, isdama=False), '-'], [None, '-'], 'X', [Piece(r, -1, isdama=False), '+'], 'X', [Piece(r, 6, isdama=False), '*'], 'X', [Piece(r, -9, isdama=False), '/'], 'X', 'X', [None, '+'], 'X', [None, '-'], 'X', [None, '/'], 'X', [None, '*'], [None, '*'], 'X', [Piece(b, 10, isdama=False), '/'], 'X', [None, '-'], 'X', [None, '+'], 'X', 'X', [Piece(b, -9, isdama=False), '/'], 'X', [None, '*'], 'X', [Piece(b, -1, isdama=False), '+'], 'X', [Piece(b, 4, isdama=False), '-'], [Piece(b, 0, isdama=False), '-'], 'X', [Piece(b, -3, isdama=False), '+'], 'X', [None, '*'], 'X', [Piece(b, -7, isdama=False), '/'], 'X', 'X', [Piece(b, -11, isdama=False), '+'], 'X', [Piece(b, 8, isdama=False), '-'], 'X', [Piece(b, -5, isdama=False), '/'], 'X', [Piece(b, 2, isdama=False), '*']]","{""valid_moves"": [{""position"": [9, ""/""], ""piece"": [""red"", -7, false], ""destination"": [16]}, {""position"": [18, ""+""], ""piece"": [""red"", -1, false], ""destination"": [25, 27]}, {""position"": [20, ""*""], ""piece"": [""red"", 6, false], ""destination"": [27, 29]}, {""position"": [22, ""/""], ""piece"": [""red"", -9, false], ""destination"": [29, 31]}]}","Piece(r, -7, isdama=False): [16]
Piece(r, -1, isdama=False): [25, 27]
Piece(r, 6, isdama=False): [27, 29]
Piece(r, -9, isdama=False): [29, 31]"
"[[Piece(r, 2, isdama=False), '*'], 'X', [Piece(r, -5, isdama=False), '/'], 'X', [Piece(r, 8, isdama=False), '-'], 'X', [Piece(r, -11, isdama=False), '+'], 'X', 'X', [Piece(r, -7, isdama=False), '/'], 'X', [Piece(r, 10, isdama=False), '*'], 'X', [Piece(r, -3, isdama=False), '+'], 'X', [Piece(r, 0, isdama=False), '-'], [None, '-'], 'X', [Piece(r, -1, isdama=False), '+'], 'X', [Piece(r, 6, isdama=False), '*'], 'X', [Piece(r, -9, isdama=False), '/'], 'X', 'X', [None, '+'], 'X', [None, '-'], 'X', [None, '/'], 'X', [None, '*'], [None, '*'], 'X', [Piece(b, 10, isdama=False), '/'], 'X', [None, '-'], 'X', [None, '+'], 'X', 'X', [Piece(b, -9, isdama=False), '/'], 'X', [None, '*'], 'X', [Piece(b, -1, isdama=False), '+'], 'X', [Piece(b, 4, isdama=False), '-'], [Piece(b, 0, isdama=False), '-'], 'X', [Piece(b, -3, isdama=False), '+'], 'X', [None, '*'], 'X', [Piece(b, -7, isdama=False), '/'], 'X', 'X', [Piece(b, -11, isdama=False), '+'], 'X', [Piece(b, 8, isdama=False), '-'], 'X', [Piece(b, -5, isdama=False), '/'], 'X', [Piece(b, 2, isdama=False), '*']]","{""valid_moves"": [{""position"": [9, ""/""], ""piece"": [""red"", -7, false], ""destination"": [16]}, {""position"": [18, ""+""], ""piece"": [""red"", -1, false], ""destination"": [25, 27]}, {""position"": [20, ""*""], ""piece"": [""red"", 6, false], ""destination"": [27, 29]}, {""position"": [22, ""/""], ""piece"": [""red"", -9, false], ""destination"": [29, 31]}]}","Piece(r, -7, isdama=False): [16]
Piece(r, -1, isdama=False): [25, 27]
Piece(r, 6, isdama=False): [27, 29]
Piece(r, -9, isdama=False): [29, 31]"
"[[Piece(r, 2, isdama=False), '*'], 'X', [Piece(r, -5, isdama=False), '/'], 'X', [Piece(r, 8, isdama=False), '-'], 'X', [Piece(r, -11, isdama=False), '+'], 'X', 'X', [Piece(r, -7, isdama=False), '/'], 'X', [Piece(r, 10, isdama=False), '*'], 'X', [Piece(r, -3, isdama=False), '+'], 'X', [Piece(r, 0, isdama=False), '-'], [None, '-'], 'X', [Piece(r, -1, isdama=False), '+'], 'X', [Piece(r, 6, isdama=False), '*'], 'X', [Piece(r, -9, isdama=False), '/'], 'X', 'X', [None, '+'], 'X', [None, '-'], 'X', [None, '/'], 'X', [None, '*'], [None, '*'], 'X', [Piece(b, 10, isdama=False), '/'], 'X', [None, '-'], 'X', [None, '+'], 'X', 'X', [Piece(b, -9, isdama=False), '/'], 'X', [None, '*'], 'X', [Piece(b, -1, isdama=False), '+'], 'X', [Piece(b, 4, isdama=False), '-'], [Piece(b, 0, isdama=False), '-'], 'X', [Piece(b, -3, isdama=False), '+'], 'X', [None, '*'], 'X', [Piece(b, -7, isdama=False), '/'], 'X', 'X', [Piece(b, -11, isdama=False), '+'], 'X', [Piece(b, 8, isdama=False), '-'], 'X', [Piece(b, -5, isdama=False), '/'], 'X', [Piece(b, 2, isdama=False), '*']]","{""valid_moves"": [{""position"": [9, ""/""], ""piece"": [""red"", -7, false], ""destination"": [16]}, {""position"": [18, ""+""], ""piece"": [""red"", -1, false], ""destination"": [25, 27]}, {""position"": [20, ""*""], ""piece"": [""red"", 6, false], ""destination"": [27, 29]}, {""position"": [22, ""/""], ""piece"": [""red"", -9, false], ""destination"": [29, 31]}]}","Piece(r, -7, isdama=False): [16]
Piece(r, -1, isdama=False): [25, 27]
Piece(r, 6, isdama=False): [27, 29]
Piece(r, -9, isdama=False): [29, 31]"
"[[Piece(r, 2, isdama=False), '*'], 'X', [Piece(r, -5, isdama=False), '/'], 'X', [Piece(r, 8, isdama=False), '-'], 'X', [Piece(r, -11, isdama=False), '+'], 'X', 'X', [Piece(r, -7, isdama=False), '/'], 'X', [Piece(r, 10, isdama=False), '*'], 'X', [Piece(r, -3, isdama=False), '+'], 'X', [Piece(r, 0, isdama=False), '-'], [None, '-'], 'X', [Piece(r, -1, isdama=False), '+'], 'X', [Piece(r, 6, isdama=False), '*'], 'X', [Piece(r, -9, isdama=False), '/'], 'X', 'X', [None, '+'], 'X', [None, '-'], 'X', [None, '/'], 'X', [None, '*'], [None, '*'], 'X', [Piece(b, 10, isdama=False), '/'], 'X', [None, '-'], 'X', [None, '+'], 'X', 'X', [Piece(b, -9, isdama=False), '/'], 'X', [None, '*'], 'X', [Piece(b, -1, isdama=False), '+'], 'X', [Piece(b, 4, isdama=False), '-'], [Piece(b, 0, isdama=False), '-'], 'X', [Piece(b, -3, isdama=False), '+'], 'X', [None, '*'], 'X', [Piece(b, -7, isdama=False), '/'], 'X', 'X', [Piece(b, -11, isdama=False), '+'], 'X', [Piece(b, 8, isdama=False), '-'], 'X', [Piece(b, -5, isdama=False), '/'], 'X', [Piece(b, 2, isdama=False), '*']]","{""valid_moves"": [{""position"": [9, ""/""], ""piece"": [""red"", -7, false], ""destination"": [16]}, {""position"": [18, ""+""], ""piece"": [""red"", -1, false], ""destination"": [25, 27]}, {""position"": [20, ""*""], ""piece"": [""red"", 6, false], ""destination"": [27, 29]}, {""position"": [22, ""/""], ""piece"": [""red"", -9, false], ""destination"": [29, 31]}]}","Piece(r, -7, isdama=False): [16]
Piece(r, -1, isdama=False): [25, 27]
Piece(r, 6, isdama=False): [27, 29]
Piece(r, -9, isdama=False): [29, 31]"
"[[Piece(r, 2, isdama=False), '*'], 'X', [Piece(r, -5, isdama=False), '/'], 'X', [Piece(r, 8, isdama=False), '-'], 'X', [Piece(r, -11, isdama=False), '+'], 'X', 'X', [Piece(r, -7, isdama=False), '/'], 'X', [Piece(r, 10, isdama=False), '*'], 'X', [Piece(r, -3, isdama=False), '+'], 'X', [Piece(r, 0, isdama=False), '-'], [None, '-'], 'X', [Piece(r, -1, isdama=False), '+'], 'X', [Piece(r, 6, isdama=False), '*'], 'X', [Piece(r, -9, isdama=False), '/'], 'X', 'X', [None, '+'], 'X', [None, '-'], 'X', [None, '/'], 'X', [None, '*'], [None, '*'], 'X', [Piece(b, 10, isdama=False), '/'], 'X', [None, '-'], 'X', [None, '+'], 'X', 'X', [Piece(b, -9, isdama=False), '/'], 'X', [None, '*'], 'X', [Piece(b, -1, isdama=False), '+'], 'X', [Piece(b, 4, isdama=False), '-'], [Piece(b, 0, isdama=False), '-'], 'X', [Piece(b, -3, isdama=False), '+'], 'X', [None, '*'], 'X', [Piece(b, -7, isdama=False), '/'], 'X', 'X', [Piece(b, -11, isdama=False), '+'], 'X', [Piece(b, 8, isdama=False), '-'], 'X', [Piece(b, -5, isdama=False), '/'], 'X', [Piece(b, 2, isdama=False), '*']]","{""valid_moves"": [{""position"": [9, ""/""], ""piece"": [""red"", -7, false], ""destination"": [16]}, {""position"": [18, ""+""], ""piece"": [""red"", -1, false], ""destination"": [25, 27]}, {""position"": [20, ""*""], ""piece"": [""red"", 6, false], ""destination"": [27, 29]}, {""position"": [22, ""/""], ""piece"": [""red"", -9, false], ""destination"": [29, 31]}]}","Piece(r, -7, isdama=False): [16]
Piece(r, -1, isdama=False): [25, 27]
Piece(r, 6, isdama=False): [27, 29]
Piece(r, -9, isdama=False): [29, 31]"
"[[Piece(r, 2, isdama=False), '*'], 'X', [Piece(r, -5, isdama=False), '/'], 'X', [Piece(r, 8, isdama=False), '-'], 'X', [Piece(r, -11, isdama=False), '+'], 'X', 'X', [Piece(r, -7, isdama=False), '/'], 'X', [Piece(r, 10, isdama=False), '*'], 'X', [Piece(r, -3, isdama=False), '+'], 'X', [Piece(r, 0, isdama=False), '-'], [Piece(b, 10, isdama=False), '-'], 'X', [None, '+'], 'X', [Piece(r, 6, isdama=False), '*'], 'X', [Piece(r, -9, isdama=False), '/'], 'X', 'X', [None, '+'], 'X', [None, '-'], 'X', [None, '/'], 'X', [None, '*'], [None, '*'], 'X', [None, '/'], 'X', [None, '-'], 'X', [None, '+'], 'X', 'X', [Piece(b, -9, isdama=False), '/'], 'X', [None, '*'], 'X', [Piece(b, -1, isdama=False), '+'], 'X', [Piece(b, 4, isdama=False), '-'], [Piece(b, 0, isdama=False), '-'], 'X', [Piece(b, -3, isdama=False), '+'], 'X', [None, '*'], 'X', [Piece(b, -7, isdama=False), '/'], 'X', 'X', [Piece(b, -11, isdama=False), '+'], 'X', [Piece(b, 8, isdama=False), '-'], 'X', [Piece(b, -5, isdama=False), '/'], 'X', [Piece(b, 2, isdama=False), '*']]","{""valid_moves"": [{""position"": [9, ""/""], ""piece"": [""red"", -7, false], ""destination"": [18]}, {""position"": [11, ""*""], ""piece"": [""red"", 10, false], ""destination"": [18]}, {""position"": [20, ""*""], ""piece"": [""red"", 6, false], ""destination"": [27, 29]}, {""position"": [22, ""/""], ""piece"": [""red"", -9, false], ""destination"": [29, 31]}]}","Piece(r, -7, isdama=False): [18]
Piece(r, 10, isdama=False): [18]
Piece(r, 6, isdama=False): [27, 29]
Piece(r, -9, isdama=False): [29, 31]"
"[[Piece(r, 2, isdama=False), '*'], 'X', [Piece(r, -5, isdama=False), '/'], 'X', [Piece(r, 8, isdama=False), '-'], 'X', [Piece(r, -11, isdama=False), '+'], 'X', 'X', [Piece(r, -7, isdama=False), '/'], 'X', [Piece(r, 10, isdama=False), '*'], 'X', [Piece(r, -3, isdama=False), '+'], 'X', [Piece(r, 0, isdama=False), '-'], [Piece(b, 10, isdama=False), '-'], 'X', [None, '+'], 'X', [Piece(r, 6, isdama=False), '*'], 'X', [Piece(r, -9, isdama=False), '/'], 'X', 'X', [None, '+'], 'X', [None, '-'], 'X', [None, '/'], 'X', [None, '*'], [None, '*'], 'X', [None, '/'], 'X', [None, '-'], 'X', [None, '+'], 'X', 'X', [Piece(b, -9, isdama=False), '/'], 'X', [None, '*'], 'X', [Piece(b, -1, isdama=False), '+'], 'X', [Piece(b, 4, isdama=False), '-'], [Piece(b, 0, isdama=False), '-'], 'X', [Piece(b, -3, isdama=False), '+'], 'X', [None, '*'], 'X', [Piece(b, -7, isdama=False), '/'], 'X', 'X', [Piece(b, -11, isdama=False), '+'], 'X', [Piece(b, 8, isdama=False), '-'], 'X', [Piece(b, -5, isdama=False), '/'], 'X', [Piece(b, 2, isdama=False), '*']]","{""valid_moves"": [{""position"": [9, ""/""], ""piece"": [""red"", -7, false], ""destination"": [18]}, {""position"": [11, ""*""], ""piece"": [""red"", 10, false], ""destination"": [18]}, {""position"": [20, ""*""], ""piece"": [""red"", 6, false], ""destination"": [27, 29]}, {""position"": [22, ""/""], ""piece"": [""red"", -9, false], ""destination"": [29, 31]}]}","Piece(r, -7, isdama=False): [18]
Piece(r, 10, isdama=False): [18]
Piece(r, 6, isdama=False): [27, 29]
Piece(r, -9, isdama=False): [29, 31]"
"[[Piece(r, 2, isdama=False), '*'], 'X', [Piece(r, -5, isdama=False), '/'], 'X', [Piece(r, 8, isdama=False), '-'], 'X', [Piece(r, -11, isdama=False), '+'], 'X', 'X', [Piece(r, -7, isdama=False), '/'], 'X', [Piece(r, 10, isdama=False), '*'], 'X', [Piece(r, -3, isdama=False), '+'], 'X', [Piece(r, 0, isdama=False), '-'], [Piece(b, 10, isdama=False), '-'], 'X', [None, '+'], 'X', [Piece(r, 6, isdama=False), '*'], 'X', [Piece(r, -9, isdama=False), '/'], 'X', 'X', [None, '+'], 'X', [None, '-'], 'X', [None, '/'], 'X', [None, '*'], [None, '*'], 'X', [None, '/'], 'X', [None, '-'], 'X', [None, '+'], 'X', 'X', [Piece(b, -9, isdama=False), '/'], 'X', [None, '*'], 'X', [Piece(b, -1, isdama=False), '+'], 'X', [Piece(b, 4, isdama=False), '-'], [Piece(b, 0, isdama=False), '-'], 'X', [Piece(b, -3, isdama=False), '+'], 'X', [None, '*'], 'X', [Piece(b, -7, isdama=False), '/'], 'X', 'X', [Piece(b, -11, isdama=False), '+'], 'X', [Piece(b, 8, isdama=False), '-'], 'X', [Piece(b, -5, isdama=False), '/'], 'X', [Piece(b, 2, isdama=False), '*']]","{""valid_moves"": [{""position"": [9, ""/""], ""piece"": [""red"", -7, false], ""destination"": [18]}, {""position"": [11, ""*""], ""piece"": [""red"", 10, false], ""destination"": [18]}, {""position"": [20, ""*""], ""piece"": [""red"", 6, false], ""destination"": [27, 29]}, {""position"": [22, ""/""], ""piece"": [""red"", -9, false], ""destination"": [29, 31]}]}","Piece(r, -7, isdama=False): [18]
Piece(r, 10, isdama=False): [18]
Piece(r, 6, isdama=False): [27, 29]
Piece(r, -9, isdama=False): [29, 31]"
"[[Piece(r, 2, isdama=False), '*'], 'X', [Piece(r, -5, isdama=False), '/'], 'X', [Piece(r, 8, isdama=False), '-'], 'X', [Piece(r, -11, isdama=False), '+'], 'X', 'X', [Piece(r, -7, isdama=False), '/'], 'X', [Piece(r, 10, isdama=False), '*'], 'X', [Piece(r, -3, isdama=False), '+'], 'X', [Piece(r, 0, isdama=False), '-'], [Piece(b, 10, isdama=False), '-'], 'X', [None, '+'], 'X', [Piece(r, 6, isdama=False), '*'], 'X', [Piece(r, -9, isdama=False), '/'], 'X', 'X', [None, '+'], 'X', [None, '-'], 'X', [None, '/'], 'X', [None, '*'], [None, '*'], 'X', [None, '/'], 'X', [None, '-'], 'X', [None, '+'], 'X', 'X', [Piece(b, -9, isdama=False), '/'], 'X', [None, '*'], 'X', [Piece(b, -1, isdama=False), '+'], 'X', [Piece(b, 4, isdama=False), '-'], [Piece(b, 0, isdama=False), '-'], 'X', [Piece(b, -3, isdama=False), '+'], 'X', [None, '*'], 'X', [Piece(b, -7, isdama=False), '/'], 'X', 'X', [Piece(b, -11, isdama=False), '+'], 'X', [Piece(b, 8, isdama=False), '-'], 'X', [Piece(b, -5, isdama=False), '/'], 'X', [Piece(b, 2, isdama=False), '*']]","{""valid_moves"": [{""position"": [9, ""/""], ""piece"": [""red"", -7, false], ""destination"": [18]}, {""position"": [11, ""*""], ""piece"": [""red"", 10, false], ""destination"": [18]}, {""position"": [20, ""*""], ""piece"": [""red"", 6, false], ""destination"": [27, 29]}, {""position"": [22, ""/""], ""piece"": [""red"", -9, false], ""destination"": [29, 31]}]}","Piece(r, -7, isdama=False): [18]
Piece(r, 10, isdama=False): [18]
Piece(r, 6, isdama=False): [27, 29]
Piece(r, -9, isdama=False): [29, 31]"
"[[Piece(r, 2, isdama=False), '*'], 'X', [Piece(r, -5, isdama=False), '/'], 'X', [Piece(r, 8, isdama=False), '-'], 'X', [Piece(r, -11, isdama=False), '+'], 'X', 'X', [Piece(r, -7, isdama=False), '/'], 'X', [Piece(r, 10, isdama=False), '*'], 'X', [Piece(r, -3, isdama=False), '+'], 'X', [Piece(r, 0, isdama=False), '-'], [Piece(b, 10, isdama=False), '-'], 'X', [None, '+'], 'X', [Piece(r, 6, isdama=False), '*'], 'X', [Piece(r, -9, isdama=False), '/'], 'X', 'X', [None, '+'], 'X', [None, '-'], 'X', [None, '/'], 'X', [None, '*'], [None, '*'], 'X', [None, '/'], 'X', [None, '-'], 'X', [None, '+'], 'X', 'X', [Piece(b, -9, isdama=False), '/'], 'X', [None, '*'], 'X', [Piece(b, -1, isdama=False), '+'], 'X', [Piece(b, 4, isdama=False), '-'], [Piece(b, 0, isdama=False), '-'], 'X', [Piece(b, -3, isdama=False), '+'], 'X', [None, '*'], 'X', [Piece(b, -7, isdama=False), '/'], 'X', 'X', [Piece(b, -11, isdama=False), '+'], 'X', [Piece(b, 8, isdama=False), '-'], 'X', [Piece(b, -5, isdama=False), '/'], 'X', [Piece(b, 2, isdama=False), '*']]","{""valid_moves"": [{""position"": [9, ""/""], ""piece"": [""red"", -7, false], ""destination"": [18]}, {""position"": [11, ""*""], ""piece"": [""red"", 10, false], ""destination"": [18]}, {""position"": [20, ""*""], ""piece"": [""red"", 6, false], ""destination"": [27, 29]}, {""position"": [22, ""/""], ""piece"": [""red"", -9, false], ""destination"": [29, 31]}]}","Piece(r, -7, isdama=False): [18]
Piece(r, 10, isdama=False): [18]
Piece(r, 6, isdama=False): [27, 29]
Piece(r, -9, isdama=False): [29, 31]"
"[[Piece(r, 2, isdama=False), '*'], 'X', [Piece(r, -5, isdama=False), '/'], 'X', [Piece(r, 8, isdama=False), '-'], 'X', [Piece(r, -11, isdama=False), '+'], 'X', 'X', [Piece(r, -7, isdama=False), '/'], 'X', [Piece(r, 10, isdama=False), '*'], 'X', [Piece(r, -3, isdama=False), '+'], 'X', [Piece(r, 0, isdama=False), '-'], [Piece(b, 10, isdama=False), '-'], 'X', [None, '+'], 'X', [Piece(r, 6, isdama=False), '*'], 'X', [Piece(r, -9, isdama=False), '/'], 'X', 'X', [None, '+'], 'X', [None, '-'], 'X', [None, '/'], 'X', [None, '*'], [None, '*'], 'X', [None, '/'], 'X', [None, '-'], 'X', [None, '+'], 'X', 'X', [Piece(b, -9, isdama=False), '/'], 'X', [None, '*'], 'X', [Piece(b, -1, isdama=False), '+'], 'X', [Piece(b, 4, isdama=False), '-'], [Piece(b, 0, isdama=False), '-'], 'X', [Piece(b, -3, isdama=False), '+'], 'X', [None, '*'], 'X', [Piece(b, -7, isdama=False), '/'], 'X', 'X', [Piece(b, -11, isdama=False), '+'], 'X', [Piece(b, 8, isdama=False), '-'], 'X', [Piece(b, -5, isdama=False), '/'], 'X', [Piece(b, 2, isdama=False), '*']]","{""valid_moves"": [{""position"": [9, ""/""], ""piece"": [""red"", -7, false], ""destination"": [18]}, {""position"": [11, ""*""], ""piece"": [""red"", 10, false], ""destination"": [18]}, {""position"": [20, ""*""], ""piece"": [""red"", 6, false], ""destination"": [27, 29]}, {""position"": [22, ""/""], ""piece"": [""red"", -9, false], ""destination"": [29, 31]}]}","Piece(r, -7, isdama=False): [18]
Piece(r, 10, isdama=False): [18]
Piece(r, 6, isdama=False): [27, 29]
Piece(r, -9, isdama=False): [29, 31]"
"[[Piece(r, 2, isdama=False), '*'], 'X', [Piece(r, -5, isdama=False), '/'], 'X', [Piece(r, 8, isdama=False), '-'], 'X', [Piece(r, -11, isdama=False), '+'], 'X', 'X', [None, '/'], 'X', [Piece(r, 10, isdama=False), '*'], 'X', [Piece(r, -3, isdama=False), '+'], 'X', [Piece(r, 0, isdama=False), '-'], [Piece(b, 10, isdama=False), '-'], 'X', [Piece(r, -7, isdama=False), '+'], 'X', [Piece(r, 6, isdama=False), '*'], 'X', [Piece(r, -9, isdama=False), '/'], 'X', 'X', [None, '+'], 'X', [None, '-'], 'X', [None, '/'], 'X', [None, '*'], [None, '*'], 'X', [Piece(b, -9, isdama=False), '/'], 'X', [None, '-'], 'X', [None, '+'], 'X', 'X', [None, '/'], 'X', [None, '*'], 'X', [Piece(b, -1, isdama=False), '+'], 'X', [Piece(b, 4, isdama=False), '-'], [Piece(b, 0, isdama=False), '-'], 'X', [Piece(b, -3, isdama=False), '+'], 'X', [None, '*'], 'X', [Piece(b, -7, isdama=False), '/'], 'X', 'X', [Piece(b, -11, isdama=False), '+'], 'X', [Piece(b, 8, isdama=False), '-'], 'X', [Piece(b, -5, isdama=False), '/'], 'X', [Piece(b, 2, isdama=False), '*']]","{""valid_moves"": [{""position"": [0, ""*""], ""piece"": [""red"", 2, false], ""destination"": [9]}, {""position"": [2, ""/""], ""piece"": [""red"", -5, false], ""destination"": [9]}, {""position"": [18, ""+""], ""piece"": [""red"", -7, false], ""destination"": [25, 27]}, {""position"": [20, ""*""], ""piece"": [""red"", 6, false], ""destination"": [27, 29]}, {""position"": [22, ""/""], ""piece"": [""red"", -9, false], ""destination"": [29, 31]}]}","Piece(r, 2, isdama=False): [9]
Piece(r, -5, isdama=False): [9]
Piece(r, -7, isdama=False): [25, 27]
Piece(r, 6, isdama=False): [27, 29]
Piece(r, -9, isdama=False): [29, 31]"
"[[Piece(r, 2, isdama=False), '*'], 'X', [Piece(r, -5, isdama=False), '/'], 'X', [Piece(r, 8, isdama=False), '-'], 'X', [Piece(r, -11, isdama=False), '+'], 'X', 'X', [None, '/'], 'X', [Piece(r, 10, isdama=False), '*'], 'X', [Piece(r, -3, isdama=False), '+'], 'X', [Piece(r, 0, isdama=False), '-'], [Piece(b, 10, isdama=False), '-'], 'X', [Piece(r, -7, isdama=False), '+'], 'X', [Piece(r, 6, isdama=False), '*'], 'X', [Piece(r, -9, isdama=False), '/'], 'X', 'X', [None, '+'], 'X', [None, '-'], 'X', [None, '/'], 'X', [None, '*'], [None, '*'], 'X', [Piece(b, -9, isdama=False), '/'], 'X', [None, '-'], 'X', [None, '+'], 'X', 'X', [None, '/'], 'X', [None, '*'], 'X', [Piece(b, -1, isdama=False), '+'], 'X', [Piece(b, 4, isdama=False), '-'], [Piece(b, 0, isdama=False), '-'], 'X', [Piece(b, -3, isdama=False), '+'], 'X', [None, '*'], 'X', [Piece(b, -7, isdama=False), '/'], 'X', 'X', [Piece(b, -11, isdama=False), '+'], 'X', [Piece(b, 8, isdama=False), '-'], 'X', [Piece(b, -5, isdama=False), '/'], 'X', [Piece(b, 2, isdama=False), '*']]","{""valid_moves"": [{""position"": [0, ""*""], ""piece"": [""red"", 2, false], ""destination"": [9]}, {""position"": [2, ""/""], ""piece"": [""red"", -5, false], ""destination"": [9]}, {""position"": [18, ""+""], ""piece"": [""red"", -7, false], ""destination"": [25, 27]}, {""position"": [20, ""*""], ""piece"": [""red"", 6, false], ""destination"": [27, 29]}, {""position"": [22, ""/""], ""piece"": [""red"", -9, false], ""destination"": [29, 31]}]}","Piece(r, 2, isdama=False): [9]
Piece(r, -5, isdama=False): [9]
Piece(r, -7, isdama=False): [25, 27]
Piece(r, 6, isdama=False): [27, 29]
Piece(r, -9, isdama=False): [29, 31]"
"[[Piece(r, 2, isdama=False), '*'], 'X', [Piece(r, -5, isdama=False), '/'], 'X', [Piece(r, 8, isdama=False), '-'], 'X', [Piece(r, -11, isdama=False), '+'], 'X', 'X', [None, '/'], 'X', [Piece(r, 10, isdama=False), '*'], 'X', [Piece(r, -3, isdama=False), '+'], 'X', [Piece(r, 0, isdama=False), '-'], [Piece(b, 10, isdama=False), '-'], 'X', [Piece(r, -7, isdama=False), '+'], 'X', [Piece(r, 6, isdama=False), '*'], 'X', [Piece(r, -9, isdama=False), '/'], 'X', 'X', [None, '+'], 'X', [None, '-'], 'X', [None, '/'], 'X', [None, '*'], [None, '*'], 'X', [Piece(b, -9, isdama=False), '/'], 'X', [None, '-'], 'X', [None, '+'], 'X', 'X', [None, '/'], 'X', [None, '*'], 'X', [Piece(b, -1, isdama=False), '+'], 'X', [Piece(b, 4, isdama=False), '-'], [Piece(b, 0, isdama=False), '-'], 'X', [Piece(b, -3, isdama=False), '+'], 'X', [None, '*'], 'X', [Piece(b, -7, isdama=False), '/'], 'X', 'X', [Piece(b, -11, isdama=False), '+'], 'X', [Piece(b, 8, isdama=False), '-'], 'X', [Piece(b, -5, isdama=False), '/'], 'X', [Piece(b, 2, isdama=False), '*']]","{""valid_moves"": [{""position"": [0, ""*""], ""piece"": [""red"", 2, false], ""destination"": [9]}, {""position"": [2, ""/""], ""piece"": [""red"", -5, false], ""destination"": [9]}, {""position"": [18, ""+""], ""piece"": [""red"", -7, false], ""destination"": [25, 27]}, {""position"": [20, ""*""], ""piece"": [""red"", 6, false], ""destination"": [27, 29]}, {""position"": [22, ""/""], ""piece"": [""red"", -9, false], ""destination"": [29, 31]}]}","Piece(r, 2, isdama=False): [9]
Piece(r, -5, isdama=False): [9]
Piece(r, -7, isdama=False): [25, 27]
Piece(r, 6, isdama=False): [27, 29]
Piece(r, -9, isdama=False): [29, 31]"
"[[Piece(r, 2, isdama=False), '*'], 'X', [Piece(r, -5, isdama=False), '/'], 'X', [Piece(r, 8, isdama=False), '-'], 'X', [Piece(r, -11, isdama=False), '+'], 'X', 'X', [None, '/'], 'X', [Piece(r, 10, isdama=False), '*'], 'X', [Piece(r, -3, isdama=False), '+'], 'X', [Piece(r, 0, isdama=False), '-'], [Piece(b, 10, isdama=False), '-'], 'X', [Piece(r, -7, isdama=False), '+'], 'X', [Piece(r, 6, isdama=False), '*'], 'X', [Piece(r, -9, isdama=False), '/'], 'X', 'X', [None, '+'], 'X', [None, '-'], 'X', [None, '/'], 'X', [None, '*'], [None, '*'], 'X', [Piece(b, -9, isdama=False), '/'], 'X', [None, '-'], 'X', [None, '+'], 'X', 'X', [None, '/'], 'X', [None, '*'], 'X', [Piece(b, -1, isdama=False), '+'], 'X', [Piece(b, 4, isdama=False), '-'], [Piece(b, 0, isdama=False), '-'], 'X', [Piece(b, -3, isdama=False), '+'], 'X', [None, '*'], 'X', [Piece(b, -7, isdama=False), '/'], 'X', 'X', [Piece(b, -11, isdama=False), '+'], 'X', [Piece(b, 8, isdama=False), '-'], 'X', [Piece(b, -5, isdama=False), '/'], 'X', [Piece(b, 2, isdama=False), '*']]","{""valid_moves"": [{""position"": [0, ""*""], ""piece"": [""red"", 2, false], ""destination"": [9]}, {""position"": [2, ""/""], ""piece"": [""red"", -5, false], ""destination"": [9]}, {""position"": [18, ""+""], ""piece"": [""red"", -7, false], ""destination"": [25, 27]}, {""position"": [20, ""*""], ""piece"": [""red"", 6, false], ""destination"": [27, 29]}, {""position"": [22, ""/""], ""piece"": [""red"", -9, false], ""destination"": [29, 31]}]}","Piece(r, 2, isdama=False): [9]
Piece(r, -5, isdama=False): [9]
Piece(r, -7, isdama=False): [25, 27]
Piece(r, 6, isdama=False): [27, 29]
Piece(r, -9, isdama=False): [29, 31]"
"[[Piece(r, 2, isdama=False), '*'], 'X', [Piece(r, -5, isdama=False), '/'], 'X', [Piece(r, 8, isdama=False), '-'], 'X', [Piece(r, -11, isdama=False), '+'], 'X', 'X', [None, '/'], 'X', [Piece(r, 10, isdama=False), '*'], 'X', [Piece(r, -3, isdama=False), '+'], 'X', [Piece(r, 0, isdama=False), '-'], [Piece(b, 10, isdama=False), '-'], 'X', [Piece(r, -7, isdama=False), '+'], 'X', [Piece(r, 6, isdama=False), '*'], 'X', [Piece(r, -9, isdama=False), '/'], 'X', 'X', [None, '+'], 'X', [None, '-'], 'X', [None, '/'], 'X', [None, '*'], [None, '*'], 'X', [Piece(b, -9, isdama=False), '/'], 'X', [None, '-'], 'X', [None, '+'], 'X', 'X', [None, '/'], 'X', [None, '*'], 'X', [Piece(b, -1, isdama=False), '+'], 'X', [Piece(b, 4, isdama=False), '-'], [Piece(b, 0, isdama=False), '-'], 'X', [Piece(b, -3, isdama=False), '+'], 'X', [None, '*'], 'X', [Piece(b, -7, isdama=False), '/'], 'X', 'X', [Piece(b, -11, isdama=False), '+'], 'X', [Piece(b, 8, isdama=False), '-'], 'X', [Piece(b, -5, isdama=False), '/'], 'X', [Piece(b, 2, isdama=False), '*']]","{""valid_moves"": [{""position"": [0, ""*""], ""piece"": [""red"", 2, false], ""destination"": [9]}, {""position"": [2, ""/""], ""piece"": [""red"", -5, false], ""destination"": [9]}, {""position"": [18, ""+""], ""piece"": [""red"", -7, false], ""destination"": [25, 27]}, {""position"": [20, ""*""], ""piece"": [""red"", 6, false], ""destination"": [27, 29]}, {""position"": [22, ""/""], ""piece"": [""red"", -9, false], ""destination"": [29, 31]}]}","Piece(r, 2, isdama=False): [9]
Piece(r, -5, isdama=False): [9]
Piece(r, -7, isdama=False): [25, 27]
Piece(r, 6, isdama=False): [27, 29]
Piece(r, -9, isdama=False): [29, 31]"
"[[Piece(r, 2, isdama=False), '*'], 'X', [Piece(r, -5, isdama=False), '/'], 'X', [Piece(r, 8, isdama=False), '-'], 'X', [Piece(r, -11, isdama=False), '+'], 'X', 'X', [None, '/'], 'X', [Piece(r, 10, isdama=False), '*'], 'X', [Piece(r, -3, isdama=False), '+'], 'X', [Piece(r, 0, isdama=False), '-'], [Piece(b, 10, isdama=False), '-'], 'X', [Piece(r, -7, isdama=False), '+'], 'X', [Piece(r, 6, isdama=False), '*'], 'X', [Piece(r, -9, isdama=False), '/'], 'X', 'X', [None, '+'], 'X', [None, '-'], 'X', [None, '/'], 'X', [None, '*'], [None, '*'], 'X', [Piece(b, -9, isdama=False), '/'], 'X', [None, '-'], 'X', [None, '+'], 'X', 'X', [None, '/'], 'X', [None, '*'], 'X', [Piece(b, -1, isdama=False), '+'], 'X', [Piece(b, 4, isdama=False), '-'], [Piece(b, 0, isdama=False), '-'], 'X', [Piece(b, -3, isdama=False), '+'], 'X', [None, '*'], 'X', [Piece(b, -7, isdama=False), '/'], 'X', 'X', [Piece(b, -11, isdama=False), '+'], 'X', [Piece(b, 8, isdama=False), '-'], 'X', [Piece(b, -5, isdama=False), '/'], 'X', [Piece(b, 2, isdama=False), '*']]","{""valid_moves"": [{""position"": [0, ""*""], ""piece"": [""red"", 2, false], ""destination"": [9]}, {""position"": [2, ""/""], ""piece"": [""red"", -5, false], ""destination"": [9]}, {""position"": [18, ""+""], ""piece"": [""red"", -7, false], ""destination"": [25, 27]}, {""position"": [20, ""*""], ""piece"": [""red"", 6, false], ""destination"": [27, 29]}, {""position"": [22, ""/""], ""piece"": [""red"", -9, false], ""destination"": [29, 31]}]}","Piece(r, 2, isdama=False): [9]
Piece(r, -5, isdama=False): [9]
Piece(r, -7, isdama=False): [25, 27]
Piece(r, 6, isdama=False): [27, 29]
Piece(r, -9, isdama=False): [29, 31]"
"[[Piece(r, 2, isdama=False), '*'], 'X', [Piece(r, -5, isdama=False), '/'], 'X', [Piece(r, 8, isdama=False), '-'], 'X', [Piece(r, -11, isdama=False), '+'], 'X', 'X', [None, '/'], 'X', [Piece(r, 10, isdama=False), '*'], 'X', [Piece(r, -3, isdama=False), '+'], 'X', [Piece(r, 0, isdama=False), '-'], [Piece(b, 10, isdama=False), '-'], 'X', [Piece(r, -7, isdama=False), '+'], 'X', [Piece(r, 6, isdama=False), '*'], 'X', [Piece(r, -9, isdama=False), '/'], 'X', 'X', [None, '+'], 'X', [None, '-'], 'X', [None, '/'], 'X', [None, '*'], [None, '*'], 'X', [Piece(b, -9, isdama=False), '/'], 'X', [None, '-'], 'X', [None, '+'], 'X', 'X', [None, '/'], 'X', [None, '*'], 'X', [Piece(b, -1, isdama=False), '+'], 'X', [Piece(b, 4, isdama=False), '-'], [Piece(b, 0, isdama=False), '-'], 'X', [Piece(b, -3, isdama=False), '+'], 'X', [None, '*'], 'X', [Piece(b, -7, isdama=False), '/'], 'X', 'X', [Piece(b, -11, isdama=False), '+'], 'X', [Piece(b, 8, isdama=False), '-'], 'X', [Piece(b, -5, isdama=False), '/'], 'X', [Piece(b, 2, isdama=False), '*']]","{""valid_moves"": [{""position"": [0, ""*""], ""piece"": [""red"", 2, false], ""destination"": [9]}, {""position"": [2, ""/""], ""piece"": [""red"", -5, false], ""destination"": [9]}, {""position"": [18, ""+""], ""piece"": [""red"", -7, false], ""destination"": [25, 27]}, {""position"": [20, ""*""], ""piece"": [""red"", 6, false], ""destination"": [27, 29]}, {""position"": [22, ""/""], ""piece"": [""red"", -9, false], ""destination"": [29, 31]}]}","Piece(r, 2, isdama=False): [9]
Piece(r, -5, isdama=False): [9]
Piece(r, -7, isdama=False): [25, 27]
Piece(r, 6, isdama=False): [27, 29]
Piece(r, -9, isdama=False): [29, 31]"
"[[Piece(r, 2, isdama=False), '*'], 'X', [Piece(r, -5, isdama=False), '/'], 'X', [Piece(r, 8, isdama=False), '-'], 'X', [Piece(r, -11, isdama=False), '+'], 'X', 'X', [None, '/'], 'X', [Piece(r, 10, isdama=False), '*'], 'X', [Piece(r, -3, isdama=False), '+'], 'X', [Piece(r, 0, isdama=False), '-'], [Piece(b, 10, isdama=False), '-'], 'X', [Piece(r, -7, isdama=False), '+'], 'X', [Piece(r, 6, isdama=False), '*'], 'X', [Piece(r, -9, isdama=False), '/'], 'X', 'X', [None, '+'], 'X', [None, '-'], 'X', [None, '/'], 'X', [None, '*'], [None, '*'], 'X', [Piece(b, -9, isdama=False), '/'], 'X', [None, '-'], 'X', [None, '+'], 'X', 'X', [None, '/'], 'X', [None, '*'], 'X', [Piece(b, -1, isdama=False), '+'], 'X', [Piece(b, 4, isdama=False), '-'], [Piece(b, 0, isdama=False), '-'], 'X', [Piece(b, -3, isdama=False), '+'], 'X', [None, '*'], 'X', [Piece(b, -7, isdama=False), '/'], 'X', 'X', [Piece(b, -11, isdama=False), '+'], 'X', [Piece(b, 8, isdama=False), '-'], 'X', [Piece(b, -5, isdama=False), '/'], 'X', [Piece(b, 2, isdama=False), '*']]","{""valid_moves"": [{""position"": [0, ""*""], ""piece"": [""red"", 2, false], ""destination"": [9]}, {""position"": [2, ""/""], ""piece"": [""red"", -5, false], ""destination"": [9]}, {""position"": [18, ""+""], ""piece"": [""red"", -7, false], ""destination"": [25, 27]}, {""position"": [20, ""*""], ""piece"": [""red"", 6, false], ""destination"": [27, 29]}, {""position"": [22, ""/""], ""piece"": [""red"", -9, false], ""destination"": [29, 31]}]}","Piece(r, 2, isdama=False): [9]
Piece(r, -5, isdama=False): [9]
Piece(r, -7, isdama=False): [25, 27]
Piece(r, 6, isdama=False): [27, 29]
Piece(r, -9, isdama=False): [29, 31]"
"[[Piece(r, 2, isdama=False), '*'], 'X', [Piece(b, 10, isdama=True), '/'], 'X', [Piece(r, 8, isdama=False), '-'], 'X', [Piece(r, -11, isdama=False), '+'], 'X', 'X', [None, '/'], 'X', [Piece(r, 10, isdama=False), '*'], 'X', [Piece(r, -3, isdama=False), '+'], 'X', [Piece(r, 0, isdama=False), '-'], [None, '-'], 'X', [Piece(r, -7, isdama=False), '+'], 'X', [Piece(r, 6, isdama=False), '*'], 'X', [Piece(r, -9, isdama=False), '/'], 'X', 'X', [None, '+'], 'X', [None, '-'], 'X', [None, '/'], 'X', [None, '*'], [None, '*'], 'X', [Piece(b, -9, isdama=False), '/'], 'X', [None, '-'], 'X', [None, '+'], 'X', 'X', [None, '/'], 'X', [None, '*'], 'X', [Piece(b, -1, isdama=False), '+'], 'X', [Piece(b, 4, isdama=False), '-'], [Piece(b, 0, isdama=False), '-'], 'X', [Piece(b, -3, isdama=False), '+'], 'X', [None, '*'], 'X', [Piece(b, -7, isdama=False), '/'], 'X', 'X', [Piece(b, -11, isdama=False), '+'], 'X', [Piece(b, 8, isdama=False), '-'], 'X', [Piece(b, -5, isdama=False), '/'], 'X', [Piece(b, 2, isdama=False), '*']]","{""valid_moves"": [{""position"": [0, ""*""], ""piece"": [""red"", 2, false], ""destination"": [9]}, {""position"": [18, ""+""], ""piece"": [""red"", -7, false], ""destination"": [25, 27]}, {""position"": [20, ""*""], ""piece"": [""red"", 6, false], ""destination"": [27, 29]}, {""position"": [22, ""/""], ""piece"": [""red"", -9, false], ""destination"": [29, 31]}]}","Piece(r, 2, isdama=False): [9]
Piece(r, -7, isdama=False): [25, 27]
Piece(r, 6, isdama=False): [27, 29]
Piece(r, -9, isdama=False): [29, 31]"
"[[Piece(r, 2, isdama=False), '*'], 'X', [Piece(b, 10, isdama=True), '/'], 'X', [Piece(r, 8, isdama=False), '-'], 'X', [Piece(r, -11, isdama=False), '+'], 'X', 'X', [None, '/'], 'X', [Piece(r, 10, isdama=False), '*'], 'X', [Piece(r, -3, isdama=False), '+'], 'X', [Piece(r, 0, isdama=False), '-'], [None, '-'], 'X', [Piece(r, -7, isdama=False), '+'], 'X', [Piece(r, 6, isdama=False), '*'], 'X', [Piece(r, -9, isdama=False), '/'], 'X', 'X', [None, '+'], 'X', [None, '-'], 'X', [None, '/'], 'X', [None, '*'], [None, '*'], 'X', [Piece(b, -9, isdama=False), '/'], 'X', [None, '-'], 'X', [None, '+'], 'X', 'X', [None, '/'], 'X', [None, '*'], 'X', [Piece(b, -1, isdama=False), '+'], 'X', [Piece(b, 4, isdama=False), '-'], [Piece(b, 0, isdama=False), '-'], 'X', [Piece(b, -3, isdama=False), '+'], 'X', [None, '*'], 'X', [Piece(b, -7, isdama=False), '/'], 'X', 'X', [Piece(b, -11, isdama=False), '+'], 'X', [Piece(b, 8, isdama=False), '-'], 'X', [Piece(b, -5, isdama=False), '/'], 'X', [Piece(b, 2, isdama=False), '*']]","{""valid_moves"": [{""position"": [0, ""*""], ""piece"": [""red"", 2, false], ""destination"": [9]}, {""position"": [18, ""+""], ""piece"": [""red"", -7, false], ""destination"": [25, 27]}, {""position"": [20, ""*""], ""piece"": [""red"", 6, false], ""destination"": [27, 29]}, {""position"": [22, ""/""], ""piece"": [""red"", -9, false], ""destination"": [29, 31]}]}","Piece(r, 2, isdama=False): [9]
Piece(r, -7, isdama=False): [25, 27]
Piece(r, 6, isdama=False): [27, 29]
Piece(r, -9, isdama=False): [29, 31]"
"[[Piece(r, 2, isdama=False), '*'], 'X', [Piece(b, 10, isdama=True), '/'], 'X', [Piece(r, 8, isdama=False), '-'], 'X', [Piece(r, -11, isdama=False), '+'], 'X', 'X', [None, '/'], 'X', [Piece(r, 10, isdama=False), '*'], 'X', [Piece(r, -3, isdama=False), '+'], 'X', [Piece(r, 0, isdama=False), '-'], [None, '-'], 'X', [Piece(r, -7, isdama=False), '+'], 'X', [Piece(r, 6, isdama=False), '*'], 'X', [Piece(r, -9, isdama=False), '/'], 'X', 'X', [None, '+'], 'X', [None, '-'], 'X', [None, '/'], 'X', [None, '*'], [None, '*'], 'X', [Piece(b, -9, isdama=False), '/'], 'X', [None, '-'], 'X', [None, '+'], 'X', 'X', [None, '/'], 'X', [None, '*'], 'X', [Piece(b, -1, isdama=False), '+'], 'X', [Piece(b, 4, isdama=False), '-'], [Piece(b, 0, isdama=False), '-'], 'X', [Piece(b, -3, isdama=False), '+'], 'X', [None, '*'], 'X', [Piece(b, -7, isdama=False), '/'], 'X', 'X', [Piece(b, -11, isdama=False), '+'], 'X', [Piece(b, 8, isdama=False), '-'], 'X', [Piece(b, -5, isdama=False), '/'], 'X', [Piece(b, 2, isdama=False), '*']]","{""valid_moves"": [{""position"": [0, ""*""], ""piece"": [""red"", 2, false], ""destination"": [9]}, {""position"": [18, ""+""], ""piece"": [""red"", -7, false], ""destination"": [25, 27]}, {""position"": [20, ""*""], ""piece"": [""red"", 6, false], ""destination"": [27, 29]}, {""position"": [22, ""/""], ""piece"": [""red"", -9, false], ""destination"": [29, 31]}]}","Piece(r, 2, isdama=False): [9]
Piece(r, -7, isdama=False): [25, 27]
Piece(r, 6, isdama=False): [27, 29]
Piece(r, -9, isdama=False): [29, 31]"
"[[Piece(r, 2, isdama=False), '*'], 'X', [Piece(b, 10, isdama=True), '/'], 'X', [Piece(r, 8, isdama=False), '-'], 'X', [Piece(r, -11, isdama=False), '+'], 'X', 'X', [None, '/'], 'X', [Piece(r, 10, isdama=False), '*'], 'X', [Piece(r, -3, isdama=False), '+'], 'X', [Piece(r, 0, isdama=False), '-'], [None, '-'], 'X', [Piece(r, -7, isdama=False), '+'], 'X', [Piece(r, 6, isdama=False), '*'], 'X', [Piece(r, -9, isdama=False), '/'], 'X', 'X', [None, '+'], 'X', [None, '-'], 'X', [None, '/'], 'X', [None, '*'], [None, '*'], 'X', [Piece(b, -9, isdama=False), '/'], 'X', [None, '-'], 'X', [None, '+'], 'X', 'X', [None, '/'], 'X', [None, '*'], 'X', [Piece(b, -1, isdama=False), '+'], 'X', [Piece(b, 4, isdama=False), '-'], [Piece(b, 0, isdama=False), '-'], 'X', [Piece(b, -3, isdama=False), '+'], 'X', [None, '*'], 'X', [Piece(b, -7, isdama=False), '/'], 'X', 'X', [Piece(b, -11, isdama=False), '+'], 'X', [Piece(b, 8, isdama=False), '-'], 'X', [Piece(b, -5, isdama=False), '/'], 'X', [Piece(b, 2, isdama=False), '*']]","{""valid_moves"": [{""position"": [0, ""*""], ""piece"": [""red"", 2, false], ""destination"": [9]}, {""position"": [18, ""+""], ""piece"": [""red"", -7, false], ""destination"": [25, 27]}, {""position"": [20, ""*""], ""piece"": [""red"", 6, false], ""destination"": [27, 29]}, {""position"": [22, ""/""], ""piece"": [""red"", -9, false], ""destination"": [29, 31]}]}","Piece(r, 2, isdama=False): [9]
Piece(r, -7, isdama=False): [25, 27]
Piece(r, 6, isdama=False): [27, 29]
Piece(r, -9, isdama=False): [29, 31]"
"[[Piece(r, 2, isdama=False), '*'], 'X', [Piece(b, 10, isdama=True), '/'], 'X', [Piece(r, 8, isdama=False), '-'], 'X', [Piece(r, -11, isdama=False), '+'], 'X', 'X', [None, '/'], 'X', [Piece(r, 10, isdama=False), '*'], 'X', [Piece(r, -3, isdama=False), '+'], 'X', [Piece(r, 0, isdama=False), '-'], [None, '-'], 'X', [Piece(r, -7, isdama=False), '+'], 'X', [Piece(r, 6, isdama=False), '*'], 'X', [Piece(r, -9, isdama=False), '/'], 'X', 'X', [None, '+'], 'X', [None, '-'], 'X', [None, '/'], 'X', [None, '*'], [None, '*'], 'X', [Piece(b, -9, isdama=False), '/'], 'X', [None, '-'], 'X', [None, '+'], 'X', 'X', [None, '/'], 'X', [None, '*'], 'X', [Piece(b, -1, isdama=False), '+'], 'X', [Piece(b, 4, isdama=False), '-'], [Piece(b, 0, isdama=False), '-'], 'X', [Piece(b, -3, isdama=False), '+'], 'X', [None, '*'], 'X', [Piece(b, -7, isdama=False), '/'], 'X', 'X', [Piece(b, -11, isdama=False), '+'], 'X', [Piece(b, 8, isdama=False), '-'], 'X', [Piece(b, -5, isdama=False), '/'], 'X', [Piece(b, 2, isdama=False), '*']]","{""valid_moves"": [{""position"": [0, ""*""], ""piece"": [""red"", 2, false], ""destination"": [9]}, {""position"": [18, ""+""], ""piece"": [""red"", -7, false], ""destination"": [25, 27]}, {""position"": [20, ""*""], ""piece"": [""red"", 6, false], ""destination"": [27, 29]}, {""position"": [22, ""/""], ""piece"": [""red"", -9, false], ""destination"": [29, 31]}]}","Piece(r, 2, isdama=False): [9]
Piece(r, -7, isdama=False): [25, 27]
Piece(r, 6, isdama=False): [27, 29]
Piece(r, -9, isdama=False): [29, 31]"
"[[Piece(r, 2, isdama=False), '*'], 'X', [Piece(b, 10, isdama=True), '/'], 'X', [Piece(r, 8, isdama=False), '-'], 'X', [Piece(r, -11, isdama=False), '+'], 'X', 'X', [None, '/'], 'X', [Piece(r, 10, isdama=False), '*'], 'X', [Piece(r, -3, isdama=False), '+'], 'X', [Piece(r, 0, isdama=False), '-'], [None, '-'], 'X', [Piece(r, -7, isdama=False), '+'], 'X', [Piece(r, 6, isdama=False), '*'], 'X', [Piece(r, -9, isdama=False), '/'], 'X', 'X', [None, '+'], 'X', [None, '-'], 'X', [None, '/'], 'X', [None, '*'], [None, '*'], 'X', [Piece(b, -9, isdama=False), '/'], 'X', [None, '-'], 'X', [None, '+'], 'X', 'X', [None, '/'], 'X', [None, '*'], 'X', [Piece(b, -1, isdama=False), '+'], 'X', [Piece(b, 4, isdama=False), '-'], [Piece(b, 0, isdama=False), '-'], 'X', [Piece(b, -3, isdama=False), '+'], 'X', [None, '*'], 'X', [Piece(b, -7, isdama=False), '/'], 'X', 'X', [Piece(b, -11, isdama=False), '+'], 'X', [Piece(b, 8, isdama=False), '-'], 'X', [Piece(b, -5, isdama=False), '/'], 'X', [Piece(b, 2, isdama=False), '*']]","{""valid_moves"": [{""position"": [0, ""*""], ""piece"": [""red"", 2, false], ""destination"": [9]}, {""position"": [18, ""+""], ""piece"": [""red"", -7, false], ""destination"": [25, 27]}, {""position"": [20, ""*""], ""piece"": [""red"", 6, false], ""destination"": [27, 29]}, {""position"": [22, ""/""], ""piece"": [""red"", -9, false], ""destination"": [29, 31]}]}","Piece(r, 2, isdama=False): [9]
Piece(r, -7, isdama=False): [25, 27]
Piece(r, 6, isdama=False): [27, 29]
Piece(r, -9, isdama=False): [29, 31]"
"[[Piece(r, 2, isdama=False), '*'], 'X', [Piece(b, 10, isdama=True), '/'], 'X', [Piece(r, 8, isdama=False), '-'], 'X', [Piece(r, -11, isdama=False), '+'], 'X', 'X', [None, '/'], 'X', [Piece(r, 10, isdama=False), '*'], 'X', [Piece(r, -3, isdama=False), '+'], 'X', [Piece(r, 0, isdama=False), '-'], [None, '-'], 'X', [Piece(r, -7, isdama=False), '+'], 'X', [Piece(r, 6, isdama=False), '*'], 'X', [Piece(r, -9, isdama=False), '/'], 'X', 'X', [None, '+'], 'X', [None, '-'], 'X', [None, '/'], 'X', [None, '*'], [None, '*'], 'X', [Piece(b, -9, isdama=False), '/'], 'X', [None, '-'], 'X', [None, '+'], 'X', 'X', [None, '/'], 'X', [None, '*'], 'X', [Piece(b, -1, isdama=False), '+'], 'X', [Piece(b, 4, isdama=False), '-'], [Piece(b, 0, isdama=False), '-'], 'X', [Piece(b, -3, isdama=False), '+'], 'X', [None, '*'], 'X', [Piece(b, -7, isdama=False), '/'], 'X', 'X', [Piece(b, -11, isdama=False), '+'], 'X', [Piece(b, 8, isdama=False), '-'], 'X', [Piece(b, -5, isdama=False), '/'], 'X', [Piece(b, 2, isdama=False), '*']]","{""valid_moves"": [{""position"": [0, ""*""], ""piece"": [""red"", 2, false], ""destination"": [9]}, {""position"": [18, ""+""], ""piece"": [""red"", -7, false], ""destination"": [25, 27]}, {""position"": [20, ""*""], ""piece"": [""red"", 6, false], ""destination"": [27, 29]}, {""position"": [22, ""/""], ""piece"": [""red"", -9, false], ""destination"": [29, 31]}]}","Piece(r, 2, isdama=False): [9]
Piece(r, -7, isdama=False): [25, 27]
Piece(r, 6, isdama=False): [27, 29]
Piece(r, -9, isdama=False): [29, 31]"
"[[Piece(r, 2, isdama=False), '*'], 'X', [None, '/'], 'X', [Piece(r, 8, isdama=False), '-'], 'X', [Piece(r, -11, isdama=False), '+'], 'X', 'X', [None, '/'], 'X', [None, '*'], 'X', [Piece(r, -3, isdama=False), '+'], 'X', [Piece(r, 0, isdama=False), '-'], [None, '-'], 'X', [Piece(r, -7, isdama=False), '+'], 'X', [None, '*'], 'X', [Piece(r, -9, isdama=False), '/'], 'X', 'X', [None, '+'], 'X', [Piece(r, 6, isdama=False), '-'], 'X', [None, '/'], 'X', [None, '*'], [None, '*'], 'X', [Piece(b, -9, isdama=False), '/'], 'X', [None, '-'], 'X', [Piece(b, 10, isdama=True), '+'], 'X', 'X', [None, '/'], 'X', [None, '*'], 'X', [Piece(b, -1, isdama=False), '+'], 'X', [Piece(b, 4, isdama=False), '-'], [Piece(b, 0, isdama=False), '-'], 'X', [Piece(b, -3, isdama=False), '+'], 'X', [None, '*'], 'X', [Piece(b, -7, isdama=False), '/'], 'X', 'X', [Piece(b, -11, isdama=False), '+'], 'X', [Piece(b, 8, isdama=False), '-'], 'X', [Piece(b, -5, isdama=False), '/'], 'X', [Piece(b, 2, isdama=False), '*']]","{""valid_moves"": [{""position"": [27, ""-""], ""piece"": [""red"", 6, false], ""destination"": [41]}]}","Piece(r, 6, isdama=False): [41]"
"[[Piece(r, 2, isdama=False), '*'], 'X', [None, '/'], 'X', [Piece(r, 8, isdama=False), '-'], 'X', [Piece(r, -11, isdama=False), '+'], 'X', 'X', [None, '/'], 'X', [None, '*'], 'X', [Piece(r, -3, isdama=False), '+'], 'X', [Piece(r, 0, isdama=False), '-'], [None, '-'], 'X', [Piece(r, -7, isdama=False), '+'], 'X', [None, '*'], 'X', [Piece(r, -9, isdama=False), '/'], 'X', 'X', [None, '+'], 'X', [None, '-'], 'X', [None, '/'], 'X', [None, '*'], [Piece(b, -3, isdama=False), '*'], 'X', [None, '/'], 'X', [None, '-'], 'X', [Piece(b, 10, isdama=True), '+'], 'X', 'X', [None, '/'], 'X', [None, '*'], 'X', [Piece(b, -1, isdama=False), '+'], 'X', [Piece(b, 4, isdama=False), '-'], [Piece(b, 0, isdama=False), '-'], 'X', [None, '+'], 'X', [None, '*'], 'X', [Piece(b, -7, isdama=False), '/'], 'X', 'X', [Piece(b, -11, isdama=False), '+'], 'X', [Piece(b, 8, isdama=False), '-'], 'X', [Piece(b, -5, isdama=False), '/'], 'X', [Piece(b, 2, isdama=False), '*']]","{""valid_moves"": [{""position"": [0, ""*""], ""piece"": [""red"", 2, false], ""destination"": [9]}, {""position"": [4, ""-""], ""piece"": [""red"", 8, false], ""destination"": [11]}, {""position"": [13, ""+""], ""piece"": [""red"", -3, false], ""destination"": [20]}, {""position"": [18, ""+""], ""piece"": [""red"", -7, false], ""destination"": [25, 27]}, {""position"": [22, ""/""], ""piece"": [""red"", -9, false], ""destination"": [29, 31]}]}","Piece(r, 2, isdama=False): [9]
Piece(r, 8, isdama=False): [11]
Piece(r, -3, isdama=False): [20]
Piece(r, -7, isdama=False): [25, 27]
Piece(r, -9, isdama=False): [29, 31]"
"[[Piece(r, 2, isdama=False), '*'], 'X', [None, '/'], 'X', [Piece(r, 8, isdama=False), '-'], 'X', [Piece(r, -11, isdama=False), '+'], 'X', 'X', [None, '/'], 'X', [None, '*'], 'X', [Piece(r, -3, isdama=False), '+'], 'X', [Piece(r, 0, isdama=False), '-'], [None, '-'], 'X', [Piece(r, -7, isdama=False), '+'], 'X', [None, '*'], 'X', [Piece(r, -9, isdama=False), '/'], 'X', 'X', [None, '+'], 'X', [None, '-'], 'X', [None, '/'], 'X', [None, '*'], [Piece(b, -3, isdama=False), '*'], 'X', [None, '/'], 'X', [None, '-'], 'X', [Piece(b, 10, isdama=True), '+'], 'X', 'X', [None, '/'], 'X', [None, '*'], 'X', [Piece(b, -1, isdama=False), '+'], 'X', [Piece(b, 4, isdama=False), '-'], [Piece(b, 0, isdama=False), '-'], 'X', [None, '+'], 'X', [None, '*'], 'X', [Piece(b, -7, isdama=False), '/'], 'X', 'X', [Piece(b, -11, isdama=False), '+'], 'X', [Piece(b, 8, isdama=False), '-'], 'X', [Piece(b, -5, isdama=False), '/'], 'X', [Piece(b, 2, isdama=False), '*']]","{""valid_moves"": [{""position"": [0, ""*""], ""piece"": [""red"", 2, false], ""destination"": [9]}, {""position"": [4, ""-""], ""piece"": [""red"", 8, false], ""destination"": [11]}, {""position"": [13, ""+""], ""piece"": [""red"", -3, false], ""destination"": [20]}, {""position"": [18, ""+""], ""piece"": [""red"", -7, false], ""destination"": [25, 27]}, {""position"": [22, ""/""], ""piece"": [""red"", -9, false], ""destination"": [29, 31]}]}","Piece(r, 2, isdama=False): [9]
Piece(r, 8, isdama=False): [11]
Piece(r, -3, isdama=False): [20]
Piece(r, -7, isdama=False): [25, 27]
Piece(r, -9, isdama=False): [29, 31]"
"[[Piece(r, 2, isdama=False), '*'], 'X', [None, '/'], 'X', [Piece(r, 8, isdama=False), '-'], 'X', [Piece(r, -11, isdama=False), '+'], 'X', 'X', [None, '/'], 'X', [None, '*'], 'X', [Piece(r, -3, isdama=False), '+'], 'X', [Piece(r, 0, isdama=False), '-'], [None, '-'], 'X', [Piece(r, -7, isdama=False), '+'], 'X', [None, '*'], 'X', [Piece(r, -9, isdama=False), '/'], 'X', 'X', [None, '+'], 'X', [None, '-'], 'X', [None, '/'], 'X', [None, '*'], [Piece(b, -3, isdama=False), '*'], 'X', [None, '/'], 'X', [None, '-'], 'X', [Piece(b, 10, isdama=True), '+'], 'X', 'X', [None, '/'], 'X', [None, '*'], 'X', [Piece(b, -1, isdama=False), '+'], 'X', [Piece(b, 4, isdama=False), '-'], [Piece(b, 0, isdama=False), '-'], 'X', [None, '+'], 'X', [None, '*'], 'X', [Piece(b, -7, isdama=False), '/'], 'X', 'X', [Piece(b, -11, isdama=False), '+'], 'X', [Piece(b, 8, isdama=False), '-'], 'X', [Piece(b, -5, isdama=False), '/'], 'X', [Piece(b, 2, isdama=False), '*']]","{""valid_moves"": [{""position"": [0, ""*""], ""piece"": [""red"", 2, false], ""destination"": [9]}, {""position"": [4, ""-""], ""piece"": [""red"", 8, false], ""destination"": [11]}, {""position"": [13, ""+""], ""piece"": [""red"", -3, false], ""destination"": [20]}, {""position"": [18, ""+""], ""piece"": [""red"", -7, false], ""destination"": [25, 27]}, {""position"": [22, ""/""], ""piece"": [""red"", -9, false], ""destination"": [29, 31]}]}","Piece(r, 2, isdama=False): [9]
Piece(r, 8, isdama=False): [11]
Piece(r, -3, isdama=False): [20]
Piece(r, -7, isdama=False): [25, 27]
Piece(r, -9, isdama=False): [29, 31]"
"[[Piece(r, 2, isdama=False), '*'], 'X', [None, '/'], 'X', [Piece(r, 8, isdama=False), '-'], 'X', [Piece(r, -11, isdama=False), '+'], 'X', 'X', [None, '/'], 'X', [None, '*'], 'X', [Piece(r, -3, isdama=False), '+'], 'X', [Piece(r, 0, isdama=False), '-'], [None, '-'], 'X', [Piece(r, -7, isdama=False), '+'], 'X', [None, '*'], 'X', [Piece(r, -9, isdama=False), '/'], 'X', 'X', [None, '+'], 'X', [None, '-'], 'X', [None, '/'], 'X', [None, '*'], [Piece(b, -3, isdama=False), '*'], 'X', [None, '/'], 'X', [None, '-'], 'X', [Piece(b, 10, isdama=True), '+'], 'X', 'X', [None, '/'], 'X', [None, '*'], 'X', [Piece(b, -1, isdama=False), '+'], 'X', [Piece(b, 4, isdama=False), '-'], [Piece(b, 0, isdama=False), '-'], 'X', [None, '+'], 'X', [None, '*'], 'X', [Piece(b, -7, isdama=False), '/'], 'X', 'X', [Piece(b, -11, isdama=False), '+'], 'X', [Piece(b, 8, isdama=False), '-'], 'X', [Piece(b, -5, isdama=False), '/'], 'X', [Piece(b, 2, isdama=False), '*']]","{""valid_moves"": [{""position"": [0, ""*""], ""piece"": [""red"", 2, false], ""destination"": [9]}, {""position"": [4, ""-""], ""piece"": [""red"", 8, false], ""destination"": [11]}, {""position"": [13, ""+""], ""piece"": [""red"", -3, false], ""destination"": [20]}, {""position"": [18, ""+""], ""piece"": [""red"", -7, false], ""destination"": [25, 27]}, {""position"": [22, ""/""], ""piece"": [""red"", -9, false], ""destination"": [29, 31]}]}","Piece(r, 2, isdama=False): [9]
Piece(r, 8, isdama=False): [11]
Piece(r, -3, isdama=False): [20]
Piece(r, -7, isdama=False): [25, 27]
Piece(r, -9, isdama=False): [29, 31]"
"[[Piece(r, 2, isdama=False), '*'], 'X', [None, '/'], 'X', [Piece(r, 8, isdama=False), '-'], 'X', [Piece(r, -11, isdama=False), '+'], 'X', 'X', [None, '/'], 'X', [None, '*'], 'X', [Piece(r, -3, isdama=False), '+'], 'X', [Piece(r, 0, isdama=False), '-'], [None, '-'], 'X', [Piece(r, -7, isdama=False), '+'], 'X', [None, '*'], 'X', [Piece(r, -9, isdama=False), '/'], 'X', 'X', [None, '+'], 'X', [None, '-'], 'X', [None, '/'], 'X', [None, '*'], [Piece(b, -3, isdama=False), '*'], 'X', [None, '/'], 'X', [None, '-'], 'X', [Piece(b, 10, isdama=True), '+'], 'X', 'X', [None, '/'], 'X', [None, '*'], 'X', [Piece(b, -1, isdama=False), '+'], 'X', [Piece(b, 4, isdama=False), '-'], [Piece(b, 0, isdama=False), '-'], 'X', [None, '+'], 'X', [None, '*'], 'X', [Piece(b, -7, isdama=False), '/'], 'X', 'X', [Piece(b, -11, isdama=False), '+'], 'X', [Piece(b, 8, isdama=False), '-'], 'X', [Piece(b, -5, isdama=False), '/'], 'X', [Piece(b, 2, isdama=False), '*']]","{""valid_moves"": [{""position"": [0, ""*""], ""piece"": [""red"", 2, false], ""destination"": [9]}, {""position"": [4, ""-""], ""piece"": [""red"", 8, false], ""destination"": [11]}, {""position"": [13, ""+""], ""piece"": [""red"", -3, false], ""destination"": [20]}, {""position"": [18, ""+""], ""piece"": [""red"", -7, false], ""destination"": [25, 27]}, {""position"": [22, ""/""], ""piece"": [""red"", -9, false], ""destination"": [29, 31]}]}","Piece(r, 2, isdama=False): [9]
Piece(r, 8, isdama=False): [11]
Piece(r, -3, isdama=False): [20]
Piece(r, -7, isdama=False): [25, 27]
Piece(r, -9, isdama=False): [29, 31]"
"[[Piece(r, 2, isdama=False), '*'], 'X', [None, '/'], 'X', [Piece(r, 8, isdama=False), '-'], 'X', [Piece(r, -11, isdama=False), '+'], 'X', 'X', [None, '/'], 'X', [None, '*'], 'X', [Piece(r, -3, isdama=False), '+'], 'X', [Piece(r, 0, isdama=False), '-'], [None, '-'], 'X', [Piece(r, -7, isdama=False), '+'], 'X', [None, '*'], 'X', [Piece(r, -9, isdama=False), '/'], 'X', 'X', [None, '+'], 'X', [None, '-'], 'X', [None, '/'], 'X', [None, '*'], [Piece(b, -3, isdama=False), '*'], 'X', [None, '/'], 'X', [None, '-'], 'X', [Piece(b, 10, isdama=True), '+'], 'X', 'X', [None, '/'], 'X', [None, '*'], 'X', [Piece(b, -1, isdama=False), '+'], 'X', [Piece(b, 4, isdama=False), '-'], [Piece(b, 0, isdama=False), '-'], 'X', [None, '+'], 'X', [None, '*'], 'X', [Piece(b, -7, isdama=False), '/'], 'X', 'X', [Piece(b, -11, isdama=False), '+'], 'X', [Piece(b, 8, isdama=False), '-'], 'X', [Piece(b, -5, isdama=False), '/'], 'X', [Piece(b, 2, isdama=False), '*']]","{""valid_moves"": [{""position"": [0, ""*""], ""piece"": [""red"", 2, false], ""destination"": [9]}, {""position"": [4, ""-""], ""piece"": [""red"", 8, false], ""destination"": [11]}, {""position"": [13, ""+""], ""piece"": [""red"", -3, false], ""destination"": [20]}, {""position"": [18, ""+""], ""piece"": [""red"", -7, false], ""destination"": [25, 27]}, {""position"": [22, ""/""], ""piece"": [""red"", -9, false], ""destination"": [29, 31]}]}","Piece(r, 2, isdama=False): [9]
Piece(r, 8, isdama=False): [11]
Piece(r, -3, isdama=False): [20]
Piece(r, -7, isdama=False): [25, 27]
Piece(r, -9, isdama=False): [29, 31]"
"[[Piece(r, 2, isdama=False), '*'], 'X', [None, '/'], 'X', [Piece(r, 8, isdama=False), '-'], 'X', [Piece(r, -11, isdama=False), '+'], 'X', 'X', [None, '/'], 'X', [None, '*'], 'X', [Piece(r, -3, isdama=False), '+'], 'X', [Piece(r, 0, isdama=False), '-'], [None, '-'], 'X', [Piece(r, -7, isdama=False), '+'], 'X', [None, '*'], 'X', [Piece(r, -9, isdama=False), '/'], 'X', 'X', [None, '+'], 'X', [None, '-'], 'X', [None, '/'], 'X', [None, '*'], [Piece(b, -3, isdama=False), '*'], 'X', [None, '/'], 'X', [None, '-'], 'X', [Piece(b, 10, isdama=True), '+'], 'X', 'X', [None, '/'], 'X', [None, '*'], 'X', [Piece(b, -1, isdama=False), '+'], 'X', [Piece(b, 4, isdama=False), '-'], [Piece(b, 0, isdama=False), '-'], 'X', [None, '+'], 'X', [None, '*'], 'X', [Piece(b, -7, isdama=False), '/'], 'X', 'X', [Piece(b, -11, isdama=False), '+'], 'X', [Piece(b, 8, isdama=False), '-'], 'X', [Piece(b, -5, isdama=False), '/'], 'X', [Piece(b, 2, isdama=False), '*']]","{""valid_moves"": [{""position"": [0, ""*""], ""piece"": [""red"", 2, false], ""destination"": [9]}, {""position"": [4, ""-""], ""piece"": [""red"", 8, false], ""destination"": [11]}, {""position"": [13, ""+""], ""piece"": [""red"", -3, false], ""destination"": [20]}, {""position"": [18, ""+""], ""piece"": [""red"", -7, false], ""destination"": [25, 27]}, {""position"": [22, ""/""], ""piece"": [""red"", -9, false], ""destination"": [29, 31]}]}","Piece(r, 2, isdama=False): [9]
Piece(r, 8, isdama=False): [11]
Piece(r, -3, isdama=False): [20]
Piece(r, -7, isdama=False): [25, 27]
Piece(r, -9, isdama=False): [29, 31]"
"[[None, '*'], 'X', [None, '/'], 'X', [Piece(r, 8, isdama=False), '-'], 'X', [Piece(r, -11, isdama=False), '+'], 'X', 'X', [Piece(r, 2, isdama=False), '/'], 'X', [None, '*'], 'X', [Piece(r, -3, isdama=False), '+'], 'X', [Piece(r, 0, isdama=False), '-'], [None, '-'], 'X', [Piece(r, -7, isdama=False), '+'], 'X', [None, '*'], 'X', [Piece(r, -9, isdama=False), '/'], 'X', 'X', [None, '+'], 'X', [None, '-'], 'X', [Piece(b, 10, isdama=True), '/'], 'X', [None, '*'], [Piece(b, -3, isdama=False), '*'], 'X', [None, '/'], 'X', [None, '-'], 'X', [None, '+'], 'X', 'X', [None, '/'], 'X', [None, '*'], 'X', [Piece(b, -1, isdama=False), '+'], 'X', [Piece(b, 4, isdama=False), '-'], [Piece(b, 0, isdama=False), '-'], 'X', [None, '+'], 'X', [None, '*'], 'X', [Piece(b, -7, isdama=False), '/'], 'X', 'X', [Piece(b, -11, isdama=False), '+'], 'X', [Piece(b, 8, isdama=False), '-'], 'X', [Piece(b, -5, isdama=False), '/'], 'X', [Piece(b, 2, isdama=False), '*']]","{""valid_moves"": [{""position"": [22, ""/""], ""piece"": [""red"", -9, false], ""destination"": [36]}]}","Piece(r, -9, isdama=False): [36]"
"[[None, '*'], 'X', [None, '/'], 'X', [Piece(r, 8, isdama=False), '-'], 'X', [Piece(r, -11, isdama=False), '+'], 'X', 'X', [Piece(r, 2, isdama=False), '/'], 'X', [None, '*'], 'X', [Piece(r, -3, isdama=False), '+'], 'X', [Piece(r, 0, isdama=False), '-'], [None, '-'], 'X', [Piece(r, -7, isdama=False), '+'], 'X', [None, '*'], 'X', [None, '/'], 'X', 'X', [None, '+'], 'X', [Piece(b, -1, isdama=False), '-'], 'X', [None, '/'], 'X', [None, '*'], [Piece(b, -3, isdama=False), '*'], 'X', [None, '/'], 'X', [None, '-'], 'X', [None, '+'], 'X', 'X', [None, '/'], 'X', [None, '*'], 'X', [None, '+'], 'X', [Piece(b, 4, isdama=False), '-'], [Piece(b, 0, isdama=False), '-'], 'X', [None, '+'], 'X', [None, '*'], 'X', [Piece(b, -7, isdama=False), '/'], 'X', 'X', [Piece(b, -11, isdama=False), '+'], 'X', [Piece(b, 8, isdama=False), '-'], 'X', [Piece(b, -5, isdama=False), '/'], 'X', [Piece(b, 2, isdama=False), '*']]","{""valid_moves"": [{""position"": [18, ""+""], ""piece"": [""red"", -7, false], ""destination"": [36]}]}","Piece(r, -7, isdama=False): [36]"
"[[None, '*'], 'X', [None, '/'], 'X', [Piece(r, 8, isdama=False), '-'], 'X', [Piece(r, -11, isdama=False), '+'], 'X', 'X', [Piece(r, 2, isdama=False), '/'], 'X', [None, '*'], 'X', [Piece(r, -3, isdama=False), '+'], 'X', [Piece(r, 0, isdama=False), '-'], [None, '-'], 'X', [None, '+'], 'X', [None, '*'], 'X', [None, '/'], 'X', 'X', [None, '+'], 'X', [None, '-'], 'X', [None, '/'], 'X', [None, '*'], [Piece(b, -3, isdama=False), '*'], 'X', [None, '/'], 'X', [Piece(r, -7, isdama=False), '-'], 'X', [None, '+'], 'X', 'X', [None, '/'], 'X', [None, '*'], 'X', [None, '+'], 'X', [Piece(b, 4, isdama=False), '-'], [Piece(b, 0, isdama=False), '-'], 'X', [None, '+'], 'X', [Piece(b, -5, isdama=False), '*'], 'X', [Piece(b, -7, isdama=False), '/'], 'X', 'X', [Piece(b, -11, isdama=False), '+'], 'X', [Piece(b, 8, isdama=False), '-'], 'X', [None, '/'], 'X', [Piece(b, 2, isdama=False), '*']]","{""valid_moves"": [{""position"": [4, ""-""], ""piece"": [""red"", 8, false], ""destination"": [11]}, {""position"": [9, ""/""], ""piece"": [""red"", 2, false], ""destination"": [16, 18]}, {""position"": [13, ""+""], ""piece"": [""red"", -3, false], ""destination"": [20, 22]}, {""position"": [15, ""-""], ""piece"": [""red"", 0, false], ""destination"": [22]}, {""position"": [36, ""-""], ""piece"": [""red"", -7, false], ""destination"": [43, 45]}]}","Piece(r, 8, isdama=False): [11]
Piece(r, 2, isdama=False): [16, 18]
Piece(r, -3, isdama=False): [20, 22]
Piece(r, 0, isdama=False): [22]
Piece(r, -7, isdama=False): [43, 45]"
"[[None, '*'], 'X', [None, '/'], 'X', [Piece(r, 8, isdama=False), '-'], 'X', [Piece(r, -11, isdama=False), '+'], 'X', 'X', [Piece(r, 2, isdama=False), '/'], 'X', [None, '*'], 'X', [Piece(r, -3, isdama=False), '+'], 'X', [Piece(r, 0, isdama=False), '-'], [None, '-'], 'X', [None, '+'], 'X', [None, '*'], 'X', [None, '/'], 'X', 'X', [None, '+'], 'X', [None, '-'], 'X', [None, '/'], 'X', [None, '*'], [Piece(b, -3, isdama=False), '*'], 'X', [None, '/'], 'X', [Piece(r, -7, isdama=False), '-'], 'X', [None, '+'], 'X', 'X', [None, '/'], 'X', [None, '*'], 'X', [None, '+'], 'X', [Piece(b, 4, isdama=False), '-'], [Piece(b, 0, isdama=False), '-'], 'X', [None, '+'], 'X', [Piece(b, -5, isdama=False), '*'], 'X', [Piece(b, -7, isdama=False), '/'], 'X', 'X', [Piece(b, -11, isdama=False), '+'], 'X', [Piece(b, 8, isdama=False), '-'], 'X', [None, '/'], 'X', [Piece(b, 2, isdama=False), '*']]","{""valid_moves"": [{""position"": [4, ""-""], ""piece"": [""red"", 8, false], ""destination"": [11]}, {""position"": [9, ""/""], ""piece"": [""red"", 2, false], ""destination"": [16, 18]}, {""position"": [13, ""+""], ""piece"": [""red"", -3, false], ""destination"": [20, 22]}, {""position"": [15, ""-""], ""piece"": [""red"", 0, false], ""destination"": [22]}, {""position"": [36, ""-""], ""piece"": [""red"", -7, false], ""destination"": [43, 45]}]}","Piece(r, 8, isdama=False): [11]
Piece(r, 2, isdama=False): [16, 18]
Piece(r, -3, isdama=False): [20, 22]
Piece(r, 0, isdama=False): [22]
Piece(r, -7, isdama=False): [43, 45]"
"[[None, '*'], 'X', [None, '/'], 'X', [Piece(r, 8, isdama=False), '-'], 'X', [Piece(r, -11, isdama=False), '+'], 'X', 'X', [Piece(r, 2, isdama=False), '/'], 'X', [None, '*'], 'X', [Piece(r, -3, isdama=False), '+'], 'X', [Piece(r, 0, isdama=False), '-'], [None, '-'], 'X', [None, '+'], 'X', [None, '*'], 'X', [None, '/'], 'X', 'X', [None, '+'], 'X', [None, '-'], 'X', [None, '/'], 'X', [None, '*'], [Piece(b, -3, isdama=False), '*'], 'X', [None, '/'], 'X', [Piece(r, -7, isdama=False), '-'], 'X', [None, '+'], 'X', 'X', [None, '/'], 'X', [None, '*'], 'X', [None, '+'], 'X', [Piece(b, 4, isdama=False), '-'], [Piece(b, 0, isdama=False), '-'], 'X', [None, '+'], 'X', [Piece(b, -5, isdama=False), '*'], 'X', [Piece(b, -7, isdama=False), '/'], 'X', 'X', [Piece(b, -11, isdama=False), '+'], 'X', [Piece(b, 8, isdama=False), '-'], 'X', [None, '/'], 'X', [Piece(b, 2, isdama=False), '*']]","{""valid_moves"": [{""position"": [4, ""-""], ""piece"": [""red"", 8, false], ""destination"": [11]}, {""position"": [9, ""/""], ""piece"": [""red"", 2, false], ""destination"": [16, 18]}, {""position"": [13, ""+""], ""piece"": [""red"", -3, false], ""destination"": [20, 22]}, {""position"": [15, ""-""], ""piece"": [""red"", 0, false], ""destination"": [22]}, {""position"": [36, ""-""], ""piece"": [""red"", -7, false], ""destination"": [43, 45]}]}","Piece(r, 8, isdama=False): [11]
Piece(r, 2, isdama=False): [16, 18]
Piece(r, -3, isdama=False): [20, 22]
Piece(r, 0, isdama=False): [22]
Piece(r, -7, isdama=False): [43, 45]"
"[[None, '*'], 'X', [None, '/'], 'X', [Piece(r, 8, isdama=False), '-'], 'X', [Piece(r, -11, isdama=False), '+'], 'X', 'X', [Piece(r, 2, isdama=False), '/'], 'X', [None, '*'], 'X', [Piece(r, -3, isdama=False), '+'], 'X', [Piece(r, 0, isdama=False), '-'], [None, '-'], 'X', [None, '+'], 'X', [None, '*'], 'X', [None, '/'], 'X', 'X', [None, '+'], 'X', [None, '-'], 'X', [None, '/'], 'X', [None, '*'], [Piece(b, -3, isdama=False), '*'], 'X', [None, '/'], 'X', [Piece(r, -7, isdama=False), '-'], 'X', [None, '+'], 'X', 'X', [None, '/'], 'X', [None, '*'], 'X', [None, '+'], 'X', [Piece(b, 4, isdama=False), '-'], [Piece(b, 0, isdama=False), '-'], 'X', [None, '+'], 'X', [Piece(b, -5, isdama=False), '*'], 'X', [Piece(b, -7, isdama=False), '/'], 'X', 'X', [Piece(b, -11, isdama=False), '+'], 'X', [Piece(b, 8, isdama=False), '-'], 'X', [None, '/'], 'X', [Piece(b, 2, isdama=False), '*']]","{""valid_moves"": [{""position"": [4, ""-""], ""piece"": [""red"", 8, false], ""destination"": [11]}, {""position"": [9, ""/""], ""piece"": [""red"", 2, false], ""destination"": [16, 18]}, {""position"": [13, ""+""], ""piece"": [""red"", -3, false], ""destination"": [20, 22]}, {""position"": [15, ""-""], ""piece"": [""red"", 0, false], ""destination"": [22]}, {""position"": [36, ""-""], ""piece"": [""red"", -7, false], ""destination"": [43, 45]}]}","Piece(r, 8, isdama=False): [11]
Piece(r, 2, isdama=False): [16, 18]
Piece(r, -3, isdama=False): [20, 22]
Piece(r, 0, isdama=False): [22]
Piece(r, -7, isdama=False): [43, 45]"
"[[None, '*'], 'X', [None, '/'], 'X', [Piece(r, 8, isdama=False), '-'], 'X', [Piece(r, -11, isdama=False), '+'], 'X', 'X', [Piece(r, 2, isdama=False), '/'], 'X', [None, '*'], 'X', [Piece(r, -3, isdama=False), '+'], 'X', [Piece(r, 0, isdama=False), '-'], [None, '-'], 'X', [None, '+'], 'X', [None, '*'], 'X', [None, '/'], 'X', 'X', [None, '+'], 'X', [None, '-'], 'X', [None, '/'], 'X', [None, '*'], [Piece(b, -3, isdama=False), '*'], 'X', [None, '/'], 'X', [Piece(r, -7, isdama=False), '-'], 'X', [None, '+'], 'X', 'X', [None, '/'], 'X', [None, '*'], 'X', [None, '+'], 'X', [Piece(b, 4, isdama=False), '-'], [Piece(b, 0, isdama=False), '-'], 'X', [None, '+'], 'X', [Piece(b, -5, isdama=False), '*'], 'X', [Piece(b, -7, isdama=False), '/'], 'X', 'X', [Piece(b, -11, isdama=False), '+'], 'X', [Piece(b, 8, isdama=False), '-'], 'X', [None, '/'], 'X', [Piece(b, 2, isdama=False), '*']]","{""valid_moves"": [{""position"": [4, ""-""], ""piece"": [""red"", 8, false], ""destination"": [11]}, {""position"": [9, ""/""], ""piece"": [""red"", 2, false], ""destination"": [16, 18]}, {""position"": [13, ""+""], ""piece"": [""red"", -3, false], ""destination"": [20, 22]}, {""position"": [15, ""-""], ""piece"": [""red"", 0, false], ""destination"": [22]}, {""position"": [36, ""-""], ""piece"": [""red"", -7, false], ""destination"": [43, 45]}]}","Piece(r, 8, isdama=False): [11]
Piece(r, 2, isdama=False): [16, 18]
Piece(r, -3, isdama=False): [20, 22]
Piece(r, 0, isdama=False): [22]
Piece(r, -7, isdama=False): [43, 45]"
"[[None, '*'], 'X', [None, '/'], 'X', [Piece(r, 8, isdama=False), '-'], 'X', [Piece(r, -11, isdama=False), '+'], 'X', 'X', [Piece(r, 2, isdama=False), '/'], 'X', [None, '*'], 'X', [Piece(r, -3, isdama=False), '+'], 'X', [Piece(r, 0, isdama=False), '-'], [None, '-'], 'X', [None, '+'], 'X', [None, '*'], 'X', [None, '/'], 'X', 'X', [None, '+'], 'X', [None, '-'], 'X', [None, '/'], 'X', [None, '*'], [Piece(b, -3, isdama=False), '*'], 'X', [None, '/'], 'X', [Piece(r, -7, isdama=False), '-'], 'X', [None, '+'], 'X', 'X', [None, '/'], 'X', [None, '*'], 'X', [None, '+'], 'X', [Piece(b, 4, isdama=False), '-'], [Piece(b, 0, isdama=False), '-'], 'X', [None, '+'], 'X', [Piece(b, -5, isdama=False), '*'], 'X', [Piece(b, -7, isdama=False), '/'], 'X', 'X', [Piece(b, -11, isdama=False), '+'], 'X', [Piece(b, 8, isdama=False), '-'], 'X', [None, '/'], 'X', [Piece(b, 2, isdama=False), '*']]","{""valid_moves"": [{""position"": [4, ""-""], ""piece"": [""red"", 8, false], ""destination"": [11]}, {""position"": [9, ""/""], ""piece"": [""red"", 2, false], ""destination"": [16, 18]}, {""position"": [13, ""+""], ""piece"": [""red"", -3, false], ""destination"": [20, 22]}, {""position"": [15, ""-""], ""piece"": [""red"", 0, false], ""destination"": [22]}, {""position"": [36, ""-""], ""piece"": [""red"", -7, false], ""destination"": [43, 45]}]}","Piece(r, 8, isdama=False): [11]
Piece(r, 2, isdama=False): [16, 18]
Piece(r, -3, isdama=False): [20, 22]
Piece(r, 0, isdama=False): [22]
Piece(r, -7, isdama=False): [43, 45]"
"[[None, '*'], 'X', [None, '/'], 'X', [Piece(r, 8, isdama=False), '-'], 'X', [Piece(r, -11, isdama=False), '+'], 'X', 'X', [Piece(r, 2, isdama=False), '/'], 'X', [None, '*'], 'X', [Piece(r, -3, isdama=False), '+'], 'X', [Piece(r, 0, isdama=False), '-'], [None, '-'], 'X', [None, '+'], 'X', [None, '*'], 'X', [None, '/'], 'X', 'X', [None, '+'], 'X', [None, '-'], 'X', [None, '/'], 'X', [None, '*'], [Piece(b, -3, isdama=False), '*'], 'X', [None, '/'], 'X', [Piece(r, -7, isdama=False), '-'], 'X', [None, '+'], 'X', 'X', [None, '/'], 'X', [None, '*'], 'X', [None, '+'], 'X', [Piece(b, 4, isdama=False), '-'], [Piece(b, 0, isdama=False), '-'], 'X', [None, '+'], 'X', [Piece(b, -5, isdama=False), '*'], 'X', [Piece(b, -7, isdama=False), '/'], 'X', 'X', [Piece(b, -11, isdama=False), '+'], 'X', [Piece(b, 8, isdama=False), '-'], 'X', [None, '/'], 'X', [Piece(b, 2, isdama=False), '*']]","{""valid_moves"": [{""position"": [4, ""-""], ""piece"": [""red"", 8, false], ""destination"": [11]}, {""position"": [9, ""/""], ""piece"": [""red"", 2, false], ""destination"": [16, 18]}, {""position"": [13, ""+""], ""piece"": [""red"", -3, false], ""destination"": [20, 22]}, {""position"": [15, ""-""], ""piece"": [""red"", 0, false], ""destination"": [22]}, {""position"": [36, ""-""], ""piece"": [""red"", -7, false], ""destination"": [43, 45]}]}","Piece(r, 8, isdama=False): [11]
Piece(r, 2, isdama=False): [16, 18]
Piece(r, -3, isdama=False): [20, 22]
Piece(r, 0, isdama=False): [22]
Piece(r, -7, isdama=False): [43, 45]"
"[[None, '*'], 'X', [None, '/'], 'X', [Piece(r, 8, isdama=False), '-'], 'X', [Piece(r, -11, isdama=False), '+'], 'X', 'X', [Piece(r, 2, isdama=False), '/'], 'X', [None, '*'], 'X', [Piece(r, -3, isdama=False), '+'], 'X', [Piece(r, 0, isdama=False), '-'], [None, '-'], 'X', [None, '+'], 'X', [None, '*'], 'X', [None, '/'], 'X', 'X', [None, '+'], 'X', [None, '-'], 'X', [None, '/'], 'X', [None, '*'], [Piece(b, -3, isdama=False), '*'], 'X', [None, '/'], 'X', [Piece(r, -7, isdama=False), '-'], 'X', [None, '+'], 'X', 'X', [None, '/'], 'X', [None, '*'], 'X', [None, '+'], 'X', [Piece(b, 4, isdama=False), '-'], [Piece(b, 0, isdama=False), '-'], 'X', [None, '+'], 'X', [Piece(b, -5, isdama=False), '*'], 'X', [Piece(b, -7, isdama=False), '/'], 'X', 'X', [Piece(b, -11, isdama=False), '+'], 'X', [Piece(b, 8, isdama=False), '-'], 'X', [None, '/'], 'X', [Piece(b, 2, isdama=False), '*']]","{""valid_moves"": [{""position"": [4, ""-""], ""piece"": [""red"", 8, false], ""destination"": [11]}, {""position"": [9, ""/""], ""piece"": [""red"", 2, false], ""destination"": [16, 18]}, {""position"": [13, ""+""], ""piece"": [""red"", -3, false], ""destination"": [20, 22]}, {""position"": [15, ""-""], ""piece"": [""red"", 0, false], ""destination"": [22]}, {""position"": [36, ""-""], ""piece"": [""red"", -7, false], ""destination"": [43, 45]}]}","Piece(r, 8, isdama=False): [11]
Piece(r, 2, isdama=False): [16, 18]
Piece(r, -3, isdama=False): [20, 22]
Piece(r, 0, isdama=False): [22]
Piece(r, -7, isdama=False): [43, 45]"
"[[None, '*'], 'X', [None, '/'], 'X', [None, '-'], 'X', [Piece(r, -11, isdama=False), '+'], 'X', 'X', [Piece(r, 2, isdama=False), '/'], 'X', [Piece(r, 8, isdama=False), '*'], 'X', [Piece(r, -3, isdama=False), '+'], 'X', [Piece(r, 0, isdama=False), '-'], [None, '-'], 'X', [None, '+'], 'X', [None, '*'], 'X', [None, '/'], 'X', 'X', [Piece(b, -3, isdama=False), '+'], 'X', [None, '-'], 'X', [None, '/'], 'X', [None, '*'], [None, '*'], 'X', [None, '/'], 'X', [Piece(r, -7, isdama=False), '-'], 'X', [None, '+'], 'X', 'X', [None, '/'], 'X', [None, '*'], 'X', [None, '+'], 'X', [Piece(b, 4, isdama=False), '-'], [Piece(b, 0, isdama=False), '-'], 'X', [None, '+'], 'X', [Piece(b, -5, isdama=False), '*'], 'X', [Piece(b, -7, isdama=False), '/'], 'X', 'X', [Piece(b, -11, isdama=False), '+'], 'X', [Piece(b, 8, isdama=False), '-'], 'X', [None, '/'], 'X', [Piece(b, 2, isdama=False), '*']]","{""valid_moves"": [{""position"": [9, ""/""], ""piece"": [""red"", 2, false], ""destination"": [16, 18]}, {""position"": [11, ""*""], ""piece"": [""red"", 8, false], ""destination"": [18, 20]}, {""position"": [13, ""+""], ""piece"": [""red"", -3, false], ""destination"": [20, 22]}, {""position"": [15, ""-""], ""piece"": [""red"", 0, false], ""destination"": [22]}, {""position"": [36, ""-""], ""piece"": [""red"", -7, false], ""destination"": [43, 45]}]}","Piece(r, 2, isdama=False): [16, 18]
Piece(r, 8, isdama=False): [18, 20]
Piece(r, -3, isdama=False): [20, 22]
Piece(r, 0, isdama=False): [22]
Piece(r, -7, isdama=False): [43, 45]"
"[[None, '*'], 'X', [None, '/'], 'X', [None, '-'], 'X', [Piece(r, -11, isdama=False), '+'], 'X', 'X', [Piece(r, 2, isdama=False), '/'], 'X', [Piece(r, 8, isdama=False), '*'], 'X', [Piece(r, -3, isdama=False), '+'], 'X', [Piece(r, 0, isdama=False), '-'], [None, '-'], 'X', [None, '+'], 'X', [None, '*'], 'X', [None, '/'], 'X', 'X', [Piece(b, -3, isdama=False), '+'], 'X', [None, '-'], 'X', [None, '/'], 'X', [None, '*'], [None, '*'], 'X', [None, '/'], 'X', [Piece(r, -7, isdama=False), '-'], 'X', [None, '+'], 'X', 'X', [None, '/'], 'X', [None, '*'], 'X', [None, '+'], 'X', [Piece(b, 4, isdama=False), '-'], [Piece(b, 0, isdama=False), '-'], 'X', [None, '+'], 'X', [Piece(b, -5, isdama=False), '*'], 'X', [Piece(b, -7, isdama=False), '/'], 'X', 'X', [Piece(b, -11, isdama=False), '+'], 'X', [Piece(b, 8, isdama=False), '-'], 'X', [None, '/'], 'X', [Piece(b, 2, isdama=False), '*']]","{""valid_moves"": [{""position"": [9, ""/""], ""piece"": [""red"", 2, false], ""destination"": [16, 18]}, {""position"": [11, ""*""], ""piece"": [""red"", 8, false], ""destination"": [18, 20]}, {""position"": [13, ""+""], ""piece"": [""red"", -3, false], ""destination"": [20, 22]}, {""position"": [15, ""-""], ""piece"": [""red"", 0, false], ""destination"": [22]}, {""position"": [36, ""-""], ""piece"": [""red"", -7, false], ""destination"": [43, 45]}]}","Piece(r, 2, isdama=False): [16, 18]
Piece(r, 8, isdama=False): [18, 20]
Piece(r, -3, isdama=False): [20, 22]
Piece(r, 0, isdama=False): [22]
Piece(r, -7, isdama=False): [43, 45]"
"[[None, '*'], 'X', [None, '/'], 'X', [None, '-'], 'X', [Piece(r, -11, isdama=False), '+'], 'X', 'X', [Piece(r, 2, isdama=False), '/'], 'X', [Piece(r, 8, isdama=False), '*'], 'X', [Piece(r, -3, isdama=False), '+'], 'X', [Piece(r, 0, isdama=False), '-'], [None, '-'], 'X', [None, '+'], 'X', [None, '*'], 'X', [None, '/'], 'X', 'X', [Piece(b, -3, isdama=False), '+'], 'X', [None, '-'], 'X', [None, '/'], 'X', [None, '*'], [None, '*'], 'X', [None, '/'], 'X', [Piece(r, -7, isdama=False), '-'], 'X', [None, '+'], 'X', 'X', [None, '/'], 'X', [None, '*'], 'X', [None, '+'], 'X', [Piece(b, 4, isdama=False), '-'], [Piece(b, 0, isdama=False), '-'], 'X', [None, '+'], 'X', [Piece(b, -5, isdama=False), '*'], 'X', [Piece(b, -7, isdama=False), '/'], 'X', 'X', [Piece(b, -11, isdama=False), '+'], 'X', [Piece(b, 8, isdama=False), '-'], 'X', [None, '/'], 'X', [Piece(b, 2, isdama=False), '*']]","{""valid_moves"": [{""position"": [9, ""/""], ""piece"": [""red"", 2, false], ""destination"": [16, 18]}, {""position"": [11, ""*""], ""piece"": [""red"", 8, false], ""destination"": [18, 20]}, {""position"": [13, ""+""], ""piece"": [""red"", -3, false], ""destination"": [20, 22]}, {""position"": [15, ""-""], ""piece"": [""red"", 0, false], ""destination"": [22]}, {""position"": [36, ""-""], ""piece"": [""red"", -7, false], ""destination"": [43, 45]}]}","Piece(r, 2, isdama=False): [16, 18]
Piece(r, 8, isdama=False): [18, 20]
Piece(r, -3, isdama=False): [20, 22]
Piece(r, 0, isdama=False): [22]
Piece(r, -7, isdama=False): [43, 45]"
"[[None, '*'], 'X', [None, '/'], 'X', [None, '-'], 'X', [Piece(r, -11, isdama=False), '+'], 'X', 'X', [Piece(r, 2, isdama=False), '/'], 'X', [Piece(r, 8, isdama=False), '*'], 'X', [Piece(r, -3, isdama=False), '+'], 'X', [Piece(r, 0, isdama=False), '-'], [None, '-'], 'X', [None, '+'], 'X', [None, '*'], 'X', [None, '/'], 'X', 'X', [Piece(b, -3, isdama=False), '+'], 'X', [None, '-'], 'X', [None, '/'], 'X', [None, '*'], [None, '*'], 'X', [None, '/'], 'X', [Piece(r, -7, isdama=False), '-'], 'X', [None, '+'], 'X', 'X', [None, '/'], 'X', [None, '*'], 'X', [None, '+'], 'X', [Piece(b, 4, isdama=False), '-'], [Piece(b, 0, isdama=False), '-'], 'X', [None, '+'], 'X', [Piece(b, -5, isdama=False), '*'], 'X', [Piece(b, -7, isdama=False), '/'], 'X', 'X', [Piece(b, -11, isdama=False), '+'], 'X', [Piece(b, 8, isdama=False), '-'], 'X', [None, '/'], 'X', [Piece(b, 2, isdama=False), '*']]","{""valid_moves"": [{""position"": [9, ""/""], ""piece"": [""red"", 2, false], ""destination"": [16, 18]}, {""position"": [11, ""*""], ""piece"": [""red"", 8, false], ""destination"": [18, 20]}, {""position"": [13, ""+""], ""piece"": [""red"", -3, false], ""destination"": [20, 22]}, {""position"": [15, ""-""], ""piece"": [""red"", 0, false], ""destination"": [22]}, {""position"": [36, ""-""], ""piece"": [""red"", -7, false], ""destination"": [43, 45]}]}","Piece(r, 2, isdama=False): [16, 18]
Piece(r, 8, isdama=False): [18, 20]
Piece(r, -3, isdama=False): [20, 22]
Piece(r, 0, isdama=False): [22]
Piece(r, -7, isdama=False): [43, 45]"
"[[None, '*'], 'X', [None, '/'], 'X', [None, '-'], 'X', [Piece(r, -11, isdama=False), '+'], 'X', 'X', [Piece(r, 2, isdama=False), '/'], 'X', [Piece(r, 8, isdama=False), '*'], 'X', [Piece(r, -3, isdama=False), '+'], 'X', [Piece(r, 0, isdama=False), '-'], [None, '-'], 'X', [None, '+'], 'X', [None, '*'], 'X', [None, '/'], 'X', 'X', [Piece(b, -3, isdama=False), '+'], 'X', [None, '-'], 'X', [None, '/'], 'X', [None, '*'], [None, '*'], 'X', [None, '/'], 'X', [Piece(r, -7, isdama=False), '-'], 'X', [None, '+'], 'X', 'X', [None, '/'], 'X', [None, '*'], 'X', [None, '+'], 'X', [Piece(b, 4, isdama=False), '-'], [Piece(b, 0, isdama=False), '-'], 'X', [None, '+'], 'X', [Piece(b, -5, isdama=False), '*'], 'X', [Piece(b, -7, isdama=False), '/'], 'X', 'X', [Piece(b, -11, isdama=False), '+'], 'X', [Piece(b, 8, isdama=False), '-'], 'X', [None, '/'], 'X', [Piece(b, 2, isdama=False), '*']]","{""valid_moves"": [{""position"": [9, ""/""], ""piece"": [""red"", 2, false], ""destination"": [16, 18]}, {""position"": [11, ""*""], ""piece"": [""red"", 8, false], ""destination"": [18, 20]}, {""position"": [13, ""+""], ""piece"": [""red"", -3, false], ""destination"": [20, 22]}, {""position"": [15, ""-""], ""piece"": [""red"", 0, false], ""destination"": [22]}, {""position"": [36, ""-""], ""piece"": [""red"", -7, false], ""destination"": [43, 45]}]}","Piece(r, 2, isdama=False): [16, 18]
Piece(r, 8, isdama=False): [18, 20]
Piece(r, -3, isdama=False): [20, 22]
Piece(r, 0, isdama=False): [22]
Piece(r, -7, isdama=False): [43, 45]"
"[[None, '*'], 'X', [None, '/'], 'X', [None, '-'], 'X', [Piece(r, -11, isdama=False), '+'], 'X', 'X', [Piece(r, 2, isdama=False), '/'], 'X', [Piece(r, 8, isdama=False), '*'], 'X', [Piece(r, -3, isdama=False), '+'], 'X', [Piece(r, 0, isdama=False), '-'], [None, '-'], 'X', [None, '+'], 'X', [None, '*'], 'X', [None, '/'], 'X', 'X', [Piece(b, -3, isdama=False), '+'], 'X', [None, '-'], 'X', [None, '/'], 'X', [None, '*'], [None, '*'], 'X', [None, '/'], 'X', [Piece(r, -7, isdama=False), '-'], 'X', [None, '+'], 'X', 'X', [None, '/'], 'X', [None, '*'], 'X', [None, '+'], 'X', [Piece(b, 4, isdama=False), '-'], [Piece(b, 0, isdama=False), '-'], 'X', [None, '+'], 'X', [Piece(b, -5, isdama=False), '*'], 'X', [Piece(b, -7, isdama=False), '/'], 'X', 'X', [Piece(b, -11, isdama=False), '+'], 'X', [Piece(b, 8, isdama=False), '-'], 'X', [None, '/'], 'X', [Piece(b, 2, isdama=False), '*']]","{""valid_moves"": [{""position"": [9, ""/""], ""piece"": [""red"", 2, false], ""destination"": [16, 18]}, {""position"": [11, ""*""], ""piece"": [""red"", 8, false], ""destination"": [18, 20]}, {""position"": [13, ""+""], ""piece"": [""red"", -3, false], ""destination"": [20, 22]}, {""position"": [15, ""-""], ""piece"": [""red"", 0, false], ""destination"": [22]}, {""position"": [36, ""-""], ""piece"": [""red"", -7, false], ""destination"": [43, 45]}]}","Piece(r, 2, isdama=False): [16, 18]
Piece(r, 8, isdama=False): [18, 20]
Piece(r, -3, isdama=False): [20, 22]
Piece(r, 0, isdama=False): [22]
Piece(r, -7, isdama=False): [43, 45]"
"[[None, '*'], 'X', [None, '/'], 'X', [None, '-'], 'X', [Piece(r, -11, isdama=False), '+'], 'X', 'X', [Piece(r, 2, isdama=False), '/'], 'X', [Piece(r, 8, isdama=False), '*'], 'X', [Piece(r, -3, isdama=False), '+'], 'X', [Piece(r, 0, isdama=False), '-'], [None, '-'], 'X', [None, '+'], 'X', [None, '*'], 'X', [None, '/'], 'X', 'X', [Piece(b, -3, isdama=False), '+'], 'X', [None, '-'], 'X', [None, '/'], 'X', [None, '*'], [None, '*'], 'X', [None, '/'], 'X', [Piece(r, -7, isdama=False), '-'], 'X', [None, '+'], 'X', 'X', [None, '/'], 'X', [None, '*'], 'X', [None, '+'], 'X', [Piece(b, 4, isdama=False), '-'], [Piece(b, 0, isdama=False), '-'], 'X', [None, '+'], 'X', [Piece(b, -5, isdama=False), '*'], 'X', [Piece(b, -7, isdama=False), '/'], 'X', 'X', [Piece(b, -11, isdama=False), '+'], 'X', [Piece(b, 8, isdama=False), '-'], 'X', [None, '/'], 'X', [Piece(b, 2, isdama=False), '*']]","{""valid_moves"": [{""position"": [9, ""/""], ""piece"": [""red"", 2, false], ""destination"": [16, 18]}, {""position"": [11, ""*""], ""piece"": [""red"", 8, false], ""destination"": [18, 20]}, {""position"": [13, ""+""], ""piece"": [""red"", -3, false], ""destination"": [20, 22]}, {""position"": [15, ""-""], ""piece"": [""red"", 0, false], ""destination"": [22]}, {""position"": [36, ""-""], ""piece"": [""red"", -7, false], ""destination"": [43, 45]}]}","Piece(r, 2, isdama=False): [16, 18]
Piece(r, 8, isdama=False): [18, 20]
Piece(r, -3, isdama=False): [20, 22]
Piece(r, 0, isdama=False): [22]
Piece(r, -7, isdama=False): [43, 45]"
"[[None, '*'], 'X', [None, '/'], 'X', [None, '-'], 'X', [Piece(r, -11, isdama=False), '+'], 'X', 'X', [Piece(r, 2, isdama=False), '/'], 'X', [Piece(r, 8, isdama=False), '*'], 'X', [Piece(r, -3, isdama=False), '+'], 'X', [Piece(r, 0, isdama=False), '-'], [None, '-'], 'X', [None, '+'], 'X', [None, '*'], 'X', [None, '/'], 'X', 'X', [Piece(b, -3, isdama=False), '+'], 'X', [None, '-'], 'X', [None, '/'], 'X', [None, '*'], [None, '*'], 'X', [None, '/'], 'X', [Piece(r, -7, isdama=False), '-'], 'X', [None, '+'], 'X', 'X', [None, '/'], 'X', [None, '*'], 'X', [None, '+'], 'X', [Piece(b, 4, isdama=False), '-'], [Piece(b, 0, isdama=False), '-'], 'X', [None, '+'], 'X', [Piece(b, -5, isdama=False), '*'], 'X', [Piece(b, -7, isdama=False), '/'], 'X', 'X', [Piece(b, -11, isdama=False), '+'], 'X', [Piece(b, 8, isdama=False), '-'], 'X', [None, '/'], 'X', [Piece(b, 2, isdama=False), '*']]","{""valid_moves"": [{""position"": [9, ""/""], ""piece"": [""red"", 2, false], ""destination"": [16, 18]}, {""position"": [11, ""*""], ""piece"": [""red"", 8, false], ""destination"": [18, 20]}, {""position"": [13, ""+""], ""piece"": [""red"", -3, false], ""destination"": [20, 22]}, {""position"": [15, ""-""], ""piece"": [""red"", 0, false], ""destination"": [22]}, {""position"": [36, ""-""], ""piece"": [""red"", -7, false], ""destination"": [43, 45]}]}","Piece(r, 2, isdama=False): [16, 18]
Piece(r, 8, isdama=False): [18, 20]
Piece(r, -3, isdama=False): [20, 22]
Piece(r, 0, isdama=False): [22]
Piece(r, -7, isdama=False): [43, 45]"
"[[None, '*'], 'X', [None, '/'], 'X', [None, '-'], 'X', [Piece(r, -11, isdama=False), '+'], 'X', 'X', [Piece(r, 2, isdama=False), '/'], 'X', [Piece(r, 8, isdama=False), '*'], 'X', [Piece(r, -3, isdama=False), '+'], 'X', [Piece(r, 0, isdama=False), '-'], [None, '-'], 'X', [None, '+'], 'X', [None, '*'], 'X', [None, '/'], 'X', 'X', [Piece(b, -3, isdama=False), '+'], 'X', [None, '-'], 'X', [None, '/'], 'X', [None, '*'], [None, '*'], 'X', [None, '/'], 'X', [Piece(r, -7, isdama=False), '-'], 'X', [None, '+'], 'X', 'X', [None, '/'], 'X', [None, '*'], 'X', [None, '+'], 'X', [Piece(b, 4, isdama=False), '-'], [Piece(b, 0, isdama=False), '-'], 'X', [None, '+'], 'X', [Piece(b, -5, isdama=False), '*'], 'X', [Piece(b, -7, isdama=False), '/'], 'X', 'X', [Piece(b, -11, isdama=False), '+'], 'X', [Piece(b, 8, isdama=False), '-'], 'X', [None, '/'], 'X', [Piece(b, 2, isdama=False), '*']]","{""valid_moves"": [{""position"": [9, ""/""], ""piece"": [""red"", 2, false], ""destination"": [16, 18]}, {""position"": [11, ""*""], ""piece"": [""red"", 8, false], ""destination"": [18, 20]}, {""position"": [13, ""+""], ""piece"": [""red"", -3, false], ""destination"": [20, 22]}, {""position"": [15, ""-""], ""piece"": [""red"", 0, false], ""destination"": [22]}, {""position"": [36, ""-""], ""piece"": [""red"", -7, false], ""destination"": [43, 45]}]}","Piece(r, 2, isdama=False): [16, 18]
Piece(r, 8, isdama=False): [18, 20]
Piece(r, -3, isdama=False): [20, 22]
Piece(r, 0, isdama=False): [22]
Piece(r, -7, isdama=False): [43, 45]"
"[[None, '*'], 'X', [None, '/'], 'X', [None, '-'], 'X', [Piece(r, -11, isdama=False), '+'], 'X', 'X', [Piece(r, 2, isdama=False), '/'], 'X', [Piece(r, 8, isdama=False), '*'], 'X', [Piece(r, -3, isdama=False), '+'], 'X', [Piece(r, 0, isdama=False), '-'], [None, '-'], 'X', [None, '+'], 'X', [None, '*'], 'X', [None, '/'], 'X', 'X', [Piece(b, -3, isdama=False), '+'], 'X', [None, '-'], 'X', [None, '/'], 'X', [None, '*'], [None, '*'], 'X', [None, '/'], 'X', [Piece(b, -7, isdama=False), '-'], 'X', [None, '+'], 'X', 'X', [None, '/'], 'X', [None, '*'], 'X', [None, '+'], 'X', [Piece(b, 4, isdama=False), '-'], [Piece(b, 0, isdama=False), '-'], 'X', [None, '+'], 'X', [Piece(b, -5, isdama=False), '*'], 'X', [None, '/'], 'X', 'X', [Piece(b, -11, isdama=False), '+'], 'X', [Piece(b, 8, isdama=False), '-'], 'X', [None, '/'], 'X', [Piece(b, 2, isdama=False), '*']]","{""valid_moves"": [{""position"": [9, ""/""], ""piece"": [""red"", 2, false], ""destination"": [16, 18]}, {""position"": [11, ""*""], ""piece"": [""red"", 8, false], ""destination"": [18, 20]}, {""position"": [13, ""+""], ""piece"": [""red"", -3, false], ""destination"": [20, 22]}, {""position"": [15, ""-""], ""piece"": [""red"", 0, false], ""destination"": [22]}]}","Piece(r, 2, isdama=False): [16, 18]
Piece(r, 8, isdama=False): [18, 20]
Piece(r, -3, isdama=False): [20, 22]
Piece(r, 0, isdama=False): [22]"
"[[None, '*'], 'X', [None, '/'], 'X', [None, '-'], 'X', [Piece(r, -11, isdama=False), '+'], 'X', 'X', [Piece(r, 2, isdama=False), '/'], 'X', [Piece(r, 8, isdama=False), '*'], 'X', [Piece(r, -3, isdama=False), '+'], 'X', [Piece(r, 0, isdama=False), '-'], [None, '-'], 'X', [None, '+'], 'X', [None, '*'], 'X', [None, '/'], 'X', 'X', [Piece(b, -3, isdama=False), '+'], 'X', [None, '-'], 'X', [None, '/'], 'X', [None, '*'], [None, '*'], 'X', [None, '/'], 'X', [Piece(b, -7, isdama=False), '-'], 'X', [None, '+'], 'X', 'X', [None, '/'], 'X', [None, '*'], 'X', [None, '+'], 'X', [Piece(b, 4, isdama=False), '-'], [Piece(b, 0, isdama=False), '-'], 'X', [None, '+'], 'X', [Piece(b, -5, isdama=False), '*'], 'X', [None, '/'], 'X', 'X', [Piece(b, -11, isdama=False), '+'], 'X', [Piece(b, 8, isdama=False), '-'], 'X', [None, '/'], 'X', [Piece(b, 2, isdama=False), '*']]","{""valid_moves"": [{""position"": [9, ""/""], ""piece"": [""red"", 2, false], ""destination"": [16, 18]}, {""position"": [11, ""*""], ""piece"": [""red"", 8, false], ""destination"": [18, 20]}, {""position"": [13, ""+""], ""piece"": [""red"", -3, false], ""destination"": [20, 22]}, {""position"": [15, ""-""], ""piece"": [""red"", 0, false], ""destination"": [22]}]}","Piece(r, 2, isdama=False): [16, 18]
Piece(r, 8, isdama=False): [18, 20]
Piece(r, -3, isdama=False): [20, 22]
Piece(r, 0, isdama=False): [22]"
"[[None, '*'], 'X', [None, '/'], 'X', [None, '-'], 'X', [Piece(r, -11, isdama=False), '+'], 'X', 'X', [Piece(r, 2, isdama=False), '/'], 'X', [Piece(r, 8, isdama=False), '*'], 'X', [Piece(r, -3, isdama=False), '+'], 'X', [Piece(r, 0, isdama=False), '-'], [None, '-'], 'X', [None, '+'], 'X', [None, '*'], 'X', [None, '/'], 'X', 'X', [Piece(b, -3, isdama=False), '+'], 'X', [None, '-'], 'X', [None, '/'], 'X', [None, '*'], [None, '*'], 'X', [None, '/'], 'X', [Piece(b, -7, isdama=False), '-'], 'X', [None, '+'], 'X', 'X', [None, '/'], 'X', [None, '*'], 'X', [None, '+'], 'X', [Piece(b, 4, isdama=False), '-'], [Piece(b, 0, isdama=False), '-'], 'X', [None, '+'], 'X', [Piece(b, -5, isdama=False), '*'], 'X', [None, '/'], 'X', 'X', [Piece(b, -11, isdama=False), '+'], 'X', [Piece(b, 8, isdama=False), '-'], 'X', [None, '/'], 'X', [Piece(b, 2, isdama=False), '*']]","{""valid_moves"": [{""position"": [9, ""/""], ""piece"": [""red"", 2, false], ""destination"": [16, 18]}, {""position"": [11, ""*""], ""piece"": [""red"", 8, false], ""destination"": [18, 20]}, {""position"": [13, ""+""], ""piece"": [""red"", -3, false], ""destination"": [20, 22]}, {""position"": [15, ""-""], ""piece"": [""red"", 0, false], ""destination"": [22]}]}","Piece(r, 2, isdama=False): [16, 18]
Piece(r, 8, isdama=False): [18, 20]
Piece(r, -3, isdama=False): [20, 22]
Piece(r, 0, isdama=False): [22]"
"[[None, '*'], 'X', [None, '/'], 'X', [None, '-'], 'X', [Piece(r, -11, isdama=False), '+'], 'X', 'X', [Piece(r, 2, isdama=False), '/'], 'X', [Piece(r, 8, isdama=False), '*'], 'X', [Piece(r, -3, isdama=False), '+'], 'X', [Piece(r, 0, isdama=False), '-'], [None, '-'], 'X', [None, '+'], 'X', [None, '*'], 'X', [None, '/'], 'X', 'X', [Piece(b, -3, isdama=False), '+'], 'X', [None, '-'], 'X', [None, '/'], 'X', [None, '*'], [None, '*'], 'X', [None, '/'], 'X', [Piece(b, -7, isdama=False), '-'], 'X', [None, '+'], 'X', 'X', [None, '/'], 'X', [None, '*'], 'X', [None, '+'], 'X', [Piece(b, 4, isdama=False), '-'], [Piece(b, 0, isdama=False), '-'], 'X', [None, '+'], 'X', [Piece(b, -5, isdama=False), '*'], 'X', [None, '/'], 'X', 'X', [Piece(b, -11, isdama=False), '+'], 'X', [Piece(b, 8, isdama=False), '-'], 'X', [None, '/'], 'X', [Piece(b, 2, isdama=False), '*']]","{""valid_moves"": [{""position"": [9, ""/""], ""piece"": [""red"", 2, false], ""destination"": [16, 18]}, {""position"": [11, ""*""], ""piece"": [""red"", 8, false], ""destination"": [18, 20]}, {""position"": [13, ""+""], ""piece"": [""red"", -3, false], ""destination"": [20, 22]}, {""position"": [15, ""-""], ""piece"": [""red"", 0, false], ""destination"": [22]}]}","Piece(r, 2, isdama=False): [16, 18]
Piece(r, 8, isdama=False): [18, 20]
Piece(r, -3, isdama=False): [20, 22]
Piece(r, 0, isdama=False): [22]"
"[[None, '*'], 'X', [None, '/'], 'X', [None, '-'], 'X', [Piece(r, -11, isdama=False), '+'], 'X', 'X', [Piece(r, 2, isdama=False), '/'], 'X', [Piece(r, 8, isdama=False), '*'], 'X', [Piece(r, -3, isdama=False), '+'], 'X', [Piece(r, 0, isdama=False), '-'], [None, '-'], 'X', [None, '+'], 'X', [None, '*'], 'X', [None, '/'], 'X', 'X', [Piece(b, -3, isdama=False), '+'], 'X', [None, '-'], 'X', [None, '/'], 'X', [None, '*'], [None, '*'], 'X', [None, '/'], 'X', [Piece(b, -7, isdama=False), '-'], 'X', [None, '+'], 'X', 'X', [None, '/'], 'X', [None, '*'], 'X', [None, '+'], 'X', [Piece(b, 4, isdama=False), '-'], [Piece(b, 0, isdama=False), '-'], 'X', [None, '+'], 'X', [Piece(b, -5, isdama=False), '*'], 'X', [None, '/'], 'X', 'X', [Piece(b, -11, isdama=False), '+'], 'X', [Piece(b, 8, isdama=False), '-'], 'X', [None, '/'], 'X', [Piece(b, 2, isdama=False), '*']]","{""valid_moves"": [{""position"": [9, ""/""], ""piece"": [""red"", 2, false], ""destination"": [16, 18]}, {""position"": [11, ""*""], ""piece"": [""red"", 8, false], ""destination"": [18, 20]}, {""position"": [13, ""+""], ""piece"": [""red"", -3, false], ""destination"": [20, 22]}, {""position"": [15, ""-""], ""piece"": [""red"", 0, false], ""destination"": [22]}]}","Piece(r, 2, isdama=False): [16, 18]
Piece(r, 8, isdama=False): [18, 20]
Piece(r, -3, isdama=False): [20, 22]
Piece(r, 0, isdama=False): [22]"
"[[None, '*'], 'X', [None, '/'], 'X', [None, '-'], 'X', [Piece(r, -11, isdama=False), '+'], 'X', 'X', [Piece(r, 2, isdama=False), '/'], 'X', [Piece(r, 8, isdama=False), '*'], 'X', [Piece(r, -3, isdama=False), '+'], 'X', [Piece(r, 0, isdama=False), '-'], [None, '-'], 'X', [None, '+'], 'X', [None, '*'], 'X', [None, '/'], 'X', 'X', [Piece(b, -3, isdama=False), '+'], 'X', [None, '-'], 'X', [None, '/'], 'X', [None, '*'], [None, '*'], 'X', [None, '/'], 'X', [Piece(b, -7, isdama=False), '-'], 'X', [None, '+'], 'X', 'X', [None, '/'], 'X', [None, '*'], 'X', [None, '+'], 'X', [Piece(b, 4, isdama=False), '-'], [Piece(b, 0, isdama=False), '-'], 'X', [None, '+'], 'X', [Piece(b, -5, isdama=False), '*'], 'X', [None, '/'], 'X', 'X', [Piece(b, -11, isdama=False), '+'], 'X', [Piece(b, 8, isdama=False), '-'], 'X', [None, '/'], 'X', [Piece(b, 2, isdama=False), '*']]","{""valid_moves"": [{""position"": [9, ""/""], ""piece"": [""red"", 2, false], ""destination"": [16, 18]}, {""position"": [11, ""*""], ""piece"": [""red"", 8, false], ""destination"": [18, 20]}, {""position"": [13, ""+""], ""piece"": [""red"", -3, false], ""destination"": [20, 22]}, {""position"": [15, ""-""], ""piece"": [""red"", 0, false], ""destination"": [22]}]}","Piece(r, 2, isdama=False): [16, 18]
Piece(r, 8, isdama=False): [18, 20]
Piece(r, -3, isdama=False): [20, 22]
Piece(r, 0, isdama=False): [22]"
"[[None, '*'], 'X', [None, '/'], 'X', [None, '-'], 'X', [Piece(r, -11, isdama=False), '+'], 'X', 'X', [Piece(r, 2, isdama=False), '/'], 'X', [Piece(r, 8, isdama=False), '*'], 'X', [Piece(r, -3, isdama=False), '+'], 'X', [Piece(r, 0, isdama=False), '-'], [None, '-'], 'X', [None, '+'], 'X', [None, '*'], 'X', [None, '/'], 'X', 'X', [Piece(b, -3, isdama=False), '+'], 'X', [None, '-'], 'X', [None, '/'], 'X', [None, '*'], [None, '*'], 'X', [None, '/'], 'X', [Piece(b, -7, isdama=False), '-'], 'X', [None, '+'], 'X', 'X', [None, '/'], 'X', [None, '*'], 'X', [None, '+'], 'X', [Piece(b, 4, isdama=False), '-'], [Piece(b, 0, isdama=False), '-'], 'X', [None, '+'], 'X', [Piece(b, -5, isdama=False), '*'], 'X', [None, '/'], 'X', 'X', [Piece(b, -11, isdama=False), '+'], 'X', [Piece(b, 8, isdama=False), '-'], 'X', [None, '/'], 'X', [Piece(b, 2, isdama=False), '*']]","{""valid_moves"": [{""position"": [9, ""/""], ""piece"": [""red"", 2, false], ""destination"": [16, 18]}, {""position"": [11, ""*""], ""piece"": [""red"", 8, false], ""destination"": [18, 20]}, {""position"": [13, ""+""], ""piece"": [""red"", -3, false], ""destination"": [20, 22]}, {""position"": [15, ""-""], ""piece"": [""red"", 0, false], ""destination"": [22]}]}","Piece(r, 2, isdama=False): [16, 18]
Piece(r, 8, isdama=False): [18, 20]
Piece(r, -3, isdama=False): [20, 22]
Piece(r, 0, isdama=False): [22]"
"[[None, '*'], 'X', [None, '/'], 'X', [None, '-'], 'X', [Piece(r, -11, isdama=False), '+'], 'X', 'X', [Piece(r, 2, isdama=False), '/'], 'X', [Piece(r, 8, isdama=False), '*'], 'X', [Piece(r, -3, isdama=False), '+'], 'X', [None, '-'], [None, '-'], 'X', [Piece(b, -3, isdama=False), '+'], 'X', [None, '*'], 'X', [Piece(r, 0, isdama=False), '/'], 'X', 'X', [None, '+'], 'X', [None, '-'], 'X', [None, '/'], 'X', [None, '*'], [None, '*'], 'X', [None, '/'], 'X', [Piece(b, -7, isdama=False), '-'], 'X', [None, '+'], 'X', 'X', [None, '/'], 'X', [None, '*'], 'X', [None, '+'], 'X', [Piece(b, 4, isdama=False), '-'], [Piece(b, 0, isdama=False), '-'], 'X', [None, '+'], 'X', [Piece(b, -5, isdama=False), '*'], 'X', [None, '/'], 'X', 'X', [Piece(b, -11, isdama=False), '+'], 'X', [Piece(b, 8, isdama=False), '-'], 'X', [None, '/'], 'X', [Piece(b, 2, isdama=False), '*']]","{""valid_moves"": [{""position"": [9, ""/""], ""piece"": [""red"", 2, false], ""destination"": [27]}, {""position"": [11, ""*""], ""piece"": [""red"", 8, false], ""destination"": [25]}]}","Piece(r, 2, isdama=False): [27]
Piece(r, 8, isdama=False): [25]"
"[[None, '*'], 'X', [None, '/'], 'X', [None, '-'], 'X', [Piece(r, -11, isdama=False), '+'], 'X', 'X', [Piece(r, 2, isdama=False), '/'], 'X', [Piece(r, 8, isdama=False), '*'], 'X', [Piece(r, -3, isdama=False), '+'], 'X', [None, '-'], [None, '-'], 'X', [Piece(b, -3, isdama=False), '+'], 'X', [None, '*'], 'X', [Piece(r, 0, isdama=False), '/'], 'X', 'X', [None, '+'], 'X', [None, '-'], 'X', [None, '/'], 'X', [None, '*'], [None, '*'], 'X', [None, '/'], 'X', [Piece(b, -7, isdama=False), '-'], 'X', [None, '+'], 'X', 'X', [None, '/'], 'X', [None, '*'], 'X', [None, '+'], 'X', [Piece(b, 4, isdama=False), '-'], [Piece(b, 0, isdama=False), '-'], 'X', [None, '+'], 'X', [Piece(b, -5, isdama=False), '*'], 'X', [None, '/'], 'X', 'X', [Piece(b, -11, isdama=False), '+'], 'X', [Piece(b, 8, isdama=False), '-'], 'X', [None, '/'], 'X', [Piece(b, 2, isdama=False), '*']]","{""valid_moves"": [{""position"": [9, ""/""], ""piece"": [""red"", 2, false], ""destination"": [27]}, {""position"": [11, ""*""], ""piece"": [""red"", 8, false], ""destination"": [25]}]}","Piece(r, 2, isdama=False): [27]
Piece(r, 8, isdama=False): [25]"
"[[None, '*'], 'X', [None, '/'], 'X', [None, '-'], 'X', [Piece(r, -11, isdama=False), '+'], 'X', 'X', [Piece(r, 2, isdama=False), '/'], 'X', [None, '*'], 'X', [Piece(r, -3, isdama=False), '+'], 'X', [None, '-'], [None, '-'], 'X', [None, '+'], 'X', [None, '*'], 'X', [Piece(r, 0, isdama=False), '/'], 'X', 'X', [Piece(r, 8, isdama=False), '+'], 'X', [None, '-'], 'X', [None, '/'], 'X', [None, '*'], [None, '*'], 'X', [None, '/'], 'X', [Piece(b, -7, isdama=False), '-'], 'X', [None, '+'], 'X', 'X', [None, '/'], 'X', [None, '*'], 'X', [None, '+'], 'X', [Piece(b, 4, isdama=False), '-'], [Piece(b, 0, isdama=False), '-'], 'X', [Piece(b, -11, isdama=False), '+'], 'X', [Piece(b, -5, isdama=False), '*'], 'X', [None, '/'], 'X', 'X', [None, '+'], 'X', [Piece(b, 8, isdama=False), '-'], 'X', [None, '/'], 'X', [Piece(b, 2, isdama=False), '*']]","{""valid_moves"": [{""position"": [6, ""+""], ""piece"": [""red"", -11, false], ""destination"": [15]}, {""position"": [9, ""/""], ""piece"": [""red"", 2, false], ""destination"": [16, 18]}, {""position"": [13, ""+""], ""piece"": [""red"", -3, false], ""destination"": [20]}, {""position"": [22, ""/""], ""piece"": [""red"", 0, false], ""destination"": [29, 31]}, {""position"": [25, ""+""], ""piece"": [""red"", 8, false], ""destination"": [32, 34]}]}","Piece(r, -11, isdama=False): [15]
Piece(r, 2, isdama=False): [16, 18]
Piece(r, -3, isdama=False): [20]
Piece(r, 0, isdama=False): [29, 31]
Piece(r, 8, isdama=False): [32, 34]"
"[[None, '*'], 'X', [None, '/'], 'X', [None, '-'], 'X', [Piece(r, -11, isdama=False), '+'], 'X', 'X', [Piece(r, 2, isdama=False), '/'], 'X', [None, '*'], 'X', [Piece(r, -3, isdama=False), '+'], 'X', [None, '-'], [None, '-'], 'X', [None, '+'], 'X', [None, '*'], 'X', [Piece(r, 0, isdama=False), '/'], 'X', 'X', [Piece(r, 8, isdama=False), '+'], 'X', [None, '-'], 'X', [None, '/'], 'X', [None, '*'], [None, '*'], 'X', [None, '/'], 'X', [Piece(b, -7, isdama=False), '-'], 'X', [None, '+'], 'X', 'X', [None, '/'], 'X', [None, '*'], 'X', [None, '+'], 'X', [Piece(b, 4, isdama=False), '-'], [Piece(b, 0, isdama=False), '-'], 'X', [Piece(b, -11, isdama=False), '+'], 'X', [Piece(b, -5, isdama=False), '*'], 'X', [None, '/'], 'X', 'X', [None, '+'], 'X', [Piece(b, 8, isdama=False), '-'], 'X', [None, '/'], 'X', [Piece(b, 2, isdama=False), '*']]","{""valid_moves"": [{""position"": [6, ""+""], ""piece"": [""red"", -11, false], ""destination"": [15]}, {""position"": [9, ""/""], ""piece"": [""red"", 2, false], ""destination"": [16, 18]}, {""position"": [13, ""+""], ""piece"": [""red"", -3, false], ""destination"": [20]}, {""position"": [22, ""/""], ""piece"": [""red"", 0, false], ""destination"": [29, 31]}, {""position"": [25, ""+""], ""piece"": [""red"", 8, false], ""destination"": [32, 34]}]}","Piece(r, -11, isdama=False): [15]
Piece(r, 2, isdama=False): [16, 18]
Piece(r, -3, isdama=False): [20]
Piece(r, 0, isdama=False): [29, 31]
Piece(r, 8, isdama=False): [32, 34]"
"[[None, '*'], 'X', [None, '/'], 'X', [None, '-'], 'X', [Piece(r, -11, isdama=False), '+'], 'X', 'X', [Piece(r, 2, isdama=False), '/'], 'X', [None, '*'], 'X', [Piece(r, -3, isdama=False), '+'], 'X', [None, '-'], [None, '-'], 'X', [None, '+'], 'X', [None, '*'], 'X', [Piece(r, 0, isdama=False), '/'], 'X', 'X', [Piece(r, 8, isdama=False), '+'], 'X', [None, '-'], 'X', [None, '/'], 'X', [None, '*'], [None, '*'], 'X', [None, '/'], 'X', [Piece(b, -7, isdama=False), '-'], 'X', [None, '+'], 'X', 'X', [None, '/'], 'X', [None, '*'], 'X', [None, '+'], 'X', [Piece(b, 4, isdama=False), '-'], [Piece(b, 0, isdama=False), '-'], 'X', [Piece(b, -11, isdama=False), '+'], 'X', [Piece(b, -5, isdama=False), '*'], 'X', [None, '/'], 'X', 'X', [None, '+'], 'X', [Piece(b, 8, isdama=False), '-'], 'X', [None, '/'], 'X', [Piece(b, 2, isdama=False), '*']]","{""valid_moves"": [{""position"": [6, ""+""], ""piece"": [""red"", -11, false], ""destination"": [15]}, {""position"": [9, ""/""], ""piece"": [""red"", 2, false], ""destination"": [16, 18]}, {""position"": [13, ""+""], ""piece"": [""red"", -3, false], ""destination"": [20]}, {""position"": [22, ""/""], ""piece"": [""red"", 0, false], ""destination"": [29, 31]}, {""position"": [25, ""+""], ""piece"": [""red"", 8, false], ""destination"": [32, 34]}]}","Piece(r, -11, isdama=False): [15]
Piece(r, 2, isdama=False): [16, 18]
Piece(r, -3, isdama=False): [20]
Piece(r, 0, isdama=False): [29, 31]
Piece(r, 8, isdama=False): [32, 34]"
"[[None, '*'], 'X', [None, '/'], 'X', [None, '-'], 'X', [Piece(r, -11, isdama=False), '+'], 'X', 'X', [Piece(r, 2, isdama=False), '/'], 'X', [None, '*'], 'X', [Piece(r, -3, isdama=False), '+'], 'X', [None, '-'], [None, '-'], 'X', [None, '+'], 'X', [None, '*'], 'X', [Piece(r, 0, isdama=False), '/'], 'X', 'X', [Piece(r, 8, isdama=False), '+'], 'X', [None, '-'], 'X', [None, '/'], 'X', [None, '*'], [None, '*'], 'X', [None, '/'], 'X', [Piece(b, -7, isdama=False), '-'], 'X', [None, '+'], 'X', 'X', [None, '/'], 'X', [None, '*'], 'X', [None, '+'], 'X', [Piece(b, 4, isdama=False), '-'], [Piece(b, 0, isdama=False), '-'], 'X', [Piece(b, -11, isdama=False), '+'], 'X', [Piece(b, -5, isdama=False), '*'], 'X', [None, '/'], 'X', 'X', [None, '+'], 'X', [Piece(b, 8, isdama=False), '-'], 'X', [None, '/'], 'X', [Piece(b, 2, isdama=False), '*']]","{""valid_moves"": [{""position"": [6, ""+""], ""piece"": [""red"", -11, false], ""destination"": [15]}, {""position"": [9, ""/""], ""piece"": [""red"", 2, false], ""destination"": [16, 18]}, {""position"": [13, ""+""], ""piece"": [""red"", -3, false], ""destination"": [20]}, {""position"": [22, ""/""], ""piece"": [""red"", 0, false], ""destination"": [29, 31]}, {""position"": [25, ""+""], ""piece"": [""red"", 8, false], ""destination"": [32, 34]}]}","Piece(r, -11, isdama=False): [15]
Piece(r, 2, isdama=False): [16, 18]
Piece(r, -3, isdama=False): [20]
Piece(r, 0, isdama=False): [29, 31]
Piece(r, 8, isdama=False): [32, 34]"
"[[None, '*'], 'X', [None, '/'], 'X', [None, '-'], 'X', [Piece(r, -11, isdama=False), '+'], 'X', 'X', [Piece(r, 2, isdama=False), '/'], 'X', [None, '*'], 'X', [Piece(r, -3, isdama=False), '+'], 'X', [None, '-'], [None, '-'], 'X', [None, '+'], 'X', [None, '*'], 'X', [Piece(r, 0, isdama=False), '/'], 'X', 'X', [Piece(r, 8, isdama=False), '+'], 'X', [None, '-'], 'X', [None, '/'], 'X', [None, '*'], [None, '*'], 'X', [None, '/'], 'X', [Piece(b, -7, isdama=False), '-'], 'X', [None, '+'], 'X', 'X', [None, '/'], 'X', [None, '*'], 'X', [None, '+'], 'X', [Piece(b, 4, isdama=False), '-'], [Piece(b, 0, isdama=False), '-'], 'X', [Piece(b, -11, isdama=False), '+'], 'X', [Piece(b, -5, isdama=False), '*'], 'X', [None, '/'], 'X', 'X', [None, '+'], 'X', [Piece(b, 8, isdama=False), '-'], 'X', [None, '/'], 'X', [Piece(b, 2, isdama=False), '*']]","{""valid_moves"": [{""position"": [6, ""+""], ""piece"": [""red"", -11, false], ""destination"": [15]}, {""position"": [9, ""/""], ""piece"": [""red"", 2, false], ""destination"": [16, 18]}, {""position"": [13, ""+""], ""piece"": [""red"", -3, false], ""destination"": [20]}, {""position"": [22, ""/""], ""piece"": [""red"", 0, false], ""destination"": [29, 31]}, {""position"": [25, ""+""], ""piece"": [""red"", 8, false], ""destination"": [32, 34]}]}","Piece(r, -11, isdama=False): [15]
Piece(r, 2, isdama=False): [16, 18]
Piece(r, -3, isdama=False): [20]
Piece(r, 0, isdama=False): [29, 31]
Piece(r, 8, isdama=False): [32, 34]"
"[[None, '*'], 'X', [None, '/'], 'X', [None, '-'], 'X', [Piece(r, -11, isdama=False), '+'], 'X', 'X', [Piece(r, 2, isdama=False), '/'], 'X', [None, '*'], 'X', [Piece(r, -3, isdama=False), '+'], 'X', [None, '-'], [None, '-'], 'X', [None, '+'], 'X', [None, '*'], 'X', [Piece(r, 0, isdama=False), '/'], 'X', 'X', [Piece(r, 8, isdama=False), '+'], 'X', [None, '-'], 'X', [None, '/'], 'X', [None, '*'], [None, '*'], 'X', [None, '/'], 'X', [Piece(b, -7, isdama=False), '-'], 'X', [None, '+'], 'X', 'X', [None, '/'], 'X', [None, '*'], 'X', [None, '+'], 'X', [Piece(b, 4, isdama=False), '-'], [Piece(b, 0, isdama=False), '-'], 'X', [Piece(b, -11, isdama=False), '+'], 'X', [Piece(b, -5, isdama=False), '*'], 'X', [None, '/'], 'X', 'X', [None, '+'], 'X', [Piece(b, 8, isdama=False), '-'], 'X', [None, '/'], 'X', [Piece(b, 2, isdama=False), '*']]","{""valid_moves"": [{""position"": [6, ""+""], ""piece"": [""red"", -11, false], ""destination"": [15]}, {""position"": [9, ""/""], ""piece"": [""red"", 2, false], ""destination"": [16, 18]}, {""position"": [13, ""+""], ""piece"": [""red"", -3, false], ""destination"": [20]}, {""position"": [22, ""/""], ""piece"": [""red"", 0, false], ""destination"": [29, 31]}, {""position"": [25, ""+""], ""piece"": [""red"", 8, false], ""destination"": [32, 34]}]}","Piece(r, -11, isdama=False): [15]
Piece(r, 2, isdama=False): [16, 18]
Piece(r, -3, isdama=False): [20]
Piece(r, 0, isdama=False): [29, 31]
Piece(r, 8, isdama=False): [32, 34]"
"[[None, '*'], 'X', [None, '/'], 'X', [None, '-'], 'X', [Piece(r, -11, isdama=False), '+'], 'X', 'X', [Piece(r, 2, isdama=False), '/'], 'X', [None, '*'], 'X', [Piece(r, -3, isdama=False), '+'], 'X', [None, '-'], [None, '-'], 'X', [None, '+'], 'X', [None, '*'], 'X', [Piece(r, 0, isdama=False), '/'], 'X', 'X', [Piece(r, 8, isdama=False), '+'], 'X', [None, '-'], 'X', [None, '/'], 'X', [None, '*'], [None, '*'], 'X', [None, '/'], 'X', [Piece(b, -7, isdama=False), '-'], 'X', [None, '+'], 'X', 'X', [None, '/'], 'X', [None, '*'], 'X', [None, '+'], 'X', [Piece(b, 4, isdama=False), '-'], [Piece(b, 0, isdama=False), '-'], 'X', [Piece(b, -11, isdama=False), '+'], 'X', [Piece(b, -5, isdama=False), '*'], 'X', [None, '/'], 'X', 'X', [None, '+'], 'X', [Piece(b, 8, isdama=False), '-'], 'X', [None, '/'], 'X', [Piece(b, 2, isdama=False), '*']]","{""valid_moves"": [{""position"": [6, ""+""], ""piece"": [""red"", -11, false], ""destination"": [15]}, {""position"": [9, ""/""], ""piece"": [""red"", 2, false], ""destination"": [16, 18]}, {""position"": [13, ""+""], ""piece"": [""red"", -3, false], ""destination"": [20]}, {""position"": [22, ""/""], ""piece"": [""red"", 0, false], ""destination"": [29, 31]}, {""position"": [25, ""+""], ""piece"": [""red"", 8, false], ""destination"": [32, 34]}]}","Piece(r, -11, isdama=False): [15]
Piece(r, 2, isdama=False): [16, 18]
Piece(r, -3, isdama=False): [20]
Piece(r, 0, isdama=False): [29, 31]
Piece(r, 8, isdama=False): [32, 34]"
"[[None, '*'], 'X', [None, '/'], 'X', [None, '-'], 'X', [Piece(r, -11, isdama=False), '+'], 'X', 'X', [Piece(r, 2, isdama=False), '/'], 'X', [None, '*'], 'X', [Piece(r, -3, isdama=False), '+'], 'X', [None, '-'], [None, '-'], 'X', [None, '+'], 'X', [None, '*'], 'X', [Piece(r, 0, isdama=False), '/'], 'X', 'X', [Piece(r, 8, isdama=False), '+'], 'X', [None, '-'], 'X', [None, '/'], 'X', [None, '*'], [None, '*'], 'X', [None, '/'], 'X', [Piece(b, -7, isdama=False), '-'], 'X', [None, '+'], 'X', 'X', [None, '/'], 'X', [None, '*'], 'X', [None, '+'], 'X', [Piece(b, 4, isdama=False), '-'], [Piece(b, 0, isdama=False), '-'], 'X', [Piece(b, -11, isdama=False), '+'], 'X', [Piece(b, -5, isdama=False), '*'], 'X', [None, '/'], 'X', 'X', [None, '+'], 'X', [Piece(b, 8, isdama=False), '-'], 'X', [None, '/'], 'X', [Piece(b, 2, isdama=False), '*']]","{""valid_moves"": [{""position"": [6, ""+""], ""piece"": [""red"", -11, false], ""destination"": [15]}, {""position"": [9, ""/""], ""piece"": [""red"", 2, false], ""destination"": [16, 18]}, {""position"": [13, ""+""], ""piece"": [""red"", -3, false], ""destination"": [20]}, {""position"": [22, ""/""], ""piece"": [""red"", 0, false], ""destination"": [29, 31]}, {""position"": [25, ""+""], ""piece"": [""red"", 8, false], ""destination"": [32, 34]}]}","Piece(r, -11, isdama=False): [15]
Piece(r, 2, isdama=False): [16, 18]
Piece(r, -3, isdama=False): [20]
Piece(r, 0, isdama=False): [29, 31]
Piece(r, 8, isdama=False): [32, 34]"
"[[None, '*'], 'X', [None, '/'], 'X', [None, '-'], 'X', [None, '+'], 'X', 'X', [Piece(r, 2, isdama=False), '/'], 'X', [None, '*'], 'X', [Piece(r, -3, isdama=False), '+'], 'X', [Piece(r, -11, isdama=False), '-'], [None, '-'], 'X', [None, '+'], 'X', [None, '*'], 'X', [Piece(r, 0, isdama=False), '/'], 'X', 'X', [Piece(r, 8, isdama=False), '+'], 'X', [None, '-'], 'X', [None, '/'], 'X', [None, '*'], [None, '*'], 'X', [None, '/'], 'X', [Piece(b, -7, isdama=False), '-'], 'X', [None, '+'], 'X', 'X', [None, '/'], 'X', [None, '*'], 'X', [None, '+'], 'X', [Piece(b, 4, isdama=False), '-'], [Piece(b, 0, isdama=False), '-'], 'X', [Piece(b, -11, isdama=False), '+'], 'X', [Piece(b, -5, isdama=False), '*'], 'X', [Piece(b, 2, isdama=False), '/'], 'X', 'X', [None, '+'], 'X', [Piece(b, 8, isdama=False), '-'], 'X', [None, '/'], 'X', [None, '*']]","{""valid_moves"": [{""position"": [9, ""/""], ""piece"": [""red"", 2, false], ""destination"": [16, 18]}, {""position"": [13, ""+""], ""piece"": [""red"", -3, false], ""destination"": [20]}, {""position"": [22, ""/""], ""piece"": [""red"", 0, false], ""destination"": [29, 31]}, {""position"": [25, ""+""], ""piece"": [""red"", 8, false], ""destination"": [32, 34]}]}","Piece(r, 2, isdama=False): [16, 18]
Piece(r, -3, isdama=False): [20]
Piece(r, 0, isdama=False): [29, 31]
Piece(r, 8, isdama=False): [32, 34]"
"[[None, '*'], 'X', [None, '/'], 'X', [None, '-'], 'X', [None, '+'], 'X', 'X', [Piece(r, 2, isdama=False), '/'], 'X', [None, '*'], 'X', [Piece(r, -3, isdama=False), '+'], 'X', [Piece(r, -11, isdama=False), '-'], [None, '-'], 'X', [None, '+'], 'X', [None, '*'], 'X', [Piece(r, 0, isdama=False), '/'], 'X', 'X', [Piece(r, 8, isdama=False), '+'], 'X', [None, '-'], 'X', [None, '/'], 'X', [None, '*'], [None, '*'], 'X', [None, '/'], 'X', [Piece(b, -7, isdama=False), '-'], 'X', [None, '+'], 'X', 'X', [None, '/'], 'X', [None, '*'], 'X', [None, '+'], 'X', [Piece(b, 4, isdama=False), '-'], [Piece(b, 0, isdama=False), '-'], 'X', [Piece(b, -11, isdama=False), '+'], 'X', [Piece(b, -5, isdama=False), '*'], 'X', [Piece(b, 2, isdama=False), '/'], 'X', 'X', [None, '+'], 'X', [Piece(b, 8, isdama=False), '-'], 'X', [None, '/'], 'X', [None, '*']]","{""valid_moves"": [{""position"": [9, ""/""], ""piece"": [""red"", 2, false], ""destination"": [16, 18]}, {""position"": [13, ""+""], ""piece"": [""red"", -3, false], ""destination"": [20]}, {""position"": [22, ""/""], ""piece"": [""red"", 0, false], ""destination"": [29, 31]}, {""position"": [25, ""+""], ""piece"": [""red"", 8, false], ""destination"": [32, 34]}]}","Piece(r, 2, isdama=False): [16, 18]
Piece(r, -3, isdama=False): [20]
Piece(r, 0, isdama=False): [29, 31]
Piece(r, 8, isdama=False): [32, 34]"
"[[None, '*'], 'X', [None, '/'], 'X', [None, '-'], 'X', [None, '+'], 'X', 'X', [Piece(r, 2, isdama=False), '/'], 'X', [None, '*'], 'X', [Piece(r, -3, isdama=False), '+'], 'X', [Piece(r, -11, isdama=False), '-'], [None, '-'], 'X', [None, '+'], 'X', [None, '*'], 'X', [Piece(r, 0, isdama=False), '/'], 'X', 'X', [Piece(r, 8, isdama=False), '+'], 'X', [None, '-'], 'X', [None, '/'], 'X', [None, '*'], [None, '*'], 'X', [None, '/'], 'X', [Piece(b, -7, isdama=False), '-'], 'X', [None, '+'], 'X', 'X', [None, '/'], 'X', [None, '*'], 'X', [None, '+'], 'X', [Piece(b, 4, isdama=False), '-'], [Piece(b, 0, isdama=False), '-'], 'X', [Piece(b, -11, isdama=False), '+'], 'X', [Piece(b, -5, isdama=False), '*'], 'X', [Piece(b, 2, isdama=False), '/'], 'X', 'X', [None, '+'], 'X', [Piece(b, 8, isdama=False), '-'], 'X', [None, '/'], 'X', [None, '*']]","{""valid_moves"": [{""position"": [9, ""/""], ""piece"": [""red"", 2, false], ""destination"": [16, 18]}, {""position"": [13, ""+""], ""piece"": [""red"", -3, false], ""destination"": [20]}, {""position"": [22, ""/""], ""piece"": [""red"", 0, false], ""destination"": [29, 31]}, {""position"": [25, ""+""], ""piece"": [""red"", 8, false], ""destination"": [32, 34]}]}","Piece(r, 2, isdama=False): [16, 18]
Piece(r, -3, isdama=False): [20]
Piece(r, 0, isdama=False): [29, 31]
Piece(r, 8, isdama=False): [32, 34]"
"[[None, '*'], 'X', [None, '/'], 'X', [None, '-'], 'X', [None, '+'], 'X', 'X', [Piece(r, 2, isdama=False), '/'], 'X', [None, '*'], 'X', [Piece(r, -3, isdama=False), '+'], 'X', [Piece(r, -11, isdama=False), '-'], [None, '-'], 'X', [None, '+'], 'X', [None, '*'], 'X', [Piece(r, 0, isdama=False), '/'], 'X', 'X', [Piece(r, 8, isdama=False), '+'], 'X', [None, '-'], 'X', [None, '/'], 'X', [None, '*'], [None, '*'], 'X', [None, '/'], 'X', [Piece(b, -7, isdama=False), '-'], 'X', [None, '+'], 'X', 'X', [None, '/'], 'X', [None, '*'], 'X', [None, '+'], 'X', [Piece(b, 4, isdama=False), '-'], [Piece(b, 0, isdama=False), '-'], 'X', [Piece(b, -11, isdama=False), '+'], 'X', [Piece(b, -5, isdama=False), '*'], 'X', [Piece(b, 2, isdama=False), '/'], 'X', 'X', [None, '+'], 'X', [Piece(b, 8, isdama=False), '-'], 'X', [None, '/'], 'X', [None, '*']]","{""valid_moves"": [{""position"": [9, ""/""], ""piece"": [""red"", 2, false], ""destination"": [16, 18]}, {""position"": [13, ""+""], ""piece"": [""red"", -3, false], ""destination"": [20]}, {""position"": [22, ""/""], ""piece"": [""red"", 0, false], ""destination"": [29, 31]}, {""position"": [25, ""+""], ""piece"": [""red"", 8, false], ""destination"": [32, 34]}]}","Piece(r, 2, isdama=False): [16, 18]
Piece(r, -3, isdama=False): [20]
Piece(r, 0, isdama=False): [29, 31]
Piece(r, 8, isdama=False): [32, 34]"
"[[None, '*'], 'X', [None, '/'], 'X', [None, '-'], 'X', [None, '+'], 'X', 'X', [Piece(r, 2, isdama=False), '/'], 'X', [None, '*'], 'X', [Piece(r, -3, isdama=False), '+'], 'X', [Piece(r, -11, isdama=False), '-'], [None, '-'], 'X', [None, '+'], 'X', [None, '*'], 'X', [Piece(r, 0, isdama=False), '/'], 'X', 'X', [Piece(r, 8, isdama=False), '+'], 'X', [None, '-'], 'X', [None, '/'], 'X', [None, '*'], [None, '*'], 'X', [None, '/'], 'X', [Piece(b, -7, isdama=False), '-'], 'X', [None, '+'], 'X', 'X', [None, '/'], 'X', [None, '*'], 'X', [None, '+'], 'X', [Piece(b, 4, isdama=False), '-'], [Piece(b, 0, isdama=False), '-'], 'X', [Piece(b, -11, isdama=False), '+'], 'X', [Piece(b, -5, isdama=False), '*'], 'X', [Piece(b, 2, isdama=False), '/'], 'X', 'X', [None, '+'], 'X', [Piece(b, 8, isdama=False), '-'], 'X', [None, '/'], 'X', [None, '*']]","{""valid_moves"": [{""position"": [9, ""/""], ""piece"": [""red"", 2, false], ""destination"": [16, 18]}, {""position"": [13, ""+""], ""piece"": [""red"", -3, false], ""destination"": [20]}, {""position"": [22, ""/""], ""piece"": [""red"", 0, false], ""destination"": [29, 31]}, {""position"": [25, ""+""], ""piece"": [""red"", 8, false], ""destination"": [32, 34]}]}","Piece(r, 2, isdama=False): [16, 18]
Piece(r, -3, isdama=False): [20]
Piece(r, 0, isdama=False): [29, 31]
Piece(r, 8, isdama=False): [32, 34]"
"[[None, '*'], 'X', [None, '/'], 'X', [None, '-'], 'X', [None, '+'], 'X', 'X', [Piece(r, 2, isdama=False), '/'], 'X', [None, '*'], 'X', [Piece(r, -3, isdama=False), '+'], 'X', [Piece(r, -11, isdama=False), '-'], [None, '-'], 'X', [None, '+'], 'X', [None, '*'], 'X', [Piece(r, 0, isdama=False), '/'], 'X', 'X', [Piece(r, 8, isdama=False), '+'], 'X', [None, '-'], 'X', [None, '/'], 'X', [None, '*'], [None, '*'], 'X', [None, '/'], 'X', [Piece(b, -7, isdama=False), '-'], 'X', [None, '+'], 'X', 'X', [None, '/'], 'X', [None, '*'], 'X', [None, '+'], 'X', [Piece(b, 4, isdama=False), '-'], [Piece(b, 0, isdama=False), '-'], 'X', [Piece(b, -11, isdama=False), '+'], 'X', [Piece(b, -5, isdama=False), '*'], 'X', [Piece(b, 2, isdama=False), '/'], 'X', 'X', [None, '+'], 'X', [Piece(b, 8, isdama=False), '-'], 'X', [None, '/'], 'X', [None, '*']]","{""valid_moves"": [{""position"": [9, ""/""], ""piece"": [""red"", 2, false], ""destination"": [16, 18]}, {""position"": [13, ""+""], ""piece"": [""red"", -3, false], ""destination"": [20]}, {""position"": [22, ""/""], ""piece"": [""red"", 0, false], ""destination"": [29, 31]}, {""position"": [25, ""+""], ""piece"": [""red"", 8, false], ""destination"": [32, 34]}]}","Piece(r, 2, isdama=False): [16, 18]
Piece(r, -3, isdama=False): [20]
Piece(r, 0, isdama=False): [29, 31]
Piece(r, 8, isdama=False): [32, 34]"
"[[None, '*'], 'X', [None, '/'], 'X', [None, '-'], 'X', [None, '+'], 'X', 'X', [Piece(r, 2, isdama=False), '/'], 'X', [None, '*'], 'X', [Piece(r, -3, isdama=False), '+'], 'X', [Piece(r, -11, isdama=False), '-'], [None, '-'], 'X', [None, '+'], 'X', [None, '*'], 'X', [Piece(r, 0, isdama=False), '/'], 'X', 'X', [Piece(r, 8, isdama=False), '+'], 'X', [None, '-'], 'X', [None, '/'], 'X', [None, '*'], [None, '*'], 'X', [None, '/'], 'X', [Piece(b, -7, isdama=False), '-'], 'X', [None, '+'], 'X', 'X', [None, '/'], 'X', [None, '*'], 'X', [None, '+'], 'X', [Piece(b, 4, isdama=False), '-'], [Piece(b, 0, isdama=False), '-'], 'X', [Piece(b, -11, isdama=False), '+'], 'X', [Piece(b, -5, isdama=False), '*'], 'X', [Piece(b, 2, isdama=False), '/'], 'X', 'X', [None, '+'], 'X', [Piece(b, 8, isdama=False), '-'], 'X', [None, '/'], 'X', [None, '*']]","{""valid_moves"": [{""position"": [9, ""/""], ""piece"": [""red"", 2, false], ""destination"": [16, 18]}, {""position"": [13, ""+""], ""piece"": [""red"", -3, false], ""destination"": [20]}, {""position"": [22, ""/""], ""piece"": [""red"", 0, false], ""destination"": [29, 31]}, {""position"": [25, ""+""], ""piece"": [""red"", 8, false], ""destination"": [32, 34]}]}","Piece(r, 2, isdama=False): [16, 18]
Piece(r, -3, isdama=False): [20]
Piece(r, 0, isdama=False): [29, 31]
Piece(r, 8, isdama=False): [32, 34]"
"[[None, '*'], 'X', [None, '/'], 'X', [None, '-'], 'X', [None, '+'], 'X', 'X', [Piece(r, 2, isdama=False), '/'], 'X', [None, '*'], 'X', [None, '+'], 'X', [Piece(r, -11, isdama=False), '-'], [None, '-'], 'X', [None, '+'], 'X', [Piece(r, -3, isdama=False), '*'], 'X', [Piece(r, 0, isdama=False), '/'], 'X', 'X', [Piece(r, 8, isdama=False), '+'], 'X', [None, '-'], 'X', [None, '/'], 'X', [None, '*'], [None, '*'], 'X', [None, '/'], 'X', [Piece(b, -7, isdama=False), '-'], 'X', [None, '+'], 'X', 'X', [None, '/'], 'X', [None, '*'], 'X', [Piece(b, -5, isdama=False), '+'], 'X', [Piece(b, 4, isdama=False), '-'], [Piece(b, 0, isdama=False), '-'], 'X', [Piece(b, -11, isdama=False), '+'], 'X', [None, '*'], 'X', [Piece(b, 2, isdama=False), '/'], 'X', 'X', [None, '+'], 'X', [Piece(b, 8, isdama=False), '-'], 'X', [None, '/'], 'X', [None, '*']]","{""valid_moves"": [{""position"": [9, ""/""], ""piece"": [""red"", 2, false], ""destination"": [16, 18]}, {""position"": [20, ""*""], ""piece"": [""red"", -3, false], ""destination"": [27, 29]}, {""position"": [22, ""/""], ""piece"": [""red"", 0, false], ""destination"": [29, 31]}, {""position"": [25, ""+""], ""piece"": [""red"", 8, false], ""destination"": [32, 34]}]}","Piece(r, 2, isdama=False): [16, 18]
Piece(r, -3, isdama=False): [27, 29]
Piece(r, 0, isdama=False): [29, 31]
Piece(r, 8, isdama=False): [32, 34]"
"[[None, '*'], 'X', [None, '/'], 'X', [None, '-'], 'X', [None, '+'], 'X', 'X', [Piece(r, 2, isdama=False), '/'], 'X', [None, '*'], 'X', [None, '+'], 'X', [Piece(r, -11, isdama=False), '-'], [None, '-'], 'X', [None, '+'], 'X', [Piece(r, -3, isdama=False), '*'], 'X', [Piece(r, 0, isdama=False), '/'], 'X', 'X', [Piece(r, 8, isdama=False), '+'], 'X', [None, '-'], 'X', [None, '/'], 'X', [None, '*'], [None, '*'], 'X', [None, '/'], 'X', [Piece(b, -7, isdama=False), '-'], 'X', [None, '+'], 'X', 'X', [None, '/'], 'X', [None, '*'], 'X', [Piece(b, -5, isdama=False), '+'], 'X', [Piece(b, 4, isdama=False), '-'], [Piece(b, 0, isdama=False), '-'], 'X', [Piece(b, -11, isdama=False), '+'], 'X', [None, '*'], 'X', [Piece(b, 2, isdama=False), '/'], 'X', 'X', [None, '+'], 'X', [Piece(b, 8, isdama=False), '-'], 'X', [None, '/'], 'X', [None, '*']]","{""valid_moves"": [{""position"": [9, ""/""], ""piece"": [""red"", 2, false], ""destination"": [16, 18]}, {""position"": [20, ""*""], ""piece"": [""red"", -3, false], ""destination"": [27, 29]}, {""position"": [22, ""/""], ""piece"": [""red"", 0, false], ""destination"": [29, 31]}, {""position"": [25, ""+""], ""piece"": [""red"", 8, false], ""destination"": [32, 34]}]}","Piece(r, 2, isdama=False): [16, 18]
Piece(r, -3, isdama=False): [27, 29]
Piece(r, 0, isdama=False): [29, 31]
Piece(r, 8, isdama=False): [32, 34]"
"[[None, '*'], 'X', [None, '/'], 'X', [None, '-'], 'X', [None, '+'], 'X', 'X', [Piece(r, 2, isdama=False), '/'], 'X', [None, '*'], 'X', [None, '+'], 'X', [Piece(r, -11, isdama=False), '-'], [None, '-'], 'X', [None, '+'], 'X', [Piece(r, -3, isdama=False), '*'], 'X', [Piece(r, 0, isdama=False), '/'], 'X', 'X', [Piece(r, 8, isdama=False), '+'], 'X', [None, '-'], 'X', [None, '/'], 'X', [None, '*'], [None, '*'], 'X', [None, '/'], 'X', [Piece(b, -7, isdama=False), '-'], 'X', [None, '+'], 'X', 'X', [None, '/'], 'X', [None, '*'], 'X', [Piece(b, -5, isdama=False), '+'], 'X', [Piece(b, 4, isdama=False), '-'], [Piece(b, 0, isdama=False), '-'], 'X', [Piece(b, -11, isdama=False), '+'], 'X', [None, '*'], 'X', [Piece(b, 2, isdama=False), '/'], 'X', 'X', [None, '+'], 'X', [Piece(b, 8, isdama=False), '-'], 'X', [None, '/'], 'X', [None, '*']]","{""valid_moves"": [{""position"": [9, ""/""], ""piece"": [""red"", 2, false], ""destination"": [16, 18]}, {""position"": [20, ""*""], ""piece"": [""red"", -3, false], ""destination"": [27, 29]}, {""position"": [22, ""/""], ""piece"": [""red"", 0, false], ""destination"": [29, 31]}, {""position"": [25, ""+""], ""piece"": [""red"", 8, false], ""destination"": [32, 34]}]}","Piece(r, 2, isdama=False): [16, 18]
Piece(r, -3, isdama=False): [27, 29]
Piece(r, 0, isdama=False): [29, 31]
Piece(r, 8, isdama=False): [32, 34]"
"[[None, '*'], 'X', [None, '/'], 'X', [None, '-'], 'X', [None, '+'], 'X', 'X', [Piece(r, 2, isdama=False), '/'], 'X', [None, '*'], 'X', [None, '+'], 'X', [Piece(r, -11, isdama=False), '-'], [None, '-'], 'X', [None, '+'], 'X', [Piece(r, -3, isdama=False), '*'], 'X', [Piece(r, 0, isdama=False), '/'], 'X', 'X', [Piece(r, 8, isdama=False), '+'], 'X', [None, '-'], 'X', [None, '/'], 'X', [None, '*'], [None, '*'], 'X', [None, '/'], 'X', [Piece(b, -7, isdama=False), '-'], 'X', [None, '+'], 'X', 'X', [None, '/'], 'X', [None, '*'], 'X', [Piece(b, -5, isdama=False), '+'], 'X', [Piece(b, 4, isdama=False), '-'], [Piece(b, 0, isdama=False), '-'], 'X', [Piece(b, -11, isdama=False), '+'], 'X', [None, '*'], 'X', [Piece(b, 2, isdama=False), '/'], 'X', 'X', [None, '+'], 'X', [Piece(b, 8, isdama=False), '-'], 'X', [None, '/'], 'X', [None, '*']]","{""valid_moves"": [{""position"": [9, ""/""], ""piece"": [""red"", 2, false], ""destination"": [16, 18]}, {""position"": [20, ""*""], ""piece"": [""red"", -3, false], ""destination"": [27, 29]}, {""position"": [22, ""/""], ""piece"": [""red"", 0, false], ""destination"": [29, 31]}, {""position"": [25, ""+""], ""piece"": [""red"", 8, false], ""destination"": [32, 34]}]}","Piece(r, 2, isdama=False): [16, 18]
Piece(r, -3, isdama=False): [27, 29]
Piece(r, 0, isdama=False): [29, 31]
Piece(r, 8, isdama=False): [32, 34]"
"[[None, '*'], 'X', [None, '/'], 'X', [None, '-'], 'X', [None, '+'], 'X', 'X', [Piece(r, 2, isdama=False), '/'], 'X', [None, '*'], 'X', [None, '+'], 'X', [Piece(r, -11, isdama=False), '-'], [None, '-'], 'X', [None, '+'], 'X', [Piece(r, -3, isdama=False), '*'], 'X', [Piece(r, 0, isdama=False), '/'], 'X', 'X', [Piece(r, 8, isdama=False), '+'], 'X', [None, '-'], 'X', [None, '/'], 'X', [None, '*'], [None, '*'], 'X', [None, '/'], 'X', [Piece(b, -7, isdama=False), '-'], 'X', [None, '+'], 'X', 'X', [None, '/'], 'X', [None, '*'], 'X', [Piece(b, -5, isdama=False), '+'], 'X', [Piece(b, 4, isdama=False), '-'], [Piece(b, 0, isdama=False), '-'], 'X', [Piece(b, -11, isdama=False), '+'], 'X', [None, '*'], 'X', [Piece(b, 2, isdama=False), '/'], 'X', 'X', [None, '+'], 'X', [Piece(b, 8, isdama=False), '-'], 'X', [None, '/'], 'X', [None, '*']]","{""valid_moves"": [{""position"": [9, ""/""], ""piece"": [""red"", 2, false], ""destination"": [16, 18]}, {""position"": [20, ""*""], ""piece"": [""red"", -3, false], ""destination"": [27, 29]}, {""position"": [22, ""/""], ""piece"": [""red"", 0, false], ""destination"": [29, 31]}, {""position"": [25, ""+""], ""piece"": [""red"", 8, false], ""destination"": [32, 34]}]}","Piece(r, 2, isdama=False): [16, 18]
Piece(r, -3, isdama=False): [27, 29]
Piece(r, 0, isdama=False): [29, 31]
Piece(r, 8, isdama=False): [32, 34]"
"[[None, '*'], 'X', [None, '/'], 'X', [None, '-'], 'X', [None, '+'], 'X', 'X', [Piece(r, 2, isdama=False), '/'], 'X', [None, '*'], 'X', [None, '+'], 'X', [Piece(r, -11, isdama=False), '-'], [None, '-'], 'X', [None, '+'], 'X', [Piece(r, -3, isdama=False), '*'], 'X', [Piece(r, 0, isdama=False), '/'], 'X', 'X', [Piece(r, 8, isdama=False), '+'], 'X', [None, '-'], 'X', [None, '/'], 'X', [None, '*'], [None, '*'], 'X', [None, '/'], 'X', [Piece(b, -7, isdama=False), '-'], 'X', [None, '+'], 'X', 'X', [None, '/'], 'X', [None, '*'], 'X', [Piece(b, -5, isdama=False), '+'], 'X', [Piece(b, 4, isdama=False), '-'], [Piece(b, 0, isdama=False), '-'], 'X', [Piece(b, -11, isdama=False), '+'], 'X', [None, '*'], 'X', [Piece(b, 2, isdama=False), '/'], 'X', 'X', [None, '+'], 'X', [Piece(b, 8, isdama=False), '-'], 'X', [None, '/'], 'X', [None, '*']]","{""valid_moves"": [{""position"": [9, ""/""], ""piece"": [""red"", 2, false], ""destination"": [16, 18]}, {""position"": [20, ""*""], ""piece"": [""red"", -3, false], ""destination"": [27, 29]}, {""position"": [22, ""/""], ""piece"": [""red"", 0, false], ""destination"": [29, 31]}, {""position"": [25, ""+""], ""piece"": [""red"", 8, false], ""destination"": [32, 34]}]}","Piece(r, 2, isdama=False): [16, 18]
Piece(r, -3, isdama=False): [27, 29]
Piece(r, 0, isdama=False): [29, 31]
Piece(r, 8, isdama=False): [32, 34]"
"[[None, '*'], 'X', [None, '/'], 'X', [None, '-'], 'X', [None, '+'], 'X', 'X', [Piece(r, 2, isdama=False), '/'], 'X', [None, '*'], 'X', [None, '+'], 'X', [Piece(r, -11, isdama=False), '-'], [None, '-'], 'X', [None, '+'], 'X', [Piece(r, -3, isdama=False), '*'], 'X', [Piece(r, 0, isdama=False), '/'], 'X', 'X', [Piece(r, 8, isdama=False), '+'], 'X', [None, '-'], 'X', [None, '/'], 'X', [None, '*'], [None, '*'], 'X', [None, '/'], 'X', [Piece(b, -7, isdama=False), '-'], 'X', [None, '+'], 'X', 'X', [None, '/'], 'X', [None, '*'], 'X', [Piece(b, -5, isdama=False), '+'], 'X', [Piece(b, 4, isdama=False), '-'], [Piece(b, 0, isdama=False), '-'], 'X', [Piece(b, -11, isdama=False), '+'], 'X', [None, '*'], 'X', [Piece(b, 2, isdama=False), '/'], 'X', 'X', [None, '+'], 'X', [Piece(b, 8, isdama=False), '-'], 'X', [None, '/'], 'X', [None, '*']]","{""valid_moves"": [{""position"": [9, ""/""], ""piece"": [""red"", 2, false], ""destination"": [16, 18]}, {""position"": [20, ""*""], ""piece"": [""red"", -3, false], ""destination"": [27, 29]}, {""position"": [22, ""/""], ""piece"": [""red"", 0, false], ""destination"": [29, 31]}, {""position"": [25, ""+""], ""piece"": [""red"", 8, false], ""destination"": [32, 34]}]}","Piece(r, 2, isdama=False): [16, 18]
Piece(r, -3, isdama=False): [27, 29]
Piece(r, 0, isdama=False): [29, 31]
Piece(r, 8, isdama=False): [32, 34]"
"[[None, '*'], 'X', [None, '/'], 'X', [None, '-'], 'X', [None, '+'], 'X', 'X', [Piece(r, 2, isdama=False), '/'], 'X', [None, '*'], 'X', [None, '+'], 'X', [Piece(r, -11, isdama=False), '-'], [None, '-'], 'X', [None, '+'], 'X', [Piece(r, -3, isdama=False), '*'], 'X', [Piece(r, 0, isdama=False), '/'], 'X', 'X', [Piece(r, 8, isdama=False), '+'], 'X', [None, '-'], 'X', [None, '/'], 'X', [None, '*'], [None, '*'], 'X', [None, '/'], 'X', [Piece(b, -7, isdama=False), '-'], 'X', [None, '+'], 'X', 'X', [None, '/'], 'X', [None, '*'], 'X', [Piece(b, -5, isdama=False), '+'], 'X', [Piece(b, 4, isdama=False), '-'], [Piece(b, 0, isdama=False), '-'], 'X', [Piece(b, -11, isdama=False), '+'], 'X', [None, '*'], 'X', [Piece(b, 2, isdama=False), '/'], 'X', 'X', [None, '+'], 'X', [Piece(b, 8, isdama=False), '-'], 'X', [None, '/'], 'X', [None, '*']]","{""valid_moves"": [{""position"": [9, ""/""], ""piece"": [""red"", 2, false], ""destination"": [16, 18]}, {""position"": [20, ""*""], ""piece"": [""red"", -3, false], ""destination"": [27, 29]}, {""position"": [22, ""/""], ""piece"": [""red"", 0, false], ""destination"": [29, 31]}, {""position"": [25, ""+""], ""piece"": [""red"", 8, false], ""destination"": [32, 34]}]}","Piece(r, 2, isdama=False): [16, 18]
Piece(r, -3, isdama=False): [27, 29]
Piece(r, 0, isdama=False): [29, 31]
Piece(r, 8, isdama=False): [32, 34]"
"[[None, '*'], 'X', [None, '/'], 'X', [None, '-'], 'X', [None, '+'], 'X', 'X', [Piece(r, 2, isdama=False), '/'], 'X', [None, '*'], 'X', [None, '+'], 'X', [Piece(r, -11, isdama=False), '-'], [None, '-'], 'X', [None, '+'], 'X', [Piece(r, -3, isdama=False), '*'], 'X', [Piece(r, 0, isdama=False), '/'], 'X', 'X', [None, '+'], 'X', [None, '-'], 'X', [None, '/'], 'X', [None, '*'], [None, '*'], 'X', [Piece(r, 8, isdama=False), '/'], 'X', [Piece(b, -7, isdama=False), '-'], 'X', [None, '+'], 'X', 'X', [Piece(b, 0, isdama=False), '/'], 'X', [None, '*'], 'X', [Piece(b, -5, isdama=False), '+'], 'X', [Piece(b, 4, isdama=False), '-'], [None, '-'], 'X', [Piece(b, -11, isdama=False), '+'], 'X', [None, '*'], 'X', [Piece(b, 2, isdama=False), '/'], 'X', 'X', [None, '+'], 'X', [Piece(b, 8, isdama=False), '-'], 'X', [None, '/'], 'X', [None, '*']]","{""valid_moves"": [{""position"": [34, ""/""], ""piece"": [""red"", 8, false], ""destination"": [48]}]}","Piece(r, 8, isdama=False): [48]"
"[[None, '*'], 'X', [None, '/'], 'X', [None, '-'], 'X', [None, '+'], 'X', 'X', [Piece(r, 2, isdama=False), '/'], 'X', [None, '*'], 'X', [None, '+'], 'X', [Piece(r, -11, isdama=False), '-'], [None, '-'], 'X', [None, '+'], 'X', [Piece(r, -3, isdama=False), '*'], 'X', [Piece(r, 0, isdama=False), '/'], 'X', 'X', [None, '+'], 'X', [None, '-'], 'X', [None, '/'], 'X', [None, '*'], [None, '*'], 'X', [None, '/'], 'X', [Piece(b, -7, isdama=False), '-'], 'X', [Piece(b, 4, isdama=False), '+'], 'X', 'X', [None, '/'], 'X', [None, '*'], 'X', [Piece(b, -5, isdama=False), '+'], 'X', [None, '-'], [Piece(r, 8, isdama=False), '-'], 'X', [Piece(b, -11, isdama=False), '+'], 'X', [None, '*'], 'X', [Piece(b, 2, isdama=False), '/'], 'X', 'X', [None, '+'], 'X', [Piece(b, 8, isdama=False), '-'], 'X', [None, '/'], 'X', [None, '*']]","{""valid_moves"": [{""position"": [9, ""/""], ""piece"": [""red"", 2, false], ""destination"": [16, 18]}, {""position"": [20, ""*""], ""piece"": [""red"", -3, false], ""destination"": [27, 29]}, {""position"": [22, ""/""], ""piece"": [""red"", 0, false], ""destination"": [29, 31]}, {""position"": [48, ""-""], ""piece"": [""red"", 8, false], ""destination"": [57]}]}","Piece(r, 2, isdama=False): [16, 18]
Piece(r, -3, isdama=False): [27, 29]
Piece(r, 0, isdama=False): [29, 31]
Piece(r, 8, isdama=False): [57]"
"[[None, '*'], 'X', [None, '/'], 'X', [None, '-'], 'X', [None, '+'], 'X', 'X', [Piece(r, 2, isdama=False), '/'], 'X', [None, '*'], 'X', [None, '+'], 'X', [Piece(r, -11, isdama=False), '-'], [None, '-'], 'X', [None, '+'], 'X', [Piece(r, -3, isdama=False), '*'], 'X', [Piece(r, 0, isdama=False), '/'], 'X', 'X', [None, '+'], 'X', [None, '-'], 'X', [None, '/'], 'X', [None, '*'], [None, '*'], 'X', [None, '/'], 'X', [Piece(b, -7, isdama=False), '-'], 'X', [Piece(b, 4, isdama=False), '+'], 'X', 'X', [None, '/'], 'X', [None, '*'], 'X', [Piece(b, -5, isdama=False), '+'], 'X', [None, '-'], [Piece(r, 8, isdama=False), '-'], 'X', [Piece(b, -11, isdama=False), '+'], 'X', [None, '*'], 'X', [Piece(b, 2, isdama=False), '/'], 'X', 'X', [None, '+'], 'X', [Piece(b, 8, isdama=False), '-'], 'X', [None, '/'], 'X', [None, '*']]","{""valid_moves"": [{""position"": [9, ""/""], ""piece"": [""red"", 2, false], ""destination"": [16, 18]}, {""position"": [20, ""*""], ""piece"": [""red"", -3, false], ""destination"": [27, 29]}, {""position"": [22, ""/""], ""piece"": [""red"", 0, false], ""destination"": [29, 31]}, {""position"": [48, ""-""], ""piece"": [""red"", 8, false], ""destination"": [57]}]}","Piece(r, 2, isdama=False): [16, 18]
Piece(r, -3, isdama=False): [27, 29]
Piece(r, 0, isdama=False): [29, 31]
Piece(r, 8, isdama=False): [57]"
"[[None, '*'], 'X', [None, '/'], 'X', [None, '-'], 'X', [None, '+'], 'X', 'X', [Piece(r, 2, isdama=False), '/'], 'X', [None, '*'], 'X', [None, '+'], 'X', [Piece(r, -11, isdama=False), '-'], [None, '-'], 'X', [None, '+'], 'X', [Piece(r, -3, isdama=False), '*'], 'X', [Piece(r, 0, isdama=False), '/'], 'X', 'X', [None, '+'], 'X', [None, '-'], 'X', [None, '/'], 'X', [None, '*'], [None, '*'], 'X', [None, '/'], 'X', [Piece(b, -7, isdama=False), '-'], 'X', [Piece(b, 4, isdama=False), '+'], 'X', 'X', [None, '/'], 'X', [None, '*'], 'X', [Piece(b, -5, isdama=False), '+'], 'X', [None, '-'], [Piece(r, 8, isdama=False), '-'], 'X', [Piece(b, -11, isdama=False), '+'], 'X', [None, '*'], 'X', [Piece(b, 2, isdama=False), '/'], 'X', 'X', [None, '+'], 'X', [Piece(b, 8, isdama=False), '-'], 'X', [None, '/'], 'X', [None, '*']]","{""valid_moves"": [{""position"": [9, ""/""], ""piece"": [""red"", 2, false], ""destination"": [16, 18]}, {""position"": [20, ""*""], ""piece"": [""red"", -3, false], ""destination"": [27, 29]}, {""position"": [22, ""/""], ""piece"": [""red"", 0, false], ""destination"": [29, 31]}, {""position"": [48, ""-""], ""piece"": [""red"", 8, false], ""destination"": [57]}]}","Piece(r, 2, isdama=False): [16, 18]
Piece(r, -3, isdama=False): [27, 29]
Piece(r, 0, isdama=False): [29, 31]
Piece(r, 8, isdama=False): [57]"
"[[None, '*'], 'X', [None, '/'], 'X', [None, '-'], 'X', [None, '+'], 'X', 'X', [Piece(r, 2, isdama=False), '/'], 'X', [None, '*'], 'X', [None, '+'], 'X', [Piece(r, -11, isdama=False), '-'], [None, '-'], 'X', [None, '+'], 'X', [Piece(r, -3, isdama=False), '*'], 'X', [Piece(r, 0, isdama=False), '/'], 'X', 'X', [None, '+'], 'X', [None, '-'], 'X', [None, '/'], 'X', [None, '*'], [None, '*'], 'X', [None, '/'], 'X', [Piece(b, -7, isdama=False), '-'], 'X', [Piece(b, 4, isdama=False), '+'], 'X', 'X', [None, '/'], 'X', [None, '*'], 'X', [Piece(b, -5, isdama=False), '+'], 'X', [None, '-'], [Piece(r, 8, isdama=False), '-'], 'X', [Piece(b, -11, isdama=False), '+'], 'X', [None, '*'], 'X', [Piece(b, 2, isdama=False), '/'], 'X', 'X', [None, '+'], 'X', [Piece(b, 8, isdama=False), '-'], 'X', [None, '/'], 'X', [None, '*']]","{""valid_moves"": [{""position"": [9, ""/""], ""piece"": [""red"", 2, false], ""destination"": [16, 18]}, {""position"": [20, ""*""], ""piece"": [""red"", -3, false], ""destination"": [27, 29]}, {""position"": [22, ""/""], ""piece"": [""red"", 0, false], ""destination"": [29, 31]}, {""position"": [48, ""-""], ""piece"": [""red"", 8, false], ""destination"": [57]}]}","Piece(r, 2, isdama=False): [16, 18]
Piece(r, -3, isdama=False): [27, 29]
Piece(r, 0, isdama=False): [29, 31]
Piece(r, 8, isdama=False): [57]"
"[[None, '*'], 'X', [None, '/'], 'X', [None, '-'], 'X', [None, '+'], 'X', 'X', [Piece(r, 2, isdama=False), '/'], 'X', [None, '*'], 'X', [None, '+'], 'X', [Piece(r, -11, isdama=False), '-'], [None, '-'], 'X', [None, '+'], 'X', [Piece(r, -3, isdama=False), '*'], 'X', [Piece(r, 0, isdama=False), '/'], 'X', 'X', [None, '+'], 'X', [None, '-'], 'X', [None, '/'], 'X', [None, '*'], [None, '*'], 'X', [None, '/'], 'X', [Piece(b, -7, isdama=False), '-'], 'X', [Piece(b, 4, isdama=False), '+'], 'X', 'X', [None, '/'], 'X', [None, '*'], 'X', [Piece(b, -5, isdama=False), '+'], 'X', [None, '-'], [Piece(r, 8, isdama=False), '-'], 'X', [Piece(b, -11, isdama=False), '+'], 'X', [None, '*'], 'X', [Piece(b, 2, isdama=False), '/'], 'X', 'X', [None, '+'], 'X', [Piece(b, 8, isdama=False), '-'], 'X', [None, '/'], 'X', [None, '*']]","{""valid_moves"": [{""position"": [9, ""/""], ""piece"": [""red"", 2, false], ""destination"": [16, 18]}, {""position"": [20, ""*""], ""piece"": [""red"", -3, false], ""destination"": [27, 29]}, {""position"": [22, ""/""], ""piece"": [""red"", 0, false], ""destination"": [29, 31]}, {""position"": [48, ""-""], ""piece"": [""red"", 8, false], ""destination"": [57]}]}","Piece(r, 2, isdama=False): [16, 18]
Piece(r, -3, isdama=False): [27, 29]
Piece(r, 0, isdama=False): [29, 31]
Piece(r, 8, isdama=False): [57]"
"[[None, '*'], 'X', [None, '/'], 'X', [None, '-'], 'X', [None, '+'], 'X', 'X', [Piece(r, 2, isdama=False), '/'], 'X', [None, '*'], 'X', [None, '+'], 'X', [Piece(r, -11, isdama=False), '-'], [None, '-'], 'X', [None, '+'], 'X', [Piece(r, -3, isdama=False), '*'], 'X', [Piece(r, 0, isdama=False), '/'], 'X', 'X', [None, '+'], 'X', [None, '-'], 'X', [None, '/'], 'X', [None, '*'], [None, '*'], 'X', [None, '/'], 'X', [Piece(b, -7, isdama=False), '-'], 'X', [Piece(b, 4, isdama=False), '+'], 'X', 'X', [None, '/'], 'X', [None, '*'], 'X', [Piece(b, -5, isdama=False), '+'], 'X', [None, '-'], [Piece(r, 8, isdama=False), '-'], 'X', [Piece(b, -11, isdama=False), '+'], 'X', [None, '*'], 'X', [Piece(b, 2, isdama=False), '/'], 'X', 'X', [None, '+'], 'X', [Piece(b, 8, isdama=False), '-'], 'X', [None, '/'], 'X', [None, '*']]","{""valid_moves"": [{""position"": [9, ""/""], ""piece"": [""red"", 2, false], ""destination"": [16, 18]}, {""position"": [20, ""*""], ""piece"": [""red"", -3, false], ""destination"": [27, 29]}, {""position"": [22, ""/""], ""piece"": [""red"", 0, false], ""destination"": [29, 31]}, {""position"": [48, ""-""], ""piece"": [""red"", 8, false], ""destination"": [57]}]}","Piece(r, 2, isdama=False): [16, 18]
Piece(r, -3, isdama=False): [27, 29]
Piece(r, 0, isdama=False): [29, 31]
Piece(r, 8, isdama=False): [57]"
"[[None, '*'], 'X', [None, '/'], 'X', [None, '-'], 'X', [None, '+'], 'X', 'X', [Piece(r, 2, isdama=False), '/'], 'X', [None, '*'], 'X', [None, '+'], 'X', [Piece(r, -11, isdama=False), '-'], [None, '-'], 'X', [None, '+'], 'X', [Piece(r, -3, isdama=False), '*'], 'X', [Piece(r, 0, isdama=False), '/'], 'X', 'X', [None, '+'], 'X', [None, '-'], 'X', [None, '/'], 'X', [None, '*'], [None, '*'], 'X', [None, '/'], 'X', [Piece(b, -7, isdama=False), '-'], 'X', [Piece(b, 4, isdama=False), '+'], 'X', 'X', [None, '/'], 'X', [None, '*'], 'X', [Piece(b, -5, isdama=False), '+'], 'X', [None, '-'], [Piece(r, 8, isdama=False), '-'], 'X', [Piece(b, -11, isdama=False), '+'], 'X', [None, '*'], 'X', [Piece(b, 2, isdama=False), '/'], 'X', 'X', [None, '+'], 'X', [Piece(b, 8, isdama=False), '-'], 'X', [None, '/'], 'X', [None, '*']]","{""valid_moves"": [{""position"": [9, ""/""], ""piece"": [""red"", 2, false], ""destination"": [16, 18]}, {""position"": [20, ""*""], ""piece"": [""red"", -3, false], ""destination"": [27, 29]}, {""position"": [22, ""/""], ""piece"": [""red"", 0, false], ""destination"": [29, 31]}, {""position"": [48, ""-""], ""piece"": [""red"", 8, false], ""destination"": [57]}]}","Piece(r, 2, isdama=False): [16, 18]
Piece(r, -3, isdama=False): [27, 29]
Piece(r, 0, isdama=False): [29, 31]
Piece(r, 8, isdama=False): [57]"
"[[None, '*'], 'X', [None, '/'], 'X', [None, '-'], 'X', [None, '+'], 'X', 'X', [Piece(r, 2, isdama=False), '/'], 'X', [None, '*'], 'X', [None, '+'], 'X', [Piece(r, -11, isdama=False), '-'], [None, '-'], 'X', [None, '+'], 'X', [Piece(b, 4, isdama=False), '*'], 'X', [Piece(r, 0, isdama=False), '/'], 'X', 'X', [None, '+'], 'X', [None, '-'], 'X', [None, '/'], 'X', [None, '*'], [None, '*'], 'X', [None, '/'], 'X', [Piece(b, -7, isdama=False), '-'], 'X', [None, '+'], 'X', 'X', [None, '/'], 'X', [None, '*'], 'X', [Piece(b, -5, isdama=False), '+'], 'X', [None, '-'], [Piece(r, 8, isdama=False), '-'], 'X', [Piece(b, -11, isdama=False), '+'], 'X', [None, '*'], 'X', [Piece(b, 2, isdama=False), '/'], 'X', 'X', [None, '+'], 'X', [Piece(b, 8, isdama=False), '-'], 'X', [None, '/'], 'X', [None, '*']]","{""valid_moves"": [{""position"": [9, ""/""], ""piece"": [""red"", 2, false], ""destination"": [16, 18]}, {""position"": [22, ""/""], ""piece"": [""red"", 0, false], ""destination"": [29, 31]}, {""position"": [48, ""-""], ""piece"": [""red"", 8, false], ""destination"": [57]}]}","Piece(r, 2, isdama=False): [16, 18]
Piece(r, 0, isdama=False): [29, 31]
Piece(r, 8, isdama=False): [57]"
"[[None, '*'], 'X', [None, '/'], 'X', [None, '-'], 'X', [None, '+'], 'X', 'X', [Piece(r, 2, isdama=False), '/'], 'X', [None, '*'], 'X', [None, '+'], 'X', [Piece(r, -11, isdama=False), '-'], [None, '-'], 'X', [None, '+'], 'X', [Piece(b, 4, isdama=False), '*'], 'X', [Piece(r, 0, isdama=False), '/'], 'X', 'X', [None, '+'], 'X', [None, '-'], 'X', [None, '/'], 'X', [None, '*'], [None, '*'], 'X', [None, '/'], 'X', [Piece(b, -7, isdama=False), '-'], 'X', [None, '+'], 'X', 'X', [None, '/'], 'X', [None, '*'], 'X', [Piece(b, -5, isdama=False), '+'], 'X', [None, '-'], [Piece(r, 8, isdama=False), '-'], 'X', [Piece(b, -11, isdama=False), '+'], 'X', [None, '*'], 'X', [Piece(b, 2, isdama=False), '/'], 'X', 'X', [None, '+'], 'X', [Piece(b, 8, isdama=False), '-'], 'X', [None, '/'], 'X', [None, '*']]","{""valid_moves"": [{""position"": [9, ""/""], ""piece"": [""red"", 2, false], ""destination"": [16, 18]}, {""position"": [22, ""/""], ""piece"": [""red"", 0, false], ""destination"": [29, 31]}, {""position"": [48, ""-""], ""piece"": [""red"", 8, false], ""destination"": [57]}]}","Piece(r, 2, isdama=False): [16, 18]
Piece(r, 0, isdama=False): [29, 31]
Piece(r, 8, isdama=False): [57]"
"[[None, '*'], 'X', [None, '/'], 'X', [None, '-'], 'X', [None, '+'], 'X', 'X', [Piece(r, 2, isdama=False), '/'], 'X', [None, '*'], 'X', [None, '+'], 'X', [Piece(r, -11, isdama=False), '-'], [None, '-'], 'X', [None, '+'], 'X', [Piece(b, 4, isdama=False), '*'], 'X', [Piece(r, 0, isdama=False), '/'], 'X', 'X', [None, '+'], 'X', [None, '-'], 'X', [None, '/'], 'X', [None, '*'], [None, '*'], 'X', [None, '/'], 'X', [Piece(b, -7, isdama=False), '-'], 'X', [None, '+'], 'X', 'X', [None, '/'], 'X', [None, '*'], 'X', [Piece(b, -5, isdama=False), '+'], 'X', [None, '-'], [Piece(r, 8, isdama=False), '-'], 'X', [Piece(b, -11, isdama=False), '+'], 'X', [None, '*'], 'X', [Piece(b, 2, isdama=False), '/'], 'X', 'X', [None, '+'], 'X', [Piece(b, 8, isdama=False), '-'], 'X', [None, '/'], 'X', [None, '*']]","{""valid_moves"": [{""position"": [9, ""/""], ""piece"": [""red"", 2, false], ""destination"": [16, 18]}, {""position"": [22, ""/""], ""piece"": [""red"", 0, false], ""destination"": [29, 31]}, {""position"": [48, ""-""], ""piece"": [""red"", 8, false], ""destination"": [57]}]}","Piece(r, 2, isdama=False): [16, 18]
Piece(r, 0, isdama=False): [29, 31]
Piece(r, 8, isdama=False): [57]"
"[[None, '*'], 'X', [None, '/'], 'X', [None, '-'], 'X', [None, '+'], 'X', 'X', [Piece(r, 2, isdama=False), '/'], 'X', [None, '*'], 'X', [None, '+'], 'X', [Piece(r, -11, isdama=False), '-'], [None, '-'], 'X', [None, '+'], 'X', [Piece(b, 4, isdama=False), '*'], 'X', [Piece(r, 0, isdama=False), '/'], 'X', 'X', [None, '+'], 'X', [None, '-'], 'X', [None, '/'], 'X', [None, '*'], [None, '*'], 'X', [None, '/'], 'X', [Piece(b, -7, isdama=False), '-'], 'X', [None, '+'], 'X', 'X', [None, '/'], 'X', [None, '*'], 'X', [Piece(b, -5, isdama=False), '+'], 'X', [None, '-'], [Piece(r, 8, isdama=False), '-'], 'X', [Piece(b, -11, isdama=False), '+'], 'X', [None, '*'], 'X', [Piece(b, 2, isdama=False), '/'], 'X', 'X', [None, '+'], 'X', [Piece(b, 8, isdama=False), '-'], 'X', [None, '/'], 'X', [None, '*']]","{""valid_moves"": [{""position"": [9, ""/""], ""piece"": [""red"", 2, false], ""destination"": [16, 18]}, {""position"": [22, ""/""], ""piece"": [""red"", 0, false], ""destination"": [29, 31]}, {""position"": [48, ""-""], ""piece"": [""red"", 8, false], ""destination"": [57]}]}","Piece(r, 2, isdama=False): [16, 18]
Piece(r, 0, isdama=False): [29, 31]
Piece(r, 8, isdama=False): [57]"
"[[None, '*'], 'X', [None, '/'], 'X', [None, '-'], 'X', [None, '+'], 'X', 'X', [Piece(r, 2, isdama=False), '/'], 'X', [None, '*'], 'X', [None, '+'], 'X', [Piece(r, -11, isdama=False), '-'], [None, '-'], 'X', [None, '+'], 'X', [Piece(b, 4, isdama=False), '*'], 'X', [Piece(r, 0, isdama=False), '/'], 'X', 'X', [None, '+'], 'X', [None, '-'], 'X', [None, '/'], 'X', [None, '*'], [None, '*'], 'X', [None, '/'], 'X', [Piece(b, -7, isdama=False), '-'], 'X', [None, '+'], 'X', 'X', [None, '/'], 'X', [None, '*'], 'X', [Piece(b, -5, isdama=False), '+'], 'X', [None, '-'], [Piece(r, 8, isdama=False), '-'], 'X', [Piece(b, -11, isdama=False), '+'], 'X', [None, '*'], 'X', [Piece(b, 2, isdama=False), '/'], 'X', 'X', [None, '+'], 'X', [Piece(b, 8, isdama=False), '-'], 'X', [None, '/'], 'X', [None, '*']]","{""valid_moves"": [{""position"": [9, ""/""], ""piece"": [""red"", 2, false], ""destination"": [16, 18]}, {""position"": [22, ""/""], ""piece"": [""red"", 0, false], ""destination"": [29, 31]}, {""position"": [48, ""-""], ""piece"": [""red"", 8, false], ""destination"": [57]}]}","Piece(r, 2, isdama=False): [16, 18]
Piece(r, 0, isdama=False): [29, 31]
Piece(r, 8, isdama=False): [57]"
"[[None, '*'], 'X', [None, '/'], 'X', [None, '-'], 'X', [None, '+'], 'X', 'X', [Piece(r, 2, isdama=False), '/'], 'X', [None, '*'], 'X', [None, '+'], 'X', [Piece(r, -11, isdama=False), '-'], [None, '-'], 'X', [None, '+'], 'X', [Piece(b, 4, isdama=False), '*'], 'X', [Piece(r, 0, isdama=False), '/'], 'X', 'X', [None, '+'], 'X', [None, '-'], 'X', [None, '/'], 'X', [None, '*'], [None, '*'], 'X', [None, '/'], 'X', [Piece(b, -7, isdama=False), '-'], 'X', [None, '+'], 'X', 'X', [None, '/'], 'X', [None, '*'], 'X', [Piece(b, -5, isdama=False), '+'], 'X', [Piece(b, 2, isdama=False), '-'], [None, '-'], 'X', [Piece(b, -11, isdama=False), '+'], 'X', [None, '*'], 'X', [None, '/'], 'X', 'X', [Piece(r, 8, isdama=True), '+'], 'X', [Piece(b, 8, isdama=False), '-'], 'X', [None, '/'], 'X', [None, '*']]","{""valid_moves"": [{""position"": [57, ""+""], ""piece"": [""red"", 8, true], ""destination"": [[43]]}]}","Piece(r, 8, isdama=True): [(43,)]"
"[[None, '*'], 'X', [None, '/'], 'X', [None, '-'], 'X', [None, '+'], 'X', 'X', [Piece(r, 2, isdama=False), '/'], 'X', [None, '*'], 'X', [None, '+'], 'X', [Piece(r, -11, isdama=False), '-'], [None, '-'], 'X', [None, '+'], 'X', [Piece(b, 4, isdama=False), '*'], 'X', [Piece(r, 0, isdama=False), '/'], 'X', 'X', [None, '+'], 'X', [None, '-'], 'X', [None, '/'], 'X', [None, '*'], [None, '*'], 'X', [None, '/'], 'X', [Piece(b, -7, isdama=False), '-'], 'X', [None, '+'], 'X', 'X', [None, '/'], 'X', [Piece(r, 8, isdama=True), '*'], 'X', [Piece(b, -5, isdama=False), '+'], 'X', [Piece(b, 2, isdama=False), '-'], [None, '-'], 'X', [None, '+'], 'X', [None, '*'], 'X', [None, '/'], 'X', 'X', [None, '+'], 'X', [Piece(b, 8, isdama=False), '-'], 'X', [None, '/'], 'X', [None, '*']]","{""valid_moves"": [{""position"": [43, ""*""], ""piece"": [""red"", 8, true], ""destination"": [[29]]}]}","Piece(r, 8, isdama=True): [(29,)]"
"[[None, '*'], 'X', [None, '/'], 'X', [None, '-'], 'X', [None, '+'], 'X', 'X', [Piece(r, 2, isdama=False), '/'], 'X', [None, '*'], 'X', [None, '+'], 'X', [Piece(r, -11, isdama=False), '-'], [None, '-'], 'X', [None, '+'], 'X', [Piece(b, 4, isdama=False), '*'], 'X', [Piece(r, 0, isdama=False), '/'], 'X', 'X', [None, '+'], 'X', [None, '-'], 'X', [None, '/'], 'X', [None, '*'], [None, '*'], 'X', [None, '/'], 'X', [None, '-'], 'X', [None, '+'], 'X', 'X', [None, '/'], 'X', [None, '*'], 'X', [Piece(b, -5, isdama=False), '+'], 'X', [Piece(b, 2, isdama=False), '-'], [None, '-'], 'X', [Piece(b, -7, isdama=False), '+'], 'X', [None, '*'], 'X', [None, '/'], 'X', 'X', [None, '+'], 'X', [Piece(b, 8, isdama=False), '-'], 'X', [None, '/'], 'X', [None, '*']]","{""valid_moves"": [{""position"": [9, ""/""], ""piece"": [""red"", 2, false], ""destination"": [16, 18]}, {""position"": [22, ""/""], ""piece"": [""red"", 0, false], ""destination"": [29, 31]}]}","Piece(r, 2, isdama=False): [16, 18]
Piece(r, 0, isdama=False): [29, 31]"
"[[None, '*'], 'X', [None, '/'], 'X', [None, '-'], 'X', [None, '+'], 'X', 'X', [Piece(r, 2, isdama=False), '/'], 'X', [None, '*'], 'X', [None, '+'], 'X', [Piece(r, -11, isdama=False), '-'], [None, '-'], 'X', [None, '+'], 'X', [Piece(b, 4, isdama=False), '*'], 'X', [Piece(r, 0, isdama=False), '/'], 'X', 'X', [None, '+'], 'X', [None, '-'], 'X', [None, '/'], 'X', [None, '*'], [None, '*'], 'X', [None, '/'], 'X', [None, '-'], 'X', [None, '+'], 'X', 'X', [None, '/'], 'X', [None, '*'], 'X', [Piece(b, -5, isdama=False), '+'], 'X', [Piece(b, 2, isdama=False), '-'], [None, '-'], 'X', [Piece(b, -7, isdama=False), '+'], 'X', [None, '*'], 'X', [None, '/'], 'X', 'X', [None, '+'], 'X', [Piece(b, 8, isdama=False), '-'], 'X', [None, '/'], 'X', [None, '*']]","{""valid_moves"": [{""position"": [9, ""/""], ""piece"": [""red"", 2, false], ""destination"": [16, 18]}, {""position"": [22, ""/""], ""piece"": [""red"", 0, false], ""destination"": [29, 31]}]}","Piece(r, 2, isdama=False): [16, 18]
Piece(r, 0, isdama=False): [29, 31]"
"[[None, '*'], 'X', [None, '/'], 'X', [None, '-'], 'X', [None, '+'], 'X', 'X', [Piece(r, 2, isdama=False), '/'], 'X', [None, '*'], 'X', [None, '+'], 'X', [Piece(r, -11, isdama=False), '-'], [None, '-'], 'X', [None, '+'], 'X', [Piece(b, 4, isdama=False), '*'], 'X', [Piece(r, 0, isdama=False), '/'], 'X', 'X', [None, '+'], 'X', [None, '-'], 'X', [None, '/'], 'X', [None, '*'], [None, '*'], 'X', [None, '/'], 'X', [None, '-'], 'X', [None, '+'], 'X', 'X', [None, '/'], 'X', [None, '*'], 'X', [Piece(b, -5, isdama=False), '+'], 'X', [Piece(b, 2, isdama=False), '-'], [None, '-'], 'X', [Piece(b, -7, isdama=False), '+'], 'X', [None, '*'], 'X', [None, '/'], 'X', 'X', [None, '+'], 'X', [Piece(b, 8, isdama=False), '-'], 'X', [None, '/'], 'X', [None, '*']]","{""valid_moves"": [{""position"": [9, ""/""], ""piece"": [""red"", 2, false], ""destination"": [16, 18]}, {""position"": [22, ""/""], ""piece"": [""red"", 0, false], ""destination"": [29, 31]}]}","Piece(r, 2, isdama=False): [16, 18]
Piece(r, 0, isdama=False): [29, 31]"
"[[None, '*'], 'X', [None, '/'], 'X', [None, '-'], 'X', [None, '+'], 'X', 'X', [Piece(r, 2, isdama=False), '/'], 'X', [None, '*'], 'X', [None, '+'], 'X', [Piece(r, -11, isdama=False), '-'], [None, '-'], 'X', [None, '+'], 'X', [Piece(b, 4, isdama=False), '*'], 'X', [Piece(r, 0, isdama=False), '/'], 'X', 'X', [None, '+'], 'X', [None, '-'], 'X', [None, '/'], 'X', [None, '*'], [None, '*'], 'X', [None, '/'], 'X', [None, '-'], 'X', [None, '+'], 'X', 'X', [None, '/'], 'X', [None, '*'], 'X', [Piece(b, -5, isdama=False), '+'], 'X', [Piece(b, 2, isdama=False), '-'], [None, '-'], 'X', [Piece(b, -7, isdama=False), '+'], 'X', [None, '*'], 'X', [None, '/'], 'X', 'X', [None, '+'], 'X', [Piece(b, 8, isdama=False), '-'], 'X', [None, '/'], 'X', [None, '*']]","{""valid_moves"": [{""position"": [9, ""/""], ""piece"": [""red"", 2, false], ""destination"": [16, 18]}, {""position"": [22, ""/""], ""piece"": [""red"", 0, false], ""destination"": [29, 31]}]}","Piece(r, 2, isdama=False): [16, 18]
Piece(r, 0, isdama=False): [29, 31]"
"[[None, '*'], 'X', [None, '/'], 'X', [None, '-'], 'X', [None, '+'], 'X', 'X', [Piece(r, 2, isdama=False), '/'], 'X', [Piece(b, 4, isdama=False), '*'], 'X', [None, '+'], 'X', [Piece(r, -11, isdama=False), '-'], [None, '-'], 'X', [None, '+'], 'X', [None, '*'], 'X', [None, '/'], 'X', 'X', [None, '+'], 'X', [None, '-'], 'X', [None, '/'], 'X', [Piece(r, 0, isdama=False), '*'], [None, '*'], 'X', [None, '/'], 'X', [None, '-'], 'X', [None, '+'], 'X', 'X', [None, '/'], 'X', [None, '*'], 'X', [Piece(b, -5, isdama=False), '+'], 'X', [Piece(b, 2, isdama=False), '-'], [None, '-'], 'X', [Piece(b, -7, isdama=False), '+'], 'X', [None, '*'], 'X', [None, '/'], 'X', 'X', [None, '+'], 'X', [Piece(b, 8, isdama=False), '-'], 'X', [None, '/'], 'X', [None, '*']]","{""valid_moves"": [{""position"": [9, ""/""], ""piece"": [""red"", 2, false], ""destination"": [16, 18]}, {""position"": [15, ""-""], ""piece"": [""red"", -11, false], ""destination"": [22]}, {""position"": [31, ""*""], ""piece"": [""red"", 0, false], ""destination"": [38]}]}","Piece(r, 2, isdama=False): [16, 18]
Piece(r, -11, isdama=False): [22]
Piece(r, 0, isdama=False): [38]"
"[[None, '*'], 'X', [None, '/'], 'X', [None, '-'], 'X', [None, '+'], 'X', 'X', [Piece(r, 2, isdama=False), '/'], 'X', [Piece(b, 4, isdama=False), '*'], 'X', [None, '+'], 'X', [Piece(r, -11, isdama=False), '-'], [None, '-'], 'X', [None, '+'], 'X', [None, '*'], 'X', [None, '/'], 'X', 'X', [None, '+'], 'X', [None, '-'], 'X', [None, '/'], 'X', [Piece(r, 0, isdama=False), '*'], [None, '*'], 'X', [None, '/'], 'X', [None, '-'], 'X', [None, '+'], 'X', 'X', [None, '/'], 'X', [None, '*'], 'X', [Piece(b, -5, isdama=False), '+'], 'X', [Piece(b, 2, isdama=False), '-'], [None, '-'], 'X', [Piece(b, -7, isdama=False), '+'], 'X', [None, '*'], 'X', [None, '/'], 'X', 'X', [None, '+'], 'X', [Piece(b, 8, isdama=False), '-'], 'X', [None, '/'], 'X', [None, '*']]","{""valid_moves"": [{""position"": [9, ""/""], ""piece"": [""red"", 2, false], ""destination"": [16, 18]}, {""position"": [15, ""-""], ""piece"": [""red"", -11, false], ""destination"": [22]}, {""position"": [31, ""*""], ""piece"": [""red"", 0, false], ""destination"": [38]}]}","Piece(r, 2, isdama=False): [16, 18]
Piece(r, -11, isdama=False): [22]
Piece(r, 0, isdama=False): [38]"
"[[None, '*'], 'X', [None, '/'], 'X', [None, '-'], 'X', [None, '+'], 'X', 'X', [Piece(r, 2, isdama=False), '/'], 'X', [Piece(b, 4, isdama=False), '*'], 'X', [None, '+'], 'X', [Piece(r, -11, isdama=False), '-'], [None, '-'], 'X', [None, '+'], 'X', [None, '*'], 'X', [None, '/'], 'X', 'X', [None, '+'], 'X', [None, '-'], 'X', [None, '/'], 'X', [Piece(r, 0, isdama=False), '*'], [None, '*'], 'X', [None, '/'], 'X', [None, '-'], 'X', [None, '+'], 'X', 'X', [None, '/'], 'X', [None, '*'], 'X', [Piece(b, -5, isdama=False), '+'], 'X', [Piece(b, 2, isdama=False), '-'], [None, '-'], 'X', [Piece(b, -7, isdama=False), '+'], 'X', [None, '*'], 'X', [None, '/'], 'X', 'X', [None, '+'], 'X', [Piece(b, 8, isdama=False), '-'], 'X', [None, '/'], 'X', [None, '*']]","{""valid_moves"": [{""position"": [9, ""/""], ""piece"": [""red"", 2, false], ""destination"": [16, 18]}, {""position"": [15, ""-""], ""piece"": [""red"", -11, false], ""destination"": [22]}, {""position"": [31, ""*""], ""piece"": [""red"", 0, false], ""destination"": [38]}]}","Piece(r, 2, isdama=False): [16, 18]
Piece(r, -11, isdama=False): [22]
Piece(r, 0, isdama=False): [38]"
"[[None, '*'], 'X', [None, '/'], 'X', [None, '-'], 'X', [None, '+'], 'X', 'X', [Piece(r, 2, isdama=False), '/'], 'X', [Piece(b, 4, isdama=False), '*'], 'X', [None, '+'], 'X', [Piece(r, -11, isdama=False), '-'], [None, '-'], 'X', [None, '+'], 'X', [None, '*'], 'X', [None, '/'], 'X', 'X', [None, '+'], 'X', [None, '-'], 'X', [None, '/'], 'X', [Piece(r, 0, isdama=False), '*'], [None, '*'], 'X', [None, '/'], 'X', [None, '-'], 'X', [None, '+'], 'X', 'X', [None, '/'], 'X', [None, '*'], 'X', [Piece(b, -5, isdama=False), '+'], 'X', [Piece(b, 2, isdama=False), '-'], [None, '-'], 'X', [Piece(b, -7, isdama=False), '+'], 'X', [None, '*'], 'X', [None, '/'], 'X', 'X', [None, '+'], 'X', [Piece(b, 8, isdama=False), '-'], 'X', [None, '/'], 'X', [None, '*']]","{""valid_moves"": [{""position"": [9, ""/""], ""piece"": [""red"", 2, false], ""destination"": [16, 18]}, {""position"": [15, ""-""], ""piece"": [""red"", -11, false], ""destination"": [22]}, {""position"": [31, ""*""], ""piece"": [""red"", 0, false], ""destination"": [38]}]}","Piece(r, 2, isdama=False): [16, 18]
Piece(r, -11, isdama=False): [22]
Piece(r, 0, isdama=False): [38]"
"[[None, '*'], 'X', [None, '/'], 'X', [None, '-'], 'X', [None, '+'], 'X', 'X', [Piece(r, 2, isdama=False), '/'], 'X', [Piece(b, 4, isdama=False), '*'], 'X', [None, '+'], 'X', [None, '-'], [None, '-'], 'X', [None, '+'], 'X', [None, '*'], 'X', [Piece(r, -11, isdama=False), '/'], 'X', 'X', [None, '+'], 'X', [None, '-'], 'X', [None, '/'], 'X', [Piece(r, 0, isdama=False), '*'], [None, '*'], 'X', [None, '/'], 'X', [None, '-'], 'X', [None, '+'], 'X', 'X', [None, '/'], 'X', [Piece(b, -7, isdama=False), '*'], 'X', [Piece(b, -5, isdama=False), '+'], 'X', [Piece(b, 2, isdama=False), '-'], [None, '-'], 'X', [None, '+'], 'X', [None, '*'], 'X', [None, '/'], 'X', 'X', [None, '+'], 'X', [Piece(b, 8, isdama=False), '-'], 'X', [None, '/'], 'X', [None, '*']]","{""valid_moves"": [{""position"": [9, ""/""], ""piece"": [""red"", 2, false], ""destination"": [16, 18]}, {""position"": [22, ""/""], ""piece"": [""red"", -11, false], ""destination"": [29]}, {""position"": [31, ""*""], ""piece"": [""red"", 0, false], ""destination"": [38]}]}","Piece(r, 2, isdama=False): [16, 18]
Piece(r, -11, isdama=False): [29]
Piece(r, 0, isdama=False): [38]"
"[[None, '*'], 'X', [None, '/'], 'X', [None, '-'], 'X', [None, '+'], 'X', 'X', [Piece(r, 2, isdama=False), '/'], 'X', [Piece(b, 4, isdama=False), '*'], 'X', [None, '+'], 'X', [None, '-'], [None, '-'], 'X', [None, '+'], 'X', [None, '*'], 'X', [Piece(r, -11, isdama=False), '/'], 'X', 'X', [None, '+'], 'X', [None, '-'], 'X', [None, '/'], 'X', [Piece(r, 0, isdama=False), '*'], [None, '*'], 'X', [None, '/'], 'X', [None, '-'], 'X', [None, '+'], 'X', 'X', [None, '/'], 'X', [Piece(b, -7, isdama=False), '*'], 'X', [Piece(b, -5, isdama=False), '+'], 'X', [Piece(b, 2, isdama=False), '-'], [None, '-'], 'X', [None, '+'], 'X', [None, '*'], 'X', [None, '/'], 'X', 'X', [None, '+'], 'X', [Piece(b, 8, isdama=False), '-'], 'X', [None, '/'], 'X', [None, '*']]","{""valid_moves"": [{""position"": [9, ""/""], ""piece"": [""red"", 2, false], ""destination"": [16, 18]}, {""position"": [22, ""/""], ""piece"": [""red"", -11, false], ""destination"": [29]}, {""position"": [31, ""*""], ""piece"": [""red"", 0, false], ""destination"": [38]}]}","Piece(r, 2, isdama=False): [16, 18]
Piece(r, -11, isdama=False): [29]
Piece(r, 0, isdama=False): [38]"
"[[None, '*'], 'X', [None, '/'], 'X', [None, '-'], 'X', [None, '+'], 'X', 'X', [Piece(r, 2, isdama=False), '/'], 'X', [Piece(b, 4, isdama=False), '*'], 'X', [None, '+'], 'X', [None, '-'], [None, '-'], 'X', [None, '+'], 'X', [None, '*'], 'X', [Piece(r, -11, isdama=False), '/'], 'X', 'X', [None, '+'], 'X', [None, '-'], 'X', [None, '/'], 'X', [Piece(r, 0, isdama=False), '*'], [None, '*'], 'X', [None, '/'], 'X', [None, '-'], 'X', [None, '+'], 'X', 'X', [None, '/'], 'X', [Piece(b, -7, isdama=False), '*'], 'X', [Piece(b, -5, isdama=False), '+'], 'X', [Piece(b, 2, isdama=False), '-'], [None, '-'], 'X', [None, '+'], 'X', [None, '*'], 'X', [None, '/'], 'X', 'X', [None, '+'], 'X', [Piece(b, 8, isdama=False), '-'], 'X', [None, '/'], 'X', [None, '*']]","{""valid_moves"": [{""position"": [9, ""/""], ""piece"": [""red"", 2, false], ""destination"": [16, 18]}, {""position"": [22, ""/""], ""piece"": [""red"", -11, false], ""destination"": [29]}, {""position"": [31, ""*""], ""piece"": [""red"", 0, false], ""destination"": [38]}]}","Piece(r, 2, isdama=False): [16, 18]
Piece(r, -11, isdama=False): [29]
Piece(r, 0, isdama=False): [38]"
"[[None, '*'], 'X', [None, '/'], 'X', [None, '-'], 'X', [None, '+'], 'X', 'X', [Piece(r, 2, isdama=False), '/'], 'X', [Piece(b, 4, isdama=False), '*'], 'X', [None, '+'], 'X', [None, '-'], [None, '-'], 'X', [None, '+'], 'X', [None, '*'], 'X', [Piece(r, -11, isdama=False), '/'], 'X', 'X', [None, '+'], 'X', [None, '-'], 'X', [None, '/'], 'X', [Piece(r, 0, isdama=False), '*'], [None, '*'], 'X', [None, '/'], 'X', [None, '-'], 'X', [None, '+'], 'X', 'X', [None, '/'], 'X', [Piece(b, -7, isdama=False), '*'], 'X', [Piece(b, -5, isdama=False), '+'], 'X', [Piece(b, 2, isdama=False), '-'], [None, '-'], 'X', [None, '+'], 'X', [None, '*'], 'X', [None, '/'], 'X', 'X', [None, '+'], 'X', [Piece(b, 8, isdama=False), '-'], 'X', [None, '/'], 'X', [None, '*']]","{""valid_moves"": [{""position"": [9, ""/""], ""piece"": [""red"", 2, false], ""destination"": [16, 18]}, {""position"": [22, ""/""], ""piece"": [""red"", -11, false], ""destination"": [29]}, {""position"": [31, ""*""], ""piece"": [""red"", 0, false], ""destination"": [38]}]}","Piece(r, 2, isdama=False): [16, 18]
Piece(r, -11, isdama=False): [29]
Piece(r, 0, isdama=False): [38]"
"[[None, '*'], 'X', [None, '/'], 'X', [None, '-'], 'X', [None, '+'], 'X', 'X', [None, '/'], 'X', [Piece(b, 4, isdama=False), '*'], 'X', [None, '+'], 'X', [None, '-'], [Piece(r, 2, isdama=False), '-'], 'X', [None, '+'], 'X', [None, '*'], 'X', [Piece(r, -11, isdama=False), '/'], 'X', 'X', [None, '+'], 'X', [None, '-'], 'X', [None, '/'], 'X', [Piece(r, 0, isdama=False), '*'], [None, '*'], 'X', [None, '/'], 'X', [None, '-'], 'X', [Piece(b, 2, isdama=False), '+'], 'X', 'X', [None, '/'], 'X', [Piece(b, -7, isdama=False), '*'], 'X', [Piece(b, -5, isdama=False), '+'], 'X', [None, '-'], [None, '-'], 'X', [None, '+'], 'X', [None, '*'], 'X', [None, '/'], 'X', 'X', [None, '+'], 'X', [Piece(b, 8, isdama=False), '-'], 'X', [None, '/'], 'X', [None, '*']]","{""valid_moves"": [{""position"": [16, ""-""], ""piece"": [""red"", 2, false], ""destination"": [25]}, {""position"": [22, ""/""], ""piece"": [""red"", -11, false], ""destination"": [29]}]}","Piece(r, 2, isdama=False): [25]
Piece(r, -11, isdama=False): [29]"
"[[None, '*'], 'X', [None, '/'], 'X', [None, '-'], 'X', [None, '+'], 'X', 'X', [None, '/'], 'X', [Piece(b, 4, isdama=False), '*'], 'X', [None, '+'], 'X', [None, '-'], [Piece(r, 2, isdama=False), '-'], 'X', [None, '+'], 'X', [None, '*'], 'X', [Piece(r, -11, isdama=False), '/'], 'X', 'X', [None, '+'], 'X', [None, '-'], 'X', [None, '/'], 'X', [Piece(r, 0, isdama=False), '*'], [None, '*'], 'X', [None, '/'], 'X', [None, '-'], 'X', [Piece(b, 2, isdama=False), '+'], 'X', 'X', [None, '/'], 'X', [Piece(b, -7, isdama=False), '*'], 'X', [Piece(b, -5, isdama=False), '+'], 'X', [None, '-'], [None, '-'], 'X', [None, '+'], 'X', [None, '*'], 'X', [None, '/'], 'X', 'X', [None, '+'], 'X', [Piece(b, 8, isdama=False), '-'], 'X', [None, '/'], 'X', [None, '*']]","{""valid_moves"": [{""position"": [16, ""-""], ""piece"": [""red"", 2, false], ""destination"": [25]}, {""position"": [22, ""/""], ""piece"": [""red"", -11, false], ""destination"": [29]}]}","Piece(r, 2, isdama=False): [25]
Piece(r, -11, isdama=False): [29]"
"[[None, '*'], 'X', [None, '/'], 'X', [None, '-'], 'X', [None, '+'], 'X', 'X', [None, '/'], 'X', [Piece(b, 4, isdama=False), '*'], 'X', [None, '+'], 'X', [None, '-'], [None, '-'], 'X', [None, '+'], 'X', [None, '*'], 'X', [Piece(r, -11, isdama=False), '/'], 'X', 'X', [Piece(r, 2, isdama=False), '+'], 'X', [None, '-'], 'X', [None, '/'], 'X', [Piece(r, 0, isdama=False), '*'], [None, '*'], 'X', [None, '/'], 'X', [Piece(b, -7, isdama=False), '-'], 'X', [Piece(b, 2, isdama=False), '+'], 'X', 'X', [None, '/'], 'X', [None, '*'], 'X', [Piece(b, -5, isdama=False), '+'], 'X', [None, '-'], [None, '-'], 'X', [None, '+'], 'X', [None, '*'], 'X', [None, '/'], 'X', 'X', [None, '+'], 'X', [Piece(b, 8, isdama=False), '-'], 'X', [None, '/'], 'X', [None, '*']]","{""valid_moves"": [{""position"": [22, ""/""], ""piece"": [""red"", -11, false], ""destination"": [29]}, {""position"": [25, ""+""], ""piece"": [""red"", 2, false], ""destination"": [32, 34]}]}","Piece(r, -11, isdama=False): [29]
Piece(r, 2, isdama=False): [32, 34]"
"[[None, '*'], 'X', [None, '/'], 'X', [None, '-'], 'X', [None, '+'], 'X', 'X', [None, '/'], 'X', [Piece(b, 4, isdama=False), '*'], 'X', [None, '+'], 'X', [None, '-'], [None, '-'], 'X', [None, '+'], 'X', [None, '*'], 'X', [Piece(r, -11, isdama=False), '/'], 'X', 'X', [Piece(r, 2, isdama=False), '+'], 'X', [None, '-'], 'X', [None, '/'], 'X', [Piece(r, 0, isdama=False), '*'], [None, '*'], 'X', [None, '/'], 'X', [Piece(b, -7, isdama=False), '-'], 'X', [Piece(b, 2, isdama=False), '+'], 'X', 'X', [None, '/'], 'X', [None, '*'], 'X', [Piece(b, -5, isdama=False), '+'], 'X', [None, '-'], [None, '-'], 'X', [None, '+'], 'X', [None, '*'], 'X', [None, '/'], 'X', 'X', [None, '+'], 'X', [Piece(b, 8, isdama=False), '-'], 'X', [None, '/'], 'X', [None, '*']]","{""valid_moves"": [{""position"": [22, ""/""], ""piece"": [""red"", -11, false], ""destination"": [29]}, {""position"": [25, ""+""], ""piece"": [""red"", 2, false], ""destination"": [32, 34]}]}","Piece(r, -11, isdama=False): [29]
Piece(r, 2, isdama=False): [32, 34]"
"[[None, '*'], 'X', [None, '/'], 'X', [None, '-'], 'X', [None, '+'], 'X', 'X', [None, '/'], 'X', [Piece(b, 4, isdama=False), '*'], 'X', [None, '+'], 'X', [None, '-'], [None, '-'], 'X', [None, '+'], 'X', [None, '*'], 'X', [Piece(r, -11, isdama=False), '/'], 'X', 'X', [Piece(r, 2, isdama=False), '+'], 'X', [None, '-'], 'X', [None, '/'], 'X', [Piece(r, 0, isdama=False), '*'], [None, '*'], 'X', [None, '/'], 'X', [Piece(b, -7, isdama=False), '-'], 'X', [Piece(b, 2, isdama=False), '+'], 'X', 'X', [None, '/'], 'X', [None, '*'], 'X', [Piece(b, -5, isdama=False), '+'], 'X', [None, '-'], [None, '-'], 'X', [None, '+'], 'X', [None, '*'], 'X', [None, '/'], 'X', 'X', [None, '+'], 'X', [Piece(b, 8, isdama=False), '-'], 'X', [None, '/'], 'X', [None, '*']]","{""valid_moves"": [{""position"": [22, ""/""], ""piece"": [""red"", -11, false], ""destination"": [29]}, {""position"": [25, ""+""], ""piece"": [""red"", 2, false], ""destination"": [32, 34]}]}","Piece(r, -11, isdama=False): [29]
Piece(r, 2, isdama=False): [32, 34]"
"[[None, '*'], 'X', [None, '/'], 'X', [None, '-'], 'X', [None, '+'], 'X', 'X', [None, '/'], 'X', [Piece(b, 4, isdama=False), '*'], 'X', [None, '+'], 'X', [None, '-'], [None, '-'], 'X', [None, '+'], 'X', [None, '*'], 'X', [Piece(r, -11, isdama=False), '/'], 'X', 'X', [None, '+'], 'X', [None, '-'], 'X', [Piece(b, -7, isdama=False), '/'], 'X', [Piece(r, 0, isdama=False), '*'], [Piece(r, 2, isdama=False), '*'], 'X', [None, '/'], 'X', [None, '-'], 'X', [Piece(b, 2, isdama=False), '+'], 'X', 'X', [None, '/'], 'X', [None, '*'], 'X', [Piece(b, -5, isdama=False), '+'], 'X', [None, '-'], [None, '-'], 'X', [None, '+'], 'X', [None, '*'], 'X', [None, '/'], 'X', 'X', [None, '+'], 'X', [Piece(b, 8, isdama=False), '-'], 'X', [None, '/'], 'X', [None, '*']]","{""valid_moves"": [{""position"": [22, ""/""], ""piece"": [""red"", -11, false], ""destination"": [36]}]}","Piece(r, -11, isdama=False): [36]"
"[[None, '*'], 'X', [None, '/'], 'X', [None, '-'], 'X', [None, '+'], 'X', 'X', [None, '/'], 'X', [Piece(b, 4, isdama=False), '*'], 'X', [None, '+'], 'X', [None, '-'], [None, '-'], 'X', [None, '+'], 'X', [None, '*'], 'X', [None, '/'], 'X', 'X', [None, '+'], 'X', [None, '-'], 'X', [None, '/'], 'X', [Piece(r, 0, isdama=False), '*'], [Piece(r, 2, isdama=False), '*'], 'X', [None, '/'], 'X', [Piece(r, -11, isdama=False), '-'], 'X', [Piece(b, 2, isdama=False), '+'], 'X', 'X', [None, '/'], 'X', [None, '*'], 'X', [Piece(b, -5, isdama=False), '+'], 'X', [None, '-'], [None, '-'], 'X', [None, '+'], 'X', [None, '*'], 'X', [None, '/'], 'X', 'X', [None, '+'], 'X', [Piece(b, 8, isdama=False), '-'], 'X', [None, '/'], 'X', [None, '*']]","{""valid_moves"": [{""position"": [36, ""-""], ""piece"": [""red"", -11, false], ""destination"": [54]}]}","Piece(r, -11, isdama=False): [54]"
"[[None, '*'], 'X', [None, '/'], 'X', [None, '-'], 'X', [None, '+'], 'X', 'X', [None, '/'], 'X', [Piece(b, 4, isdama=False), '*'], 'X', [None, '+'], 'X', [None, '-'], [None, '-'], 'X', [None, '+'], 'X', [None, '*'], 'X', [None, '/'], 'X', 'X', [None, '+'], 'X', [Piece(b, -5, isdama=False), '-'], 'X', [None, '/'], 'X', [Piece(r, 0, isdama=False), '*'], [Piece(r, 2, isdama=False), '*'], 'X', [None, '/'], 'X', [None, '-'], 'X', [Piece(b, 2, isdama=False), '+'], 'X', 'X', [None, '/'], 'X', [None, '*'], 'X', [None, '+'], 'X', [None, '-'], [None, '-'], 'X', [None, '+'], 'X', [None, '*'], 'X', [None, '/'], 'X', 'X', [None, '+'], 'X', [Piece(b, 8, isdama=False), '-'], 'X', [None, '/'], 'X', [None, '*']]","{""valid_moves"": [{""position"": [31, ""*""], ""piece"": [""red"", 0, false], ""destination"": [45]}]}","Piece(r, 0, isdama=False): [45]"
"[[None, '*'], 'X', [None, '/'], 'X', [None, '-'], 'X', [None, '+'], 'X', 'X', [None, '/'], 'X', [Piece(b, 4, isdama=False), '*'], 'X', [None, '+'], 'X', [None, '-'], [None, '-'], 'X', [Piece(b, -5, isdama=False), '+'], 'X', [None, '*'], 'X', [None, '/'], 'X', 'X', [None, '+'], 'X', [None, '-'], 'X', [None, '/'], 'X', [None, '*'], [Piece(r, 2, isdama=False), '*'], 'X', [None, '/'], 'X', [None, '-'], 'X', [None, '+'], 'X', 'X', [None, '/'], 'X', [None, '*'], 'X', [Piece(r, 0, isdama=False), '+'], 'X', [None, '-'], [None, '-'], 'X', [None, '+'], 'X', [None, '*'], 'X', [None, '/'], 'X', 'X', [None, '+'], 'X', [Piece(b, 8, isdama=False), '-'], 'X', [None, '/'], 'X', [None, '*']]","{""valid_moves"": [{""position"": [32, ""*""], ""piece"": [""red"", 2, false], ""destination"": [41]}, {""position"": [45, ""+""], ""piece"": [""red"", 0, false], ""destination"": [52, 54]}]}","Piece(r, 2, isdama=False): [41]
Piece(r, 0, isdama=False): [52, 54]"
"[[None, '*'], 'X', [None, '/'], 'X', [None, '-'], 'X', [None, '+'], 'X', 'X', [None, '/'], 'X', [Piece(b, 4, isdama=False), '*'], 'X', [None, '+'], 'X', [None, '-'], [None, '-'], 'X', [Piece(b, -5, isdama=False), '+'], 'X', [None, '*'], 'X', [None, '/'], 'X', 'X', [None, '+'], 'X', [None, '-'], 'X', [None, '/'], 'X', [None, '*'], [Piece(r, 2, isdama=False), '*'], 'X', [None, '/'], 'X', [None, '-'], 'X', [None, '+'], 'X', 'X', [None, '/'], 'X', [None, '*'], 'X', [Piece(r, 0, isdama=False), '+'], 'X', [None, '-'], [None, '-'], 'X', [None, '+'], 'X', [None, '*'], 'X', [None, '/'], 'X', 'X', [None, '+'], 'X', [Piece(b, 8, isdama=False), '-'], 'X', [None, '/'], 'X', [None, '*']]","{""valid_moves"": [{""position"": [32, ""*""], ""piece"": [""red"", 2, false], ""destination"": [41]}, {""position"": [45, ""+""], ""piece"": [""red"", 0, false], ""destination"": [52, 54]}]}","Piece(r, 2, isdama=False): [41]
Piece(r, 0, isdama=False): [52, 54]"
"[[None, '*'], 'X', [None, '/'], 'X', [None, '-'], 'X', [None, '+'], 'X', 'X', [None, '/'], 'X', [Piece(b, 4, isdama=False), '*'], 'X', [None, '+'], 'X', [None, '-'], [None, '-'], 'X', [Piece(b, -5, isdama=False), '+'], 'X', [None, '*'], 'X', [None, '/'], 'X', 'X', [None, '+'], 'X', [None, '-'], 'X', [None, '/'], 'X', [None, '*'], [Piece(r, 2, isdama=False), '*'], 'X', [None, '/'], 'X', [None, '-'], 'X', [None, '+'], 'X', 'X', [None, '/'], 'X', [None, '*'], 'X', [Piece(r, 0, isdama=False), '+'], 'X', [None, '-'], [None, '-'], 'X', [None, '+'], 'X', [None, '*'], 'X', [None, '/'], 'X', 'X', [None, '+'], 'X', [Piece(b, 8, isdama=False), '-'], 'X', [None, '/'], 'X', [None, '*']]","{""valid_moves"": [{""position"": [32, ""*""], ""piece"": [""red"", 2, false], ""destination"": [41]}, {""position"": [45, ""+""], ""piece"": [""red"", 0, false], ""destination"": [52, 54]}]}","Piece(r, 2, isdama=False): [41]
Piece(r, 0, isdama=False): [52, 54]"
"[[None, '*'], 'X', [None, '/'], 'X', [None, '-'], 'X', [None, '+'], 'X', 'X', [None, '/'], 'X', [Piece(b, 4, isdama=False), '*'], 'X', [None, '+'], 'X', [None, '-'], [None, '-'], 'X', [Piece(b, -5, isdama=False), '+'], 'X', [None, '*'], 'X', [None, '/'], 'X', 'X', [None, '+'], 'X', [None, '-'], 'X', [None, '/'], 'X', [None, '*'], [None, '*'], 'X', [None, '/'], 'X', [None, '-'], 'X', [None, '+'], 'X', 'X', [Piece(r, 2, isdama=False), '/'], 'X', [None, '*'], 'X', [Piece(r, 0, isdama=False), '+'], 'X', [None, '-'], [None, '-'], 'X', [Piece(b, 8, isdama=False), '+'], 'X', [None, '*'], 'X', [None, '/'], 'X', 'X', [None, '+'], 'X', [None, '-'], 'X', [None, '/'], 'X', [None, '*']]","{""valid_moves"": [{""position"": [41, ""/""], ""piece"": [""red"", 2, false], ""destination"": [59]}]}","Piece(r, 2, isdama=False): [59]"
"[[None, '*'], 'X', [None, '/'], 'X', [None, '-'], 'X', [None, '+'], 'X', 'X', [Piece(b, -5, isdama=False), '/'], 'X', [Piece(b, 4, isdama=False), '*'], 'X', [None, '+'], 'X', [None, '-'], [None, '-'], 'X', [None, '+'], 'X', [None, '*'], 'X', [None, '/'], 'X', 'X', [None, '+'], 'X', [None, '-'], 'X', [None, '/'], 'X', [None, '*'], [None, '*'], 'X', [None, '/'], 'X', [None, '-'], 'X', [None, '+'], 'X', 'X', [None, '/'], 'X', [None, '*'], 'X', [Piece(r, 0, isdama=False), '+'], 'X', [None, '-'], [None, '-'], 'X', [None, '+'], 'X', [None, '*'], 'X', [None, '/'], 'X', 'X', [None, '+'], 'X', [Piece(r, 2, isdama=True), '-'], 'X', [None, '/'], 'X', [None, '*']]","{""valid_moves"": [{""position"": [45, ""+""], ""piece"": [""red"", 0, false], ""destination"": [52, 54]}, {""position"": [59, ""-""], ""piece"": [""red"", 2, true], ""destination"": [[], [], [50, 41, 32], [52]]}]}","Piece(r, 0, isdama=False): [52, 54]
Piece(r, 2, isdama=True): [(), (), (50, 41, 32), (52,)]"
"[[None, '*'], 'X', [None, '/'], 'X', [None, '-'], 'X', [None, '+'], 'X', 'X', [Piece(b, -5, isdama=False), '/'], 'X', [Piece(b, 4, isdama=False), '*'], 'X', [None, '+'], 'X', [None, '-'], [None, '-'], 'X', [None, '+'], 'X', [None, '*'], 'X', [None, '/'], 'X', 'X', [None, '+'], 'X', [None, '-'], 'X', [None, '/'], 'X', [None, '*'], [None, '*'], 'X', [None, '/'], 'X', [None, '-'], 'X', [None, '+'], 'X', 'X', [None, '/'], 'X', [None, '*'], 'X', [Piece(r, 0, isdama=False), '+'], 'X', [None, '-'], [None, '-'], 'X', [None, '+'], 'X', [None, '*'], 'X', [None, '/'], 'X', 'X', [None, '+'], 'X', [Piece(r, 2, isdama=True), '-'], 'X', [None, '/'], 'X', [None, '*']]","{""valid_moves"": [{""position"": [45, ""+""], ""piece"": [""red"", 0, false], ""destination"": [52, 54]}, {""position"": [59, ""-""], ""piece"": [""red"", 2, true], ""destination"": [[], [], [50, 41, 32], [52]]}]}","Piece(r, 0, isdama=False): [52, 54]
Piece(r, 2, isdama=True): [(), (), (50, 41, 32), (52,)]"
"[[None, '*'], 'X', [None, '/'], 'X', [None, '-'], 'X', [None, '+'], 'X', 'X', [Piece(b, -5, isdama=False), '/'], 'X', [Piece(b, 4, isdama=False), '*'], 'X', [None, '+'], 'X', [None, '-'], [None, '-'], 'X', [None, '+'], 'X', [None, '*'], 'X', [None, '/'], 'X', 'X', [None, '+'], 'X', [None, '-'], 'X', [None, '/'], 'X', [None, '*'], [None, '*'], 'X', [None, '/'], 'X', [None, '-'], 'X', [None, '+'], 'X', 'X', [None, '/'], 'X', [None, '*'], 'X', [Piece(r, 0, isdama=False), '+'], 'X', [None, '-'], [None, '-'], 'X', [None, '+'], 'X', [None, '*'], 'X', [None, '/'], 'X', 'X', [None, '+'], 'X', [Piece(r, 2, isdama=True), '-'], 'X', [None, '/'], 'X', [None, '*']]","{""valid_moves"": [{""position"": [45, ""+""], ""piece"": [""red"", 0, false], ""destination"": [52, 54]}, {""position"": [59, ""-""], ""piece"": [""red"", 2, true], ""destination"": [[], [], [50, 41, 32], [52]]}]}","Piece(r, 0, isdama=False): [52, 54]
Piece(r, 2, isdama=True): [(), (), (50, 41, 32), (52,)]"
"[[None, '*'], 'X', [None, '/'], 'X', [None, '-'], 'X', [None, '+'], 'X', 'X', [Piece(b, -5, isdama=False), '/'], 'X', [Piece(b, 4, isdama=False), '*'], 'X', [None, '+'], 'X', [None, '-'], [None, '-'], 'X', [None, '+'], 'X', [None, '*'], 'X', [None, '/'], 'X', 'X', [None, '+'], 'X', [None, '-'], 'X', [None, '/'], 'X', [None, '*'], [None, '*'], 'X', [None, '/'], 'X', [None, '-'], 'X', [None, '+'], 'X', 'X', [None, '/'], 'X', [None, '*'], 'X', [Piece(r, 0, isdama=False), '+'], 'X', [None, '-'], [None, '-'], 'X', [None, '+'], 'X', [None, '*'], 'X', [None, '/'], 'X', 'X', [None, '+'], 'X', [Piece(r, 2, isdama=True), '-'], 'X', [None, '/'], 'X', [None, '*']]","{""valid_moves"": [{""position"": [45, ""+""], ""piece"": [""red"", 0, false], ""destination"": [52, 54]}, {""position"": [59, ""-""], ""piece"": [""red"", 2, true], ""destination"": [[], [], [50, 41, 32], [52]]}]}","Piece(r, 0, isdama=False): [52, 54]
Piece(r, 2, isdama=True): [(), (), (50, 41, 32), (52,)]"
"[[None, '*'], 'X', [None, '/'], 'X', [None, '-'], 'X', [None, '+'], 'X', 'X', [Piece(b, -5, isdama=False), '/'], 'X', [Piece(b, 4, isdama=False), '*'], 'X', [None, '+'], 'X', [None, '-'], [None, '-'], 'X', [None, '+'], 'X', [None, '*'], 'X', [None, '/'], 'X', 'X', [None, '+'], 'X', [None, '-'], 'X', [None, '/'], 'X', [None, '*'], [None, '*'], 'X', [None, '/'], 'X', [None, '-'], 'X', [None, '+'], 'X', 'X', [None, '/'], 'X', [None, '*'], 'X', [Piece(r, 0, isdama=False), '+'], 'X', [None, '-'], [None, '-'], 'X', [None, '+'], 'X', [None, '*'], 'X', [None, '/'], 'X', 'X', [None, '+'], 'X', [Piece(r, 2, isdama=True), '-'], 'X', [None, '/'], 'X', [None, '*']]","{""valid_moves"": [{""position"": [45, ""+""], ""piece"": [""red"", 0, false], ""destination"": [52, 54]}, {""position"": [59, ""-""], ""piece"": [""red"", 2, true], ""destination"": [[], [], [50, 41, 32], [52]]}]}","Piece(r, 0, isdama=False): [52, 54]
Piece(r, 2, isdama=True): [(), (), (50, 41, 32), (52,)]"
"[[None, '*'], 'X', [None, '/'], 'X', [None, '-'], 'X', [None, '+'], 'X', 'X', [Piece(b, -5, isdama=False), '/'], 'X', [Piece(b, 4, isdama=False), '*'], 'X', [None, '+'], 'X', [None, '-'], [None, '-'], 'X', [None, '+'], 'X', [None, '*'], 'X', [None, '/'], 'X', 'X', [None, '+'], 'X', [None, '-'], 'X', [None, '/'], 'X', [None, '*'], [None, '*'], 'X', [None, '/'], 'X', [None, '-'], 'X', [None, '+'], 'X', 'X', [None, '/'], 'X', [None, '*'], 'X', [Piece(r, 0, isdama=False), '+'], 'X', [None, '-'], [None, '-'], 'X', [None, '+'], 'X', [None, '*'], 'X', [None, '/'], 'X', 'X', [None, '+'], 'X', [Piece(r, 2, isdama=True), '-'], 'X', [None, '/'], 'X', [None, '*']]","{""valid_moves"": [{""position"": [45, ""+""], ""piece"": [""red"", 0, false], ""destination"": [52, 54]}, {""position"": [59, ""-""], ""piece"": [""red"", 2, true], ""destination"": [[], [], [50, 41, 32], [52]]}]}","Piece(r, 0, isdama=False): [52, 54]
Piece(r, 2, isdama=True): [(), (), (50, 41, 32), (52,)]"
"[[Piece(b, -5, isdama=True), '*'], 'X', [None, '/'], 'X', [None, '-'], 'X', [None, '+'], 'X', 'X', [None, '/'], 'X', [Piece(b, 4, isdama=False), '*'], 'X', [None, '+'], 'X', [None, '-'], [None, '-'], 'X', [None, '+'], 'X', [None, '*'], 'X', [None, '/'], 'X', 'X', [None, '+'], 'X', [None, '-'], 'X', [None, '/'], 'X', [None, '*'], [None, '*'], 'X', [None, '/'], 'X', [None, '-'], 'X', [None, '+'], 'X', 'X', [None, '/'], 'X', [None, '*'], 'X', [None, '+'], 'X', [None, '-'], [None, '-'], 'X', [None, '+'], 'X', [Piece(r, 0, isdama=False), '*'], 'X', [None, '/'], 'X', 'X', [None, '+'], 'X', [Piece(r, 2, isdama=True), '-'], 'X', [None, '/'], 'X', [None, '*']]","{""valid_moves"": [{""position"": [52, ""*""], ""piece"": [""red"", 0, false], ""destination"": [61]}, {""position"": [59, ""-""], ""piece"": [""red"", 2, true], ""destination"": [[], [], [50, 41, 32], []]}]}","Piece(r, 0, isdama=False): [61]
Piece(r, 2, isdama=True): [(), (), (50, 41, 32), ()]"
"[[Piece(b, -5, isdama=True), '*'], 'X', [None, '/'], 'X', [None, '-'], 'X', [None, '+'], 'X', 'X', [None, '/'], 'X', [Piece(b, 4, isdama=False), '*'], 'X', [None, '+'], 'X', [None, '-'], [None, '-'], 'X', [None, '+'], 'X', [None, '*'], 'X', [None, '/'], 'X', 'X', [None, '+'], 'X', [None, '-'], 'X', [None, '/'], 'X', [None, '*'], [None, '*'], 'X', [None, '/'], 'X', [None, '-'], 'X', [None, '+'], 'X', 'X', [None, '/'], 'X', [None, '*'], 'X', [None, '+'], 'X', [None, '-'], [None, '-'], 'X', [None, '+'], 'X', [Piece(r, 0, isdama=False), '*'], 'X', [None, '/'], 'X', 'X', [None, '+'], 'X', [Piece(r, 2, isdama=True), '-'], 'X', [None, '/'], 'X', [None, '*']]","{""valid_moves"": [{""position"": [52, ""*""], ""piece"": [""red"", 0, false], ""destination"": [61]}, {""position"": [59, ""-""], ""piece"": [""red"", 2, true], ""destination"": [[], [], [50, 41, 32], []]}]}","Piece(r, 0, isdama=False): [61]
Piece(r, 2, isdama=True): [(), (), (50, 41, 32), ()]"
"[[Piece(b, -5, isdama=True), '*'], 'X', [None, '/'], 'X', [None, '-'], 'X', [None, '+'], 'X', 'X', [None, '/'], 'X', [Piece(b, 4, isdama=False), '*'], 'X', [None, '+'], 'X', [None, '-'], [None, '-'], 'X', [None, '+'], 'X', [None, '*'], 'X', [None, '/'], 'X', 'X', [None, '+'], 'X', [None, '-'], 'X', [None, '/'], 'X', [None, '*'], [None, '*'], 'X', [None, '/'], 'X', [None, '-'], 'X', [None, '+'], 'X', 'X', [None, '/'], 'X', [None, '*'], 'X', [None, '+'], 'X', [None, '-'], [None, '-'], 'X', [None, '+'], 'X', [Piece(r, 0, isdama=False), '*'], 'X', [None, '/'], 'X', 'X', [None, '+'], 'X', [Piece(r, 2, isdama=True), '-'], 'X', [None, '/'], 'X', [None, '*']]","{""valid_moves"": [{""position"": [52, ""*""], ""piece"": [""red"", 0, false], ""destination"": [61]}, {""position"": [59, ""-""], ""piece"": [""red"", 2, true], ""destination"": [[], [], [50, 41, 32], []]}]}","Piece(r, 0, isdama=False): [61]
Piece(r, 2, isdama=True): [(), (), (50, 41, 32), ()]"
"[[Piece(b, -5, isdama=True), '*'], 'X', [None, '/'], 'X', [None, '-'], 'X', [None, '+'], 'X', 'X', [None, '/'], 'X', [Piece(b, 4, isdama=False), '*'], 'X', [None, '+'], 'X', [None, '-'], [None, '-'], 'X', [None, '+'], 'X', [None, '*'], 'X', [None, '/'], 'X', 'X', [None, '+'], 'X', [None, '-'], 'X', [None, '/'], 'X', [None, '*'], [None, '*'], 'X', [None, '/'], 'X', [None, '-'], 'X', [None, '+'], 'X', 'X', [None, '/'], 'X', [None, '*'], 'X', [None, '+'], 'X', [None, '-'], [None, '-'], 'X', [None, '+'], 'X', [Piece(r, 0, isdama=False), '*'], 'X', [None, '/'], 'X', 'X', [None, '+'], 'X', [Piece(r, 2, isdama=True), '-'], 'X', [None, '/'], 'X', [None, '*']]","{""valid_moves"": [{""position"": [52, ""*""], ""piece"": [""red"", 0, false], ""destination"": [61]}, {""position"": [59, ""-""], ""piece"": [""red"", 2, true], ""destination"": [[], [], [50, 41, 32], []]}]}","Piece(r, 0, isdama=False): [61]
Piece(r, 2, isdama=True): [(), (), (50, 41, 32), ()]"
"[[Piece(b, -5, isdama=True), '*'], 'X', [Piece(b, 4, isdama=True), '/'], 'X', [None, '-'], 'X', [None, '+'], 'X', 'X', [None, '/'], 'X', [None, '*'], 'X', [None, '+'], 'X', [None, '-'], [None, '-'], 'X', [None, '+'], 'X', [None, '*'], 'X', [None, '/'], 'X', 'X', [None, '+'], 'X', [None, '-'], 'X', [None, '/'], 'X', [None, '*'], [None, '*'], 'X', [None, '/'], 'X', [None, '-'], 'X', [None, '+'], 'X', 'X', [Piece(r, 2, isdama=True), '/'], 'X', [None, '*'], 'X', [None, '+'], 'X', [None, '-'], [None, '-'], 'X', [None, '+'], 'X', [Piece(r, 0, isdama=False), '*'], 'X', [None, '/'], 'X', 'X', [None, '+'], 'X', [None, '-'], 'X', [None, '/'], 'X', [None, '*']]","{""valid_moves"": [{""position"": [41, ""/""], ""piece"": [""red"", 2, true], ""destination"": [[48], [50, 59], [32], [34, 27, 20, 13, 6]]}, {""position"": [52, ""*""], ""piece"": [""red"", 0, false], ""destination"": [59, 61]}]}","Piece(r, 2, isdama=True): [(48,), (50, 59), (32,), (34, 27, 20, 13, 6)]
Piece(r, 0, isdama=False): [59, 61]"
"[[Piece(b, -5, isdama=True), '*'], 'X', [Piece(b, 4, isdama=True), '/'], 'X', [None, '-'], 'X', [None, '+'], 'X', 'X', [None, '/'], 'X', [None, '*'], 'X', [None, '+'], 'X', [None, '-'], [None, '-'], 'X', [None, '+'], 'X', [None, '*'], 'X', [None, '/'], 'X', 'X', [None, '+'], 'X', [None, '-'], 'X', [None, '/'], 'X', [None, '*'], [None, '*'], 'X', [None, '/'], 'X', [None, '-'], 'X', [None, '+'], 'X', 'X', [Piece(r, 2, isdama=True), '/'], 'X', [None, '*'], 'X', [None, '+'], 'X', [None, '-'], [None, '-'], 'X', [None, '+'], 'X', [Piece(r, 0, isdama=False), '*'], 'X', [None, '/'], 'X', 'X', [None, '+'], 'X', [None, '-'], 'X', [None, '/'], 'X', [None, '*']]","{""valid_moves"": [{""position"": [41, ""/""], ""piece"": [""red"", 2, true], ""destination"": [[48], [50, 59], [32], [34, 27, 20, 13, 6]]}, {""position"": [52, ""*""], ""piece"": [""red"", 0, false], ""destination"": [59, 61]}]}","Piece(r, 2, isdama=True): [(48,), (50, 59), (32,), (34, 27, 20, 13, 6)]
Piece(r, 0, isdama=False): [59, 61]"
"[[Piece(b, -5, isdama=True), '*'], 'X', [Piece(b, 4, isdama=True), '/'], 'X', [None, '-'], 'X', [None, '+'], 'X', 'X', [None, '/'], 'X', [None, '*'], 'X', [None, '+'], 'X', [None, '-'], [None, '-'], 'X', [None, '+'], 'X', [None, '*'], 'X', [None, '/'], 'X', 'X', [None, '+'], 'X', [None, '-'], 'X', [None, '/'], 'X', [None, '*'], [None, '*'], 'X', [None, '/'], 'X', [None, '-'], 'X', [None, '+'], 'X', 'X', [Piece(r, 2, isdama=True), '/'], 'X', [None, '*'], 'X', [None, '+'], 'X', [None, '-'], [None, '-'], 'X', [None, '+'], 'X', [Piece(r, 0, isdama=False), '*'], 'X', [None, '/'], 'X', 'X', [None, '+'], 'X', [None, '-'], 'X', [None, '/'], 'X', [None, '*']]","{""valid_moves"": [{""position"": [41, ""/""], ""piece"": [""red"", 2, true], ""destination"": [[48], [50, 59], [32], [34, 27, 20, 13, 6]]}, {""position"": [52, ""*""], ""piece"": [""red"", 0, false], ""destination"": [59, 61]}]}","Piece(r, 2, isdama=True): [(48,), (50, 59), (32,), (34, 27, 20, 13, 6)]
Piece(r, 0, isdama=False): [59, 61]"
"[[Piece(b, -5, isdama=True), '*'], 'X', [Piece(b, 4, isdama=True), '/'], 'X', [None, '-'], 'X', [None, '+'], 'X', 'X', [None, '/'], 'X', [None, '*'], 'X', [None, '+'], 'X', [None, '-'], [None, '-'], 'X', [None, '+'], 'X', [None, '*'], 'X', [None, '/'], 'X', 'X', [None, '+'], 'X', [None, '-'], 'X', [None, '/'], 'X', [None, '*'], [None, '*'], 'X', [None, '/'], 'X', [None, '-'], 'X', [None, '+'], 'X', 'X', [Piece(r, 2, isdama=True), '/'], 'X', [None, '*'], 'X', [None, '+'], 'X', [None, '-'], [None, '-'], 'X', [None, '+'], 'X', [Piece(r, 0, isdama=False), '*'], 'X', [None, '/'], 'X', 'X', [None, '+'], 'X', [None, '-'], 'X', [None, '/'], 'X', [None, '*']]","{""valid_moves"": [{""position"": [41, ""/""], ""piece"": [""red"", 2, true], ""destination"": [[48], [50, 59], [32], [34, 27, 20, 13, 6]]}, {""position"": [52, ""*""], ""piece"": [""red"", 0, false], ""destination"": [59, 61]}]}","Piece(r, 2, isdama=True): [(48,), (50, 59), (32,), (34, 27, 20, 13, 6)]
Piece(r, 0, isdama=False): [59, 61]"
"[[Piece(b, -5, isdama=True), '*'], 'X', [Piece(b, 4, isdama=True), '/'], 'X', [None, '-'], 'X', [None, '+'], 'X', 'X', [None, '/'], 'X', [None, '*'], 'X', [None, '+'], 'X', [None, '-'], [None, '-'], 'X', [None, '+'], 'X', [None, '*'], 'X', [None, '/'], 'X', 'X', [None, '+'], 'X', [None, '-'], 'X', [None, '/'], 'X', [None, '*'], [None, '*'], 'X', [None, '/'], 'X', [None, '-'], 'X', [None, '+'], 'X', 'X', [Piece(r, 2, isdama=True), '/'], 'X', [None, '*'], 'X', [None, '+'], 'X', [None, '-'], [None, '-'], 'X', [None, '+'], 'X', [Piece(r, 0, isdama=False), '*'], 'X', [None, '/'], 'X', 'X', [None, '+'], 'X', [None, '-'], 'X', [None, '/'], 'X', [None, '*']]","{""valid_moves"": [{""position"": [41, ""/""], ""piece"": [""red"", 2, true], ""destination"": [[48], [50, 59], [32], [34, 27, 20, 13, 6]]}, {""position"": [52, ""*""], ""piece"": [""red"", 0, false], ""destination"": [59, 61]}]}","Piece(r, 2, isdama=True): [(48,), (50, 59), (32,), (34, 27, 20, 13, 6)]
Piece(r, 0, isdama=False): [59, 61]"
"[[Piece(b, -5, isdama=True), '*'], 'X', [Piece(b, 4, isdama=True), '/'], 'X', [None, '-'], 'X', [None, '+'], 'X', 'X', [None, '/'], 'X', [None, '*'], 'X', [None, '+'], 'X', [None, '-'], [None, '-'], 'X', [None, '+'], 'X', [None, '*'], 'X', [None, '/'], 'X', 'X', [None, '+'], 'X', [None, '-'], 'X', [None, '/'], 'X', [None, '*'], [None, '*'], 'X', [None, '/'], 'X', [None, '-'], 'X', [None, '+'], 'X', 'X', [Piece(r, 2, isdama=True), '/'], 'X', [None, '*'], 'X', [None, '+'], 'X', [None, '-'], [None, '-'], 'X', [None, '+'], 'X', [Piece(r, 0, isdama=False), '*'], 'X', [None, '/'], 'X', 'X', [None, '+'], 'X', [None, '-'], 'X', [None, '/'], 'X', [None, '*']]","{""valid_moves"": [{""position"": [41, ""/""], ""piece"": [""red"", 2, true], ""destination"": [[48], [50, 59], [32], [34, 27, 20, 13, 6]]}, {""position"": [52, ""*""], ""piece"": [""red"", 0, false], ""destination"": [59, 61]}]}","Piece(r, 2, isdama=True): [(48,), (50, 59), (32,), (34, 27, 20, 13, 6)]
Piece(r, 0, isdama=False): [59, 61]"
"[[Piece(b, -5, isdama=True), '*'], 'X', [Piece(b, 4, isdama=True), '/'], 'X', [None, '-'], 'X', [None, '+'], 'X', 'X', [None, '/'], 'X', [None, '*'], 'X', [None, '+'], 'X', [None, '-'], [None, '-'], 'X', [None, '+'], 'X', [None, '*'], 'X', [None, '/'], 'X', 'X', [None, '+'], 'X', [None, '-'], 'X', [None, '/'], 'X', [None, '*'], [None, '*'], 'X', [None, '/'], 'X', [None, '-'], 'X', [None, '+'], 'X', 'X', [Piece(r, 2, isdama=True), '/'], 'X', [None, '*'], 'X', [None, '+'], 'X', [None, '-'], [None, '-'], 'X', [None, '+'], 'X', [Piece(r, 0, isdama=False), '*'], 'X', [None, '/'], 'X', 'X', [None, '+'], 'X', [None, '-'], 'X', [None, '/'], 'X', [None, '*']]","{""valid_moves"": [{""position"": [41, ""/""], ""piece"": [""red"", 2, true], ""destination"": [[48], [50, 59], [32], [34, 27, 20, 13, 6]]}, {""position"": [52, ""*""], ""piece"": [""red"", 0, false], ""destination"": [59, 61]}]}","Piece(r, 2, isdama=True): [(48,), (50, 59), (32,), (34, 27, 20, 13, 6)]
Piece(r, 0, isdama=False): [59, 61]"
"[[Piece(b, -5, isdama=True), '*'], 'X', [Piece(b, 4, isdama=True), '/'], 'X', [None, '-'], 'X', [None, '+'], 'X', 'X', [None, '/'], 'X', [None, '*'], 'X', [None, '+'], 'X', [None, '-'], [None, '-'], 'X', [None, '+'], 'X', [None, '*'], 'X', [None, '/'], 'X', 'X', [None, '+'], 'X', [None, '-'], 'X', [None, '/'], 'X', [None, '*'], [None, '*'], 'X', [None, '/'], 'X', [None, '-'], 'X', [None, '+'], 'X', 'X', [Piece(r, 2, isdama=True), '/'], 'X', [None, '*'], 'X', [None, '+'], 'X', [None, '-'], [None, '-'], 'X', [None, '+'], 'X', [Piece(r, 0, isdama=False), '*'], 'X', [None, '/'], 'X', 'X', [None, '+'], 'X', [None, '-'], 'X', [None, '/'], 'X', [None, '*']]","{""valid_moves"": [{""position"": [41, ""/""], ""piece"": [""red"", 2, true], ""destination"": [[48], [50, 59], [32], [34, 27, 20, 13, 6]]}, {""position"": [52, ""*""], ""piece"": [""red"", 0, false], ""destination"": [59, 61]}]}","Piece(r, 2, isdama=True): [(48,), (50, 59), (32,), (34, 27, 20, 13, 6)]
Piece(r, 0, isdama=False): [59, 61]"
"[[Piece(b, -5, isdama=True), '*'], 'X', [Piece(b, 4, isdama=True), '/'], 'X', [None, '-'], 'X', [None, '+'], 'X', 'X', [None, '/'], 'X', [None, '*'], 'X', [None, '+'], 'X', [None, '-'], [None, '-'], 'X', [None, '+'], 'X', [None, '*'], 'X', [None, '/'], 'X', 'X', [None, '+'], 'X', [None, '-'], 'X', [None, '/'], 'X', [None, '*'], [None, '*'], 'X', [None, '/'], 'X', [None, '-'], 'X', [None, '+'], 'X', 'X', [Piece(r, 2, isdama=True), '/'], 'X', [None, '*'], 'X', [None, '+'], 'X', [None, '-'], [None, '-'], 'X', [None, '+'], 'X', [Piece(r, 0, isdama=False), '*'], 'X', [None, '/'], 'X', 'X', [None, '+'], 'X', [None, '-'], 'X', [None, '/'], 'X', [None, '*']]","{""valid_moves"": [{""position"": [41, ""/""], ""piece"": [""red"", 2, true], ""destination"": [[48], [50, 59], [32], [34, 27, 20, 13, 6]]}, {""position"": [52, ""*""], ""piece"": [""red"", 0, false], ""destination"": [59, 61]}]}","Piece(r, 2, isdama=True): [(48,), (50, 59), (32,), (34, 27, 20, 13, 6)]
Piece(r, 0, isdama=False): [59, 61]"
"[[Piece(b, -5, isdama=True), '*'], 'X', [Piece(b, 4, isdama=True), '/'], 'X', [None, '-'], 'X', [None, '+'], 'X', 'X', [None, '/'], 'X', [None, '*'], 'X', [None, '+'], 'X', [None, '-'], [None, '-'], 'X', [None, '+'], 'X', [None, '*'], 'X', [None, '/'], 'X', 'X', [None, '+'], 'X', [None, '-'], 'X', [None, '/'], 'X', [None, '*'], [None, '*'], 'X', [None, '/'], 'X', [None, '-'], 'X', [None, '+'], 'X', 'X', [Piece(r, 2, isdama=True), '/'], 'X', [None, '*'], 'X', [None, '+'], 'X', [None, '-'], [None, '-'], 'X', [None, '+'], 'X', [Piece(r, 0, isdama=False), '*'], 'X', [None, '/'], 'X', 'X', [None, '+'], 'X', [None, '-'], 'X', [None, '/'], 'X', [None, '*']]","{""valid_moves"": [{""position"": [41, ""/""], ""piece"": [""red"", 2, true], ""destination"": [[48], [50, 59], [32], [34, 27, 20, 13, 6]]}, {""position"": [52, ""*""], ""piece"": [""red"", 0, false], ""destination"": [59, 61]}]}","Piece(r, 2, isdama=True): [(48,), (50, 59), (32,), (34, 27, 20, 13, 6)]
Piece(r, 0, isdama=False): [59, 61]"
"[[Piece(b, -5, isdama=True), '*'], 'X', [Piece(b, 4, isdama=True), '/'], 'X', [None, '-'], 'X', [None, '+'], 'X', 'X', [None, '/'], 'X', [None, '*'], 'X', [None, '+'], 'X', [None, '-'], [None, '-'], 'X', [None, '+'], 'X', [None, '*'], 'X', [None, '/'], 'X', 'X', [None, '+'], 'X', [None, '-'], 'X', [None, '/'], 'X', [None, '*'], [None, '*'], 'X', [None, '/'], 'X', [None, '-'], 'X', [None, '+'], 'X', 'X', [Piece(r, 2, isdama=True), '/'], 'X', [None, '*'], 'X', [None, '+'], 'X', [None, '-'], [None, '-'], 'X', [None, '+'], 'X', [Piece(r, 0, isdama=False), '*'], 'X', [None, '/'], 'X', 'X', [None, '+'], 'X', [None, '-'], 'X', [None, '/'], 'X', [None, '*']]","{""valid_moves"": [{""position"": [41, ""/""], ""piece"": [""red"", 2, true], ""destination"": [[48], [50, 59], [32], [34, 27, 20, 13, 6]]}, {""position"": [52, ""*""], ""piece"": [""red"", 0, false], ""destination"": [59, 61]}]}","Piece(r, 2, isdama=True): [(48,), (50, 59), (32,), (34, 27, 20, 13, 6)]
Piece(r, 0, isdama=False): [59, 61]"
"[[None, '*'], 'X', [Piece(b, 4, isdama=True), '/'], 'X', [None, '-'], 'X', [None, '+'], 'X', 'X', [None, '/'], 'X', [None, '*'], 'X', [None, '+'], 'X', [None, '-'], [None, '-'], 'X', [None, '+'], 'X', [None, '*'], 'X', [None, '/'], 'X', 'X', [None, '+'], 'X', [None, '-'], 'X', [None, '/'], 'X', [None, '*'], [None, '*'], 'X', [None, '/'], 'X', [None, '-'], 'X', [None, '+'], 'X', 'X', [Piece(r, 2, isdama=True), '/'], 'X', [None, '*'], 'X', [Piece(b, -5, isdama=True), '+'], 'X', [None, '-'], [None, '-'], 'X', [None, '+'], 'X', [None, '*'], 'X', [None, '/'], 'X', 'X', [None, '+'], 'X', [None, '-'], 'X', [Piece(r, 0, isdama=True), '/'], 'X', [None, '*']]","{""valid_moves"": [{""position"": [41, ""/""], ""piece"": [""red"", 2, true], ""destination"": [[48], [50, 59], [32], [34, 27, 20, 13, 6]]}, {""position"": [61, ""/""], ""piece"": [""red"", 0, true], ""destination"": [[], [], [52, 43, 34, 25, 16], [54, 47]]}]}","Piece(r, 2, isdama=True): [(48,), (50, 59), (32,), (34, 27, 20, 13, 6)]
Piece(r, 0, isdama=True): [(), (), (52, 43, 34, 25, 16), (54, 47)]"
"[[None, '*'], 'X', [Piece(b, 4, isdama=True), '/'], 'X', [None, '-'], 'X', [None, '+'], 'X', 'X', [None, '/'], 'X', [None, '*'], 'X', [None, '+'], 'X', [None, '-'], [None, '-'], 'X', [None, '+'], 'X', [None, '*'], 'X', [None, '/'], 'X', 'X', [None, '+'], 'X', [None, '-'], 'X', [None, '/'], 'X', [None, '*'], [None, '*'], 'X', [None, '/'], 'X', [None, '-'], 'X', [None, '+'], 'X', 'X', [Piece(r, 2, isdama=True), '/'], 'X', [None, '*'], 'X', [Piece(b, -5, isdama=True), '+'], 'X', [None, '-'], [None, '-'], 'X', [None, '+'], 'X', [None, '*'], 'X', [None, '/'], 'X', 'X', [None, '+'], 'X', [None, '-'], 'X', [Piece(r, 0, isdama=True), '/'], 'X', [None, '*']]","{""valid_moves"": [{""position"": [41, ""/""], ""piece"": [""red"", 2, true], ""destination"": [[48], [50, 59], [32], [34, 27, 20, 13, 6]]}, {""position"": [61, ""/""], ""piece"": [""red"", 0, true], ""destination"": [[], [], [52, 43, 34, 25, 16], [54, 47]]}]}","Piece(r, 2, isdama=True): [(48,), (50, 59), (32,), (34, 27, 20, 13, 6)]
Piece(r, 0, isdama=True): [(), (), (52, 43, 34, 25, 16), (54, 47)]"
"[[None, '*'], 'X', [Piece(b, 4, isdama=True), '/'], 'X', [None, '-'], 'X', [None, '+'], 'X', 'X', [None, '/'], 'X', [None, '*'], 'X', [None, '+'], 'X', [None, '-'], [None, '-'], 'X', [None, '+'], 'X', [None, '*'], 'X', [None, '/'], 'X', 'X', [None, '+'], 'X', [None, '-'], 'X', [None, '/'], 'X', [None, '*'], [None, '*'], 'X', [None, '/'], 'X', [None, '-'], 'X', [None, '+'], 'X', 'X', [Piece(r, 2, isdama=True), '/'], 'X', [None, '*'], 'X', [Piece(b, -5, isdama=True), '+'], 'X', [None, '-'], [None, '-'], 'X', [None, '+'], 'X', [None, '*'], 'X', [None, '/'], 'X', 'X', [None, '+'], 'X', [None, '-'], 'X', [Piece(r, 0, isdama=True), '/'], 'X', [None, '*']]","{""valid_moves"": [{""position"": [41, ""/""], ""piece"": [""red"", 2, true], ""destination"": [[48], [50, 59], [32], [34, 27, 20, 13, 6]]}, {""position"": [61, ""/""], ""piece"": [""red"", 0, true], ""destination"": [[], [], [52, 43, 34, 25, 16], [54, 47]]}]}","Piece(r, 2, isdama=True): [(48,), (50, 59), (32,), (34, 27, 20, 13, 6)]
Piece(r, 0, isdama=True): [(), (), (52, 43, 34, 25, 16), (54, 47)]"
"[[None, '*'], 'X', [Piece(b, 4, isdama=True), '/'], 'X', [None, '-'], 'X', [None, '+'], 'X', 'X', [None, '/'], 'X', [None, '*'], 'X', [None, '+'], 'X', [None, '-'], [None, '-'], 'X', [None, '+'], 'X', [None, '*'], 'X', [None, '/'], 'X', 'X', [None, '+'], 'X', [None, '-'], 'X', [None, '/'], 'X', [None, '*'], [None, '*'], 'X', [None, '/'], 'X', [None, '-'], 'X', [None, '+'], 'X', 'X', [Piece(r, 2, isdama=True), '/'], 'X', [None, '*'], 'X', [Piece(b, -5, isdama=True), '+'], 'X', [None, '-'], [None, '-'], 'X', [None, '+'], 'X', [None, '*'], 'X', [None, '/'], 'X', 'X', [None, '+'], 'X', [None, '-'], 'X', [Piece(r, 0, isdama=True), '/'], 'X', [None, '*']]","{""valid_moves"": [{""position"": [41, ""/""], ""piece"": [""red"", 2, true], ""destination"": [[48], [50, 59], [32], [34, 27, 20, 13, 6]]}, {""position"": [61, ""/""], ""piece"": [""red"", 0, true], ""destination"": [[], [], [52, 43, 34, 25, 16], [54, 47]]}]}","Piece(r, 2, isdama=True): [(48,), (50, 59), (32,), (34, 27, 20, 13, 6)]
Piece(r, 0, isdama=True): [(), (), (52, 43, 34, 25, 16), (54, 47)]"
"[[None, '*'], 'X', [Piece(b, 4, isdama=True), '/'], 'X', [None, '-'], 'X', [None, '+'], 'X', 'X', [None, '/'], 'X', [None, '*'], 'X', [None, '+'], 'X', [None, '-'], [None, '-'], 'X', [None, '+'], 'X', [None, '*'], 'X', [None, '/'], 'X', 'X', [None, '+'], 'X', [None, '-'], 'X', [None, '/'], 'X', [None, '*'], [None, '*'], 'X', [None, '/'], 'X', [None, '-'], 'X', [None, '+'], 'X', 'X', [Piece(r, 2, isdama=True), '/'], 'X', [None, '*'], 'X', [Piece(b, -5, isdama=True), '+'], 'X', [None, '-'], [None, '-'], 'X', [None, '+'], 'X', [None, '*'], 'X', [None, '/'], 'X', 'X', [None, '+'], 'X', [None, '-'], 'X', [Piece(r, 0, isdama=True), '/'], 'X', [None, '*']]","{""valid_moves"": [{""position"": [41, ""/""], ""piece"": [""red"", 2, true], ""destination"": [[48], [50, 59], [32], [34, 27, 20, 13, 6]]}, {""position"": [61, ""/""], ""piece"": [""red"", 0, true], ""destination"": [[], [], [52, 43, 34, 25, 16], [54, 47]]}]}","Piece(r, 2, isdama=True): [(48,), (50, 59), (32,), (34, 27, 20, 13, 6)]
Piece(r, 0, isdama=True): [(), (), (52, 43, 34, 25, 16), (54, 47)]"
"[[None, '*'], 'X', [Piece(b, 4, isdama=True), '/'], 'X', [None, '-'], 'X', [None, '+'], 'X', 'X', [None, '/'], 'X', [None, '*'], 'X', [None, '+'], 'X', [None, '-'], [None, '-'], 'X', [None, '+'], 'X', [None, '*'], 'X', [None, '/'], 'X', 'X', [None, '+'], 'X', [None, '-'], 'X', [None, '/'], 'X', [None, '*'], [None, '*'], 'X', [None, '/'], 'X', [None, '-'], 'X', [None, '+'], 'X', 'X', [Piece(r, 2, isdama=True), '/'], 'X', [None, '*'], 'X', [Piece(b, -5, isdama=True), '+'], 'X', [None, '-'], [None, '-'], 'X', [None, '+'], 'X', [None, '*'], 'X', [None, '/'], 'X', 'X', [None, '+'], 'X', [None, '-'], 'X', [Piece(r, 0, isdama=True), '/'], 'X', [None, '*']]","{""valid_moves"": [{""position"": [41, ""/""], ""piece"": [""red"", 2, true], ""destination"": [[48], [50, 59], [32], [34, 27, 20, 13, 6]]}, {""position"": [61, ""/""], ""piece"": [""red"", 0, true], ""destination"": [[], [], [52, 43, 34, 25, 16], [54, 47]]}]}","Piece(r, 2, isdama=True): [(48,), (50, 59), (32,), (34, 27, 20, 13, 6)]
Piece(r, 0, isdama=True): [(), (), (52, 43, 34, 25, 16), (54, 47)]"
"[[None, '*'], 'X', [Piece(b, 4, isdama=True), '/'], 'X', [None, '-'], 'X', [None, '+'], 'X', 'X', [None, '/'], 'X', [None, '*'], 'X', [None, '+'], 'X', [None, '-'], [None, '-'], 'X', [None, '+'], 'X', [None, '*'], 'X', [None, '/'], 'X', 'X', [None, '+'], 'X', [None, '-'], 'X', [None, '/'], 'X', [None, '*'], [None, '*'], 'X', [None, '/'], 'X', [None, '-'], 'X', [None, '+'], 'X', 'X', [Piece(r, 2, isdama=True), '/'], 'X', [None, '*'], 'X', [Piece(b, -5, isdama=True), '+'], 'X', [None, '-'], [None, '-'], 'X', [None, '+'], 'X', [None, '*'], 'X', [None, '/'], 'X', 'X', [None, '+'], 'X', [None, '-'], 'X', [Piece(r, 0, isdama=True), '/'], 'X', [None, '*']]","{""valid_moves"": [{""position"": [41, ""/""], ""piece"": [""red"", 2, true], ""destination"": [[48], [50, 59], [32], [34, 27, 20, 13, 6]]}, {""position"": [61, ""/""], ""piece"": [""red"", 0, true], ""destination"": [[], [], [52, 43, 34, 25, 16], [54, 47]]}]}","Piece(r, 2, isdama=True): [(48,), (50, 59), (32,), (34, 27, 20, 13, 6)]
Piece(r, 0, isdama=True): [(), (), (52, 43, 34, 25, 16), (54, 47)]"
"[[None, '*'], 'X', [Piece(b, 4, isdama=True), '/'], 'X', [None, '-'], 'X', [None, '+'], 'X', 'X', [None, '/'], 'X', [None, '*'], 'X', [None, '+'], 'X', [None, '-'], [None, '-'], 'X', [None, '+'], 'X', [None, '*'], 'X', [None, '/'], 'X', 'X', [None, '+'], 'X', [None, '-'], 'X', [None, '/'], 'X', [None, '*'], [None, '*'], 'X', [None, '/'], 'X', [None, '-'], 'X', [None, '+'], 'X', 'X', [Piece(r, 2, isdama=True), '/'], 'X', [None, '*'], 'X', [Piece(b, -5, isdama=True), '+'], 'X', [None, '-'], [None, '-'], 'X', [None, '+'], 'X', [None, '*'], 'X', [None, '/'], 'X', 'X', [None, '+'], 'X', [None, '-'], 'X', [Piece(r, 0, isdama=True), '/'], 'X', [None, '*']]","{""valid_moves"": [{""position"": [41, ""/""], ""piece"": [""red"", 2, true], ""destination"": [[48], [50, 59], [32], [34, 27, 20, 13, 6]]}, {""position"": [61, ""/""], ""piece"": [""red"", 0, true], ""destination"": [[], [], [52, 43, 34, 25, 16], [54, 47]]}]}","Piece(r, 2, isdama=True): [(48,), (50, 59), (32,), (34, 27, 20, 13, 6)]
Piece(r, 0, isdama=True): [(), (), (52, 43, 34, 25, 16), (54, 47)]"
"[[None, '*'], 'X', [Piece(b, 4, isdama=True), '/'], 'X', [None, '-'], 'X', [None, '+'], 'X', 'X', [None, '/'], 'X', [None, '*'], 'X', [None, '+'], 'X', [None, '-'], [None, '-'], 'X', [None, '+'], 'X', [None, '*'], 'X', [None, '/'], 'X', 'X', [None, '+'], 'X', [None, '-'], 'X', [None, '/'], 'X', [None, '*'], [None, '*'], 'X', [None, '/'], 'X', [None, '-'], 'X', [None, '+'], 'X', 'X', [Piece(r, 2, isdama=True), '/'], 'X', [None, '*'], 'X', [Piece(b, -5, isdama=True), '+'], 'X', [None, '-'], [None, '-'], 'X', [None, '+'], 'X', [None, '*'], 'X', [None, '/'], 'X', 'X', [None, '+'], 'X', [None, '-'], 'X', [Piece(r, 0, isdama=True), '/'], 'X', [None, '*']]","{""valid_moves"": [{""position"": [41, ""/""], ""piece"": [""red"", 2, true], ""destination"": [[48], [50, 59], [32], [34, 27, 20, 13, 6]]}, {""position"": [61, ""/""], ""piece"": [""red"", 0, true], ""destination"": [[], [], [52, 43, 34, 25, 16], [54, 47]]}]}","Piece(r, 2, isdama=True): [(48,), (50, 59), (32,), (34, 27, 20, 13, 6)]
Piece(r, 0, isdama=True): [(), (), (52, 43, 34, 25, 16), (54, 47)]"
"[[None, '*'], 'X', [Piece(b, 4, isdama=True), '/'], 'X', [None, '-'], 'X', [None, '+'], 'X', 'X', [None, '/'], 'X', [None, '*'], 'X', [None, '+'], 'X', [None, '-'], [None, '-'], 'X', [None, '+'], 'X', [None, '*'], 'X', [None, '/'], 'X', 'X', [None, '+'], 'X', [None, '-'], 'X', [None, '/'], 'X', [None, '*'], [None, '*'], 'X', [None, '/'], 'X', [None, '-'], 'X', [None, '+'], 'X', 'X', [Piece(r, 2, isdama=True), '/'], 'X', [None, '*'], 'X', [Piece(b, -5, isdama=True), '+'], 'X', [None, '-'], [None, '-'], 'X', [None, '+'], 'X', [None, '*'], 'X', [None, '/'], 'X', 'X', [None, '+'], 'X', [None, '-'], 'X', [Piece(r, 0, isdama=True), '/'], 'X', [None, '*']]","{""valid_moves"": [{""position"": [41, ""/""], ""piece"": [""red"", 2, true], ""destination"": [[48], [50, 59], [32], [34, 27, 20, 13, 6]]}, {""position"": [61, ""/""], ""piece"": [""red"", 0, true], ""destination"": [[], [], [52, 43, 34, 25, 16], [54, 47]]}]}","Piece(r, 2, isdama=True): [(48,), (50, 59), (32,), (34, 27, 20, 13, 6)]
Piece(r, 0, isdama=True): [(), (), (52, 43, 34, 25, 16), (54, 47)]"
"[[None, '*'], 'X', [Piece(b, 4, isdama=True), '/'], 'X', [None, '-'], 'X', [None, '+'], 'X', 'X', [None, '/'], 'X', [None, '*'], 'X', [None, '+'], 'X', [None, '-'], [None, '-'], 'X', [None, '+'], 'X', [None, '*'], 'X', [None, '/'], 'X', 'X', [None, '+'], 'X', [None, '-'], 'X', [None, '/'], 'X', [None, '*'], [None, '*'], 'X', [None, '/'], 'X', [None, '-'], 'X', [None, '+'], 'X', 'X', [Piece(r, 2, isdama=True), '/'], 'X', [None, '*'], 'X', [Piece(b, -5, isdama=True), '+'], 'X', [None, '-'], [None, '-'], 'X', [None, '+'], 'X', [None, '*'], 'X', [None, '/'], 'X', 'X', [None, '+'], 'X', [None, '-'], 'X', [Piece(r, 0, isdama=True), '/'], 'X', [None, '*']]","{""valid_moves"": [{""position"": [41, ""/""], ""piece"": [""red"", 2, true], ""destination"": [[48], [50, 59], [32], [34, 27, 20, 13, 6]]}, {""position"": [61, ""/""], ""piece"": [""red"", 0, true], ""destination"": [[], [], [52, 43, 34, 25, 16], [54, 47]]}]}","Piece(r, 2, isdama=True): [(48,), (50, 59), (32,), (34, 27, 20, 13, 6)]
Piece(r, 0, isdama=True): [(), (), (52, 43, 34, 25, 16), (54, 47)]"
"[[None, '*'], 'X', [Piece(b, 4, isdama=True), '/'], 'X', [None, '-'], 'X', [None, '+'], 'X', 'X', [None, '/'], 'X', [None, '*'], 'X', [None, '+'], 'X', [None, '-'], [None, '-'], 'X', [None, '+'], 'X', [None, '*'], 'X', [None, '/'], 'X', 'X', [None, '+'], 'X', [None, '-'], 'X', [None, '/'], 'X', [None, '*'], [None, '*'], 'X', [None, '/'], 'X', [None, '-'], 'X', [None, '+'], 'X', 'X', [Piece(r, 2, isdama=True), '/'], 'X', [None, '*'], 'X', [Piece(b, -5, isdama=True), '+'], 'X', [None, '-'], [None, '-'], 'X', [None, '+'], 'X', [None, '*'], 'X', [None, '/'], 'X', 'X', [None, '+'], 'X', [None, '-'], 'X', [Piece(r, 0, isdama=True), '/'], 'X', [None, '*']]","{""valid_moves"": [{""position"": [41, ""/""], ""piece"": [""red"", 2, true], ""destination"": [[48], [50, 59], [32], [34, 27, 20, 13, 6]]}, {""position"": [61, ""/""], ""piece"": [""red"", 0, true], ""destination"": [[], [], [52, 43, 34, 25, 16], [54, 47]]}]}","Piece(r, 2, isdama=True): [(48,), (50, 59), (32,), (34, 27, 20, 13, 6)]
Piece(r, 0, isdama=True): [(), (), (52, 43, 34, 25, 16), (54, 47)]"
"[[None, '*'], 'X', [Piece(b, 4, isdama=True), '/'], 'X', [None, '-'], 'X', [None, '+'], 'X', 'X', [None, '/'], 'X', [None, '*'], 'X', [None, '+'], 'X', [None, '-'], [None, '-'], 'X', [None, '+'], 'X', [None, '*'], 'X', [None, '/'], 'X', 'X', [None, '+'], 'X', [None, '-'], 'X', [None, '/'], 'X', [None, '*'], [None, '*'], 'X', [None, '/'], 'X', [None, '-'], 'X', [None, '+'], 'X', 'X', [Piece(r, 2, isdama=True), '/'], 'X', [None, '*'], 'X', [Piece(b, -5, isdama=True), '+'], 'X', [None, '-'], [None, '-'], 'X', [None, '+'], 'X', [None, '*'], 'X', [None, '/'], 'X', 'X', [None, '+'], 'X', [None, '-'], 'X', [Piece(r, 0, isdama=True), '/'], 'X', [None, '*']]","{""valid_moves"": [{""position"": [41, ""/""], ""piece"": [""red"", 2, true], ""destination"": [[48], [50, 59], [32], [34, 27, 20, 13, 6]]}, {""position"": [61, ""/""], ""piece"": [""red"", 0, true], ""destination"": [[], [], [52, 43, 34, 25, 16], [54, 47]]}]}","Piece(r, 2, isdama=True): [(48,), (50, 59), (32,), (34, 27, 20, 13, 6)]
Piece(r, 0, isdama=True): [(), (), (52, 43, 34, 25, 16), (54, 47)]"
"[[None, '*'], 'X', [Piece(b, 4, isdama=True), '/'], 'X', [None, '-'], 'X', [None, '+'], 'X', 'X', [None, '/'], 'X', [None, '*'], 'X', [None, '+'], 'X', [None, '-'], [None, '-'], 'X', [None, '+'], 'X', [None, '*'], 'X', [None, '/'], 'X', 'X', [None, '+'], 'X', [None, '-'], 'X', [None, '/'], 'X', [None, '*'], [None, '*'], 'X', [None, '/'], 'X', [None, '-'], 'X', [None, '+'], 'X', 'X', [Piece(r, 2, isdama=True), '/'], 'X', [None, '*'], 'X', [Piece(b, -5, isdama=True), '+'], 'X', [None, '-'], [None, '-'], 'X', [None, '+'], 'X', [None, '*'], 'X', [None, '/'], 'X', 'X', [None, '+'], 'X', [None, '-'], 'X', [Piece(r, 0, isdama=True), '/'], 'X', [None, '*']]","{""valid_moves"": [{""position"": [41, ""/""], ""piece"": [""red"", 2, true], ""destination"": [[48], [50, 59], [32], [34, 27, 20, 13, 6]]}, {""position"": [61, ""/""], ""piece"": [""red"", 0, true], ""destination"": [[], [], [52, 43, 34, 25, 16], [54, 47]]}]}","Piece(r, 2, isdama=True): [(48,), (50, 59), (32,), (34, 27, 20, 13, 6)]
Piece(r, 0, isdama=True): [(), (), (52, 43, 34, 25, 16), (54, 47)]"
"[[None, '*'], 'X', [Piece(b, 4, isdama=True), '/'], 'X', [None, '-'], 'X', [None, '+'], 'X', 'X', [None, '/'], 'X', [None, '*'], 'X', [None, '+'], 'X', [None, '-'], [None, '-'], 'X', [None, '+'], 'X', [None, '*'], 'X', [None, '/'], 'X', 'X', [None, '+'], 'X', [None, '-'], 'X', [None, '/'], 'X', [None, '*'], [None, '*'], 'X', [None, '/'], 'X', [None, '-'], 'X', [None, '+'], 'X', 'X', [Piece(r, 2, isdama=True), '/'], 'X', [None, '*'], 'X', [Piece(b, -5, isdama=True), '+'], 'X', [None, '-'], [None, '-'], 'X', [None, '+'], 'X', [None, '*'], 'X', [None, '/'], 'X', 'X', [None, '+'], 'X', [None, '-'], 'X', [Piece(r, 0, isdama=True), '/'], 'X', [None, '*']]","{""valid_moves"": [{""position"": [41, ""/""], ""piece"": [""red"", 2, true], ""destination"": [[48], [50, 59], [32], [34, 27, 20, 13, 6]]}, {""position"": [61, ""/""], ""piece"": [""red"", 0, true], ""destination"": [[], [], [52, 43, 34, 25, 16], [54, 47]]}]}","Piece(r, 2, isdama=True): [(48,), (50, 59), (32,), (34, 27, 20, 13, 6)]
Piece(r, 0, isdama=True): [(), (), (52, 43, 34, 25, 16), (54, 47)]"
"[[None, '*'], 'X', [Piece(b, 4, isdama=True), '/'], 'X', [None, '-'], 'X', [None, '+'], 'X', 'X', [None, '/'], 'X', [None, '*'], 'X', [None, '+'], 'X', [None, '-'], [None, '-'], 'X', [None, '+'], 'X', [None, '*'], 'X', [None, '/'], 'X', 'X', [None, '+'], 'X', [None, '-'], 'X', [None, '/'], 'X', [None, '*'], [None, '*'], 'X', [None, '/'], 'X', [None, '-'], 'X', [None, '+'], 'X', 'X', [Piece(r, 2, isdama=True), '/'], 'X', [None, '*'], 'X', [Piece(b, -5, isdama=True), '+'], 'X', [None, '-'], [None, '-'], 'X', [None, '+'], 'X', [None, '*'], 'X', [None, '/'], 'X', 'X', [None, '+'], 'X', [None, '-'], 'X', [Piece(r, 0, isdama=True), '/'], 'X', [None, '*']]","{""valid_moves"": [{""position"": [41, ""/""], ""piece"": [""red"", 2, true], ""destination"": [[48], [50, 59], [32], [34, 27, 20, 13, 6]]}, {""position"": [61, ""/""], ""piece"": [""red"", 0, true], ""destination"": [[], [], [52, 43, 34, 25, 16], [54, 47]]}]}","Piece(r, 2, isdama=True): [(48,), (50, 59), (32,), (34, 27, 20, 13, 6)]
Piece(r, 0, isdama=True): [(), (), (52, 43, 34, 25, 16), (54, 47)]"
"[[None, '*'], 'X', [Piece(b, 4, isdama=True), '/'], 'X', [None, '-'], 'X', [None, '+'], 'X', 'X', [None, '/'], 'X', [None, '*'], 'X', [None, '+'], 'X', [None, '-'], [None, '-'], 'X', [None, '+'], 'X', [None, '*'], 'X', [None, '/'], 'X', 'X', [None, '+'], 'X', [None, '-'], 'X', [None, '/'], 'X', [None, '*'], [None, '*'], 'X', [None, '/'], 'X', [None, '-'], 'X', [None, '+'], 'X', 'X', [Piece(r, 2, isdama=True), '/'], 'X', [None, '*'], 'X', [None, '+'], 'X', [None, '-'], [None, '-'], 'X', [None, '+'], 'X', [None, '*'], 'X', [None, '/'], 'X', 'X', [None, '+'], 'X', [None, '-'], 'X', [None, '/'], 'X', [Piece(b, -5, isdama=True), '*']]","{""valid_moves"": [{""position"": [41, ""/""], ""piece"": [""red"", 2, true], ""destination"": [[48], [50, 59], [32], [34, 27, 20, 13, 6]]}]}","Piece(r, 2, isdama=True): [(48,), (50, 59), (32,), (34, 27, 20, 13, 6)]"
"[[None, '*'], 'X', [Piece(b, 4, isdama=True), '/'], 'X', [None, '-'], 'X', [None, '+'], 'X', 'X', [None, '/'], 'X', [None, '*'], 'X', [None, '+'], 'X', [None, '-'], [None, '-'], 'X', [None, '+'], 'X', [None, '*'], 'X', [None, '/'], 'X', 'X', [None, '+'], 'X', [None, '-'], 'X', [None, '/'], 'X', [None, '*'], [None, '*'], 'X', [None, '/'], 'X', [None, '-'], 'X', [None, '+'], 'X', 'X', [Piece(r, 2, isdama=True), '/'], 'X', [None, '*'], 'X', [None, '+'], 'X', [None, '-'], [None, '-'], 'X', [None, '+'], 'X', [None, '*'], 'X', [None, '/'], 'X', 'X', [None, '+'], 'X', [None, '-'], 'X', [None, '/'], 'X', [Piece(b, -5, isdama=True), '*']]","{""valid_moves"": [{""position"": [41, ""/""], ""piece"": [""red"", 2, true], ""destination"": [[48], [50, 59], [32], [34, 27, 20, 13, 6]]}]}","Piece(r, 2, isdama=True): [(48,), (50, 59), (32,), (34, 27, 20, 13, 6)]"
"[[None, '*'], 'X', [Piece(b, 4, isdama=True), '/'], 'X', [None, '-'], 'X', [None, '+'], 'X', 'X', [None, '/'], 'X', [None, '*'], 'X', [None, '+'], 'X', [None, '-'], [None, '-'], 'X', [None, '+'], 'X', [None, '*'], 'X', [None, '/'], 'X', 'X', [None, '+'], 'X', [None, '-'], 'X', [None, '/'], 'X', [None, '*'], [None, '*'], 'X', [None, '/'], 'X', [None, '-'], 'X', [None, '+'], 'X', 'X', [Piece(r, 2, isdama=True), '/'], 'X', [None, '*'], 'X', [None, '+'], 'X', [None, '-'], [None, '-'], 'X', [None, '+'], 'X', [None, '*'], 'X', [None, '/'], 'X', 'X', [None, '+'], 'X', [None, '-'], 'X', [None, '/'], 'X', [Piece(b, -5, isdama=True), '*']]","{""valid_moves"": [{""position"": [41, ""/""], ""piece"": [""red"", 2, true], ""destination"": [[48], [50, 59], [32], [34, 27, 20, 13, 6]]}]}","Piece(r, 2, isdama=True): [(48,), (50, 59), (32,), (34, 27, 20, 13, 6)]"
"[[None, '*'], 'X', [Piece(b, 4, isdama=True), '/'], 'X', [None, '-'], 'X', [None, '+'], 'X', 'X', [None, '/'], 'X', [None, '*'], 'X', [None, '+'], 'X', [None, '-'], [None, '-'], 'X', [None, '+'], 'X', [None, '*'], 'X', [None, '/'], 'X', 'X', [None, '+'], 'X', [None, '-'], 'X', [None, '/'], 'X', [None, '*'], [None, '*'], 'X', [None, '/'], 'X', [None, '-'], 'X', [None, '+'], 'X', 'X', [Piece(r, 2, isdama=True), '/'], 'X', [None, '*'], 'X', [None, '+'], 'X', [None, '-'], [None, '-'], 'X', [None, '+'], 'X', [None, '*'], 'X', [None, '/'], 'X', 'X', [None, '+'], 'X', [None, '-'], 'X', [None, '/'], 'X', [Piece(b, -5, isdama=True), '*']]","{""valid_moves"": [{""position"": [41, ""/""], ""piece"": [""red"", 2, true], ""destination"": [[48], [50, 59], [32], [34, 27, 20, 13, 6]]}]}","Piece(r, 2, isdama=True): [(48,), (50, 59), (32,), (34, 27, 20, 13, 6)]"
"[[None, '*'], 'X', [Piece(b, 4, isdama=True), '/'], 'X', [None, '-'], 'X', [None, '+'], 'X', 'X', [None, '/'], 'X', [None, '*'], 'X', [None, '+'], 'X', [None, '-'], [None, '-'], 'X', [None, '+'], 'X', [None, '*'], 'X', [None, '/'], 'X', 'X', [None, '+'], 'X', [None, '-'], 'X', [None, '/'], 'X', [None, '*'], [None, '*'], 'X', [None, '/'], 'X', [None, '-'], 'X', [None, '+'], 'X', 'X', [Piece(r, 2, isdama=True), '/'], 'X', [None, '*'], 'X', [None, '+'], 'X', [None, '-'], [None, '-'], 'X', [None, '+'], 'X', [None, '*'], 'X', [None, '/'], 'X', 'X', [None, '+'], 'X', [None, '-'], 'X', [None, '/'], 'X', [Piece(b, -5, isdama=True), '*']]","{""valid_moves"": [{""position"": [41, ""/""], ""piece"": [""red"", 2, true], ""destination"": [[48], [50, 59], [32], [34, 27, 20, 13, 6]]}]}","Piece(r, 2, isdama=True): [(48,), (50, 59), (32,), (34, 27, 20, 13, 6)]"
"[[None, '*'], 'X', [Piece(b, 4, isdama=True), '/'], 'X', [None, '-'], 'X', [None, '+'], 'X', 'X', [None, '/'], 'X', [None, '*'], 'X', [None, '+'], 'X', [None, '-'], [None, '-'], 'X', [None, '+'], 'X', [None, '*'], 'X', [None, '/'], 'X', 'X', [None, '+'], 'X', [None, '-'], 'X', [None, '/'], 'X', [None, '*'], [None, '*'], 'X', [None, '/'], 'X', [None, '-'], 'X', [None, '+'], 'X', 'X', [Piece(r, 2, isdama=True), '/'], 'X', [None, '*'], 'X', [None, '+'], 'X', [None, '-'], [None, '-'], 'X', [None, '+'], 'X', [None, '*'], 'X', [None, '/'], 'X', 'X', [None, '+'], 'X', [None, '-'], 'X', [None, '/'], 'X', [Piece(b, -5, isdama=True), '*']]","{""valid_moves"": [{""position"": [41, ""/""], ""piece"": [""red"", 2, true], ""destination"": [[48], [50, 59], [32], [34, 27, 20, 13, 6]]}]}","Piece(r, 2, isdama=True): [(48,), (50, 59), (32,), (34, 27, 20, 13, 6)]"
"[[None, '*'], 'X', [Piece(b, 4, isdama=True), '/'], 'X', [None, '-'], 'X', [None, '+'], 'X', 'X', [None, '/'], 'X', [None, '*'], 'X', [None, '+'], 'X', [None, '-'], [None, '-'], 'X', [None, '+'], 'X', [None, '*'], 'X', [None, '/'], 'X', 'X', [None, '+'], 'X', [None, '-'], 'X', [None, '/'], 'X', [None, '*'], [None, '*'], 'X', [None, '/'], 'X', [None, '-'], 'X', [None, '+'], 'X', 'X', [Piece(r, 2, isdama=True), '/'], 'X', [None, '*'], 'X', [None, '+'], 'X', [None, '-'], [None, '-'], 'X', [None, '+'], 'X', [None, '*'], 'X', [None, '/'], 'X', 'X', [None, '+'], 'X', [None, '-'], 'X', [None, '/'], 'X', [Piece(b, -5, isdama=True), '*']]","{""valid_moves"": [{""position"": [41, ""/""], ""piece"": [""red"", 2, true], ""destination"": [[48], [50, 59], [32], [34, 27, 20, 13, 6]]}]}","Piece(r, 2, isdama=True): [(48,), (50, 59), (32,), (34, 27, 20, 13, 6)]"
"[[None, '*'], 'X', [Piece(b, 4, isdama=True), '/'], 'X', [None, '-'], 'X', [None, '+'], 'X', 'X', [None, '/'], 'X', [None, '*'], 'X', [None, '+'], 'X', [None, '-'], [None, '-'], 'X', [None, '+'], 'X', [None, '*'], 'X', [None, '/'], 'X', 'X', [None, '+'], 'X', [None, '-'], 'X', [None, '/'], 'X', [None, '*'], [None, '*'], 'X', [None, '/'], 'X', [None, '-'], 'X', [None, '+'], 'X', 'X', [Piece(r, 2, isdama=True), '/'], 'X', [None, '*'], 'X', [None, '+'], 'X', [None, '-'], [None, '-'], 'X', [None, '+'], 'X', [None, '*'], 'X', [None, '/'], 'X', 'X', [None, '+'], 'X', [None, '-'], 'X', [None, '/'], 'X', [Piece(b, -5, isdama=True), '*']]","{""valid_moves"": [{""position"": [41, ""/""], ""piece"": [""red"", 2, true], ""destination"": [[48], [50, 59], [32], [34, 27, 20, 13, 6]]}]}","Piece(r, 2, isdama=True): [(48,), (50, 59), (32,), (34, 27, 20, 13, 6)]"
"[[None, '*'], 'X', [Piece(b, 4, isdama=True), '/'], 'X', [None, '-'], 'X', [None, '+'], 'X', 'X', [None, '/'], 'X', [None, '*'], 'X', [None, '+'], 'X', [None, '-'], [None, '-'], 'X', [None, '+'], 'X', [None, '*'], 'X', [None, '/'], 'X', 'X', [None, '+'], 'X', [None, '-'], 'X', [None, '/'], 'X', [None, '*'], [None, '*'], 'X', [None, '/'], 'X', [None, '-'], 'X', [None, '+'], 'X', 'X', [Piece(r, 2, isdama=True), '/'], 'X', [None, '*'], 'X', [None, '+'], 'X', [None, '-'], [None, '-'], 'X', [None, '+'], 'X', [None, '*'], 'X', [None, '/'], 'X', 'X', [None, '+'], 'X', [None, '-'], 'X', [None, '/'], 'X', [Piece(b, -5, isdama=True), '*']]","{""valid_moves"": [{""position"": [41, ""/""], ""piece"": [""red"", 2, true], ""destination"": [[48], [50, 59], [32], [34, 27, 20, 13, 6]]}]}","Piece(r, 2, isdama=True): [(48,), (50, 59), (32,), (34, 27, 20, 13, 6)]"
"[[None, '*'], 'X', [Piece(b, 4, isdama=True), '/'], 'X', [None, '-'], 'X', [None, '+'], 'X', 'X', [Piece(b, -5, isdama=True), '/'], 'X', [None, '*'], 'X', [None, '+'], 'X', [None, '-'], [None, '-'], 'X', [None, '+'], 'X', [None, '*'], 'X', [None, '/'], 'X', 'X', [None, '+'], 'X', [None, '-'], 'X', [None, '/'], 'X', [None, '*'], [None, '*'], 'X', [None, '/'], 'X', [None, '-'], 'X', [None, '+'], 'X', 'X', [None, '/'], 'X', [None, '*'], 'X', [None, '+'], 'X', [None, '-'], [None, '-'], 'X', [Piece(r, 2, isdama=True), '+'], 'X', [None, '*'], 'X', [None, '/'], 'X', 'X', [None, '+'], 'X', [None, '-'], 'X', [None, '/'], 'X', [None, '*']]","{""valid_moves"": [{""position"": [50, ""+""], ""piece"": [""red"", 2, true], ""destination"": [[57], [59], [41, 32], [43, 36, 29, 22, 15]]}]}","Piece(r, 2, isdama=True): [(57,), (59,), (41, 32), (43, 36, 29, 22, 15)]"
"[[None, '*'], 'X', [Piece(b, 4, isdama=True), '/'], 'X', [None, '-'], 'X', [None, '+'], 'X', 'X', [Piece(b, -5, isdama=True), '/'], 'X', [None, '*'], 'X', [None, '+'], 'X', [None, '-'], [None, '-'], 'X', [None, '+'], 'X', [None, '*'], 'X', [None, '/'], 'X', 'X', [None, '+'], 'X', [None, '-'], 'X', [None, '/'], 'X', [None, '*'], [None, '*'], 'X', [None, '/'], 'X', [None, '-'], 'X', [None, '+'], 'X', 'X', [None, '/'], 'X', [None, '*'], 'X', [None, '+'], 'X', [None, '-'], [None, '-'], 'X', [Piece(r, 2, isdama=True), '+'], 'X', [None, '*'], 'X', [None, '/'], 'X', 'X', [None, '+'], 'X', [None, '-'], 'X', [None, '/'], 'X', [None, '*']]","{""valid_moves"": [{""position"": [50, ""+""], ""piece"": [""red"", 2, true], ""destination"": [[57], [59], [41, 32], [43, 36, 29, 22, 15]]}]}","Piece(r, 2, isdama=True): [(57,), (59,), (41, 32), (43, 36, 29, 22, 15)]"
"[[None, '*'], 'X', [Piece(b, 4, isdama=True), '/'], 'X', [None, '-'], 'X', [None, '+'], 'X', 'X', [Piece(b, -5, isdama=True), '/'], 'X', [None, '*'], 'X', [None, '+'], 'X', [None, '-'], [None, '-'], 'X', [None, '+'], 'X', [None, '*'], 'X', [None, '/'], 'X', 'X', [None, '+'], 'X', [None, '-'], 'X', [None, '/'], 'X', [None, '*'], [None, '*'], 'X', [None, '/'], 'X', [None, '-'], 'X', [None, '+'], 'X', 'X', [None, '/'], 'X', [None, '*'], 'X', [None, '+'], 'X', [None, '-'], [None, '-'], 'X', [Piece(r, 2, isdama=True), '+'], 'X', [None, '*'], 'X', [None, '/'], 'X', 'X', [None, '+'], 'X', [None, '-'], 'X', [None, '/'], 'X', [None, '*']]","{""valid_moves"": [{""position"": [50, ""+""], ""piece"": [""red"", 2, true], ""destination"": [[57], [59], [41, 32], [43, 36, 29, 22, 15]]}]}","Piece(r, 2, isdama=True): [(57,), (59,), (41, 32), (43, 36, 29, 22, 15)]"
"[[None, '*'], 'X', [Piece(b, 4, isdama=True), '/'], 'X', [None, '-'], 'X', [None, '+'], 'X', 'X', [Piece(b, -5, isdama=True), '/'], 'X', [None, '*'], 'X', [None, '+'], 'X', [None, '-'], [None, '-'], 'X', [None, '+'], 'X', [None, '*'], 'X', [None, '/'], 'X', 'X', [None, '+'], 'X', [None, '-'], 'X', [None, '/'], 'X', [None, '*'], [None, '*'], 'X', [None, '/'], 'X', [None, '-'], 'X', [None, '+'], 'X', 'X', [None, '/'], 'X', [None, '*'], 'X', [None, '+'], 'X', [None, '-'], [None, '-'], 'X', [Piece(r, 2, isdama=True), '+'], 'X', [None, '*'], 'X', [None, '/'], 'X', 'X', [None, '+'], 'X', [None, '-'], 'X', [None, '/'], 'X', [None, '*']]","{""valid_moves"": [{""position"": [50, ""+""], ""piece"": [""red"", 2, true], ""destination"": [[57], [59], [41, 32], [43, 36, 29, 22, 15]]}]}","Piece(r, 2, isdama=True): [(57,), (59,), (41, 32), (43, 36, 29, 22, 15)]"
"[[None, '*'], 'X', [Piece(b, 4, isdama=True), '/'], 'X', [None, '-'], 'X', [None, '+'], 'X', 'X', [Piece(b, -5, isdama=True), '/'], 'X', [None, '*'], 'X', [None, '+'], 'X', [None, '-'], [None, '-'], 'X', [None, '+'], 'X', [None, '*'], 'X', [None, '/'], 'X', 'X', [None, '+'], 'X', [None, '-'], 'X', [None, '/'], 'X', [None, '*'], [None, '*'], 'X', [None, '/'], 'X', [None, '-'], 'X', [None, '+'], 'X', 'X', [None, '/'], 'X', [None, '*'], 'X', [None, '+'], 'X', [None, '-'], [None, '-'], 'X', [Piece(r, 2, isdama=True), '+'], 'X', [None, '*'], 'X', [None, '/'], 'X', 'X', [None, '+'], 'X', [None, '-'], 'X', [None, '/'], 'X', [None, '*']]","{""valid_moves"": [{""position"": [50, ""+""], ""piece"": [""red"", 2, true], ""destination"": [[57], [59], [41, 32], [43, 36, 29, 22, 15]]}]}","Piece(r, 2, isdama=True): [(57,), (59,), (41, 32), (43, 36, 29, 22, 15)]"
"[[None, '*'], 'X', [Piece(b, 4, isdama=True), '/'], 'X', [None, '-'], 'X', [None, '+'], 'X', 'X', [Piece(b, -5, isdama=True), '/'], 'X', [None, '*'], 'X', [None, '+'], 'X', [None, '-'], [None, '-'], 'X', [None, '+'], 'X', [None, '*'], 'X', [None, '/'], 'X', 'X', [None, '+'], 'X', [None, '-'], 'X', [None, '/'], 'X', [None, '*'], [None, '*'], 'X', [None, '/'], 'X', [None, '-'], 'X', [None, '+'], 'X', 'X', [None, '/'], 'X', [None, '*'], 'X', [None, '+'], 'X', [None, '-'], [None, '-'], 'X', [Piece(r, 2, isdama=True), '+'], 'X', [None, '*'], 'X', [None, '/'], 'X', 'X', [None, '+'], 'X', [None, '-'], 'X', [None, '/'], 'X', [None, '*']]","{""valid_moves"": [{""position"": [50, ""+""], ""piece"": [""red"", 2, true], ""destination"": [[57], [59], [41, 32], [43, 36, 29, 22, 15]]}]}","Piece(r, 2, isdama=True): [(57,), (59,), (41, 32), (43, 36, 29, 22, 15)]"
"[[None, '*'], 'X', [Piece(b, 4, isdama=True), '/'], 'X', [None, '-'], 'X', [None, '+'], 'X', 'X', [Piece(b, -5, isdama=True), '/'], 'X', [None, '*'], 'X', [None, '+'], 'X', [None, '-'], [None, '-'], 'X', [None, '+'], 'X', [None, '*'], 'X', [None, '/'], 'X', 'X', [None, '+'], 'X', [None, '-'], 'X', [None, '/'], 'X', [None, '*'], [None, '*'], 'X', [None, '/'], 'X', [None, '-'], 'X', [None, '+'], 'X', 'X', [None, '/'], 'X', [None, '*'], 'X', [None, '+'], 'X', [None, '-'], [None, '-'], 'X', [Piece(r, 2, isdama=True), '+'], 'X', [None, '*'], 'X', [None, '/'], 'X', 'X', [None, '+'], 'X', [None, '-'], 'X', [None, '/'], 'X', [None, '*']]","{""valid_moves"": [{""position"": [50, ""+""], ""piece"": [""red"", 2, true], ""destination"": [[57], [59], [41, 32], [43, 36, 29, 22, 15]]}]}","Piece(r, 2, isdama=True): [(57,), (59,), (41, 32), (43, 36, 29, 22, 15)]"
"[[None, '*'], 'X', [Piece(b, 4, isdama=True), '/'], 'X', [None, '-'], 'X', [None, '+'], 'X', 'X', [Piece(b, -5, isdama=True), '/'], 'X', [None, '*'], 'X', [None, '+'], 'X', [None, '-'], [None, '-'], 'X', [None, '+'], 'X', [None, '*'], 'X', [None, '/'], 'X', 'X', [None, '+'], 'X', [None, '-'], 'X', [None, '/'], 'X', [None, '*'], [None, '*'], 'X', [None, '/'], 'X', [None, '-'], 'X', [None, '+'], 'X', 'X', [None, '/'], 'X', [None, '*'], 'X', [None, '+'], 'X', [None, '-'], [None, '-'], 'X', [Piece(r, 2, isdama=True), '+'], 'X', [None, '*'], 'X', [None, '/'], 'X', 'X', [None, '+'], 'X', [None, '-'], 'X', [None, '/'], 'X', [None, '*']]","{""valid_moves"": [{""position"": [50, ""+""], ""piece"": [""red"", 2, true], ""destination"": [[57], [59], [41, 32], [43, 36, 29, 22, 15]]}]}","Piece(r, 2, isdama=True): [(57,), (59,), (41, 32), (43, 36, 29, 22, 15)]"
"[[None, '*'], 'X', [Piece(b, 4, isdama=True), '/'], 'X', [None, '-'], 'X', [None, '+'], 'X', 'X', [Piece(b, -5, isdama=True), '/'], 'X', [None, '*'], 'X', [None, '+'], 'X', [None, '-'], [None, '-'], 'X', [None, '+'], 'X', [None, '*'], 'X', [None, '/'], 'X', 'X', [None, '+'], 'X', [None, '-'], 'X', [None, '/'], 'X', [None, '*'], [None, '*'], 'X', [None, '/'], 'X', [None, '-'], 'X', [None, '+'], 'X', 'X', [None, '/'], 'X', [None, '*'], 'X', [None, '+'], 'X', [None, '-'], [None, '-'], 'X', [Piece(r, 2, isdama=True), '+'], 'X', [None, '*'], 'X', [None, '/'], 'X', 'X', [None, '+'], 'X', [None, '-'], 'X', [None, '/'], 'X', [None, '*']]","{""valid_moves"": [{""position"": [50, ""+""], ""piece"": [""red"", 2, true], ""destination"": [[57], [59], [41, 32], [43, 36, 29, 22, 15]]}]}","Piece(r, 2, isdama=True): [(57,), (59,), (41, 32), (43, 36, 29, 22, 15)]"
"[[None, '*'], 'X', [None, '/'], 'X', [None, '-'], 'X', [None, '+'], 'X', 'X', [Piece(b, -5, isdama=True), '/'], 'X', [None, '*'], 'X', [None, '+'], 'X', [Piece(r, 2, isdama=True), '-'], [None, '-'], 'X', [None, '+'], 'X', [Piece(b, 4, isdama=True), '*'], 'X', [None, '/'], 'X', 'X', [None, '+'], 'X', [None, '-'], 'X', [None, '/'], 'X', [None, '*'], [None, '*'], 'X', [None, '/'], 'X', [None, '-'], 'X', [None, '+'], 'X', 'X', [None, '/'], 'X', [None, '*'], 'X', [None, '+'], 'X', [None, '-'], [None, '-'], 'X', [None, '+'], 'X', [None, '*'], 'X', [None, '/'], 'X', 'X', [None, '+'], 'X', [None, '-'], 'X', [None, '/'], 'X', [None, '*']]","{""valid_moves"": [{""position"": [15, ""-""], ""piece"": [""red"", 2, true], ""destination"": [[22, 29, 36, 43, 50, 57], [], [6], []]}]}","Piece(r, 2, isdama=True): [(22, 29, 36, 43, 50, 57), (), (6,), ()]"
"[[None, '*'], 'X', [None, '/'], 'X', [None, '-'], 'X', [None, '+'], 'X', 'X', [Piece(b, -5, isdama=True), '/'], 'X', [None, '*'], 'X', [None, '+'], 'X', [Piece(r, 2, isdama=True), '-'], [None, '-'], 'X', [None, '+'], 'X', [Piece(b, 4, isdama=True), '*'], 'X', [None, '/'], 'X', 'X', [None, '+'], 'X', [None, '-'], 'X', [None, '/'], 'X', [None, '*'], [None, '*'], 'X', [None, '/'], 'X', [None, '-'], 'X', [None, '+'], 'X', 'X', [None, '/'], 'X', [None, '*'], 'X', [None, '+'], 'X', [None, '-'], [None, '-'], 'X', [None, '+'], 'X', [None, '*'], 'X', [None, '/'], 'X', 'X', [None, '+'], 'X', [None, '-'], 'X', [None, '/'], 'X', [None, '*']]","{""valid_moves"": [{""position"": [15, ""-""], ""piece"": [""red"", 2, true], ""destination"": [[22, 29, 36, 43, 50, 57], [], [6], []]}]}","Piece(r, 2, isdama=True): [(22, 29, 36, 43, 50, 57), (), (6,), ()]"
"[[None, '*'], 'X', [None, '/'], 'X', [None, '-'], 'X', [None, '+'], 'X', 'X', [Piece(b, -5, isdama=True), '/'], 'X', [None, '*'], 'X', [None, '+'], 'X', [Piece(r, 2, isdama=True), '-'], [None, '-'], 'X', [None, '+'], 'X', [Piece(b, 4, isdama=True), '*'], 'X', [None, '/'], 'X', 'X', [None, '+'], 'X', [None, '-'], 'X', [None, '/'], 'X', [None, '*'], [None, '*'], 'X', [None, '/'], 'X', [None, '-'], 'X', [None, '+'], 'X', 'X', [None, '/'], 'X', [None, '*'], 'X', [None, '+'], 'X', [None, '-'], [None, '-'], 'X', [None, '+'], 'X', [None, '*'], 'X', [None, '/'], 'X', 'X', [None, '+'], 'X', [None, '-'], 'X', [None, '/'], 'X', [None, '*']]","{""valid_moves"": [{""position"": [15, ""-""], ""piece"": [""red"", 2, true], ""destination"": [[22, 29, 36, 43, 50, 57], [], [6], []]}]}","Piece(r, 2, isdama=True): [(22, 29, 36, 43, 50, 57), (), (6,), ()]"
"[[None, '*'], 'X', [None, '/'], 'X', [None, '-'], 'X', [None, '+'], 'X', 'X', [Piece(b, -5, isdama=True), '/'], 'X', [None, '*'], 'X', [None, '+'], 'X', [Piece(r, 2, isdama=True), '-'], [None, '-'], 'X', [None, '+'], 'X', [Piece(b, 4, isdama=True), '*'], 'X', [None, '/'], 'X', 'X', [None, '+'], 'X', [None, '-'], 'X', [None, '/'], 'X', [None, '*'], [None, '*'], 'X', [None, '/'], 'X', [None, '-'], 'X', [None, '+'], 'X', 'X', [None, '/'], 'X', [None, '*'], 'X', [None, '+'], 'X', [None, '-'], [None, '-'], 'X', [None, '+'], 'X', [None, '*'], 'X', [None, '/'], 'X', 'X', [None, '+'], 'X', [None, '-'], 'X', [None, '/'], 'X', [None, '*']]","{""valid_moves"": [{""position"": [15, ""-""], ""piece"": [""red"", 2, true], ""destination"": [[22, 29, 36, 43, 50, 57], [], [6], []]}]}","Piece(r, 2, isdama=True): [(22, 29, 36, 43, 50, 57), (), (6,), ()]"
"[[None, '*'], 'X', [None, '/'], 'X', [None, '-'], 'X', [None, '+'], 'X', 'X', [Piece(b, -5, isdama=True), '/'], 'X', [None, '*'], 'X', [None, '+'], 'X', [Piece(r, 2, isdama=True), '-'], [None, '-'], 'X', [None, '+'], 'X', [Piece(b, 4, isdama=True), '*'], 'X', [None, '/'], 'X', 'X', [None, '+'], 'X', [None, '-'], 'X', [None, '/'], 'X', [None, '*'], [None, '*'], 'X', [None, '/'], 'X', [None, '-'], 'X', [None, '+'], 'X', 'X', [None, '/'], 'X', [None, '*'], 'X', [None, '+'], 'X', [None, '-'], [None, '-'], 'X', [None, '+'], 'X', [None, '*'], 'X', [None, '/'], 'X', 'X', [None, '+'], 'X', [None, '-'], 'X', [None, '/'], 'X', [None, '*']]","{""valid_moves"": [{""position"": [15, ""-""], ""piece"": [""red"", 2, true], ""destination"": [[22, 29, 36, 43, 50, 57], [], [6], []]}]}","Piece(r, 2, isdama=True): [(22, 29, 36, 43, 50, 57), (), (6,), ()]"
"[[None, '*'], 'X', [None, '/'], 'X', [None, '-'], 'X', [None, '+'], 'X', 'X', [Piece(b, -5, isdama=True), '/'], 'X', [None, '*'], 'X', [None, '+'], 'X', [Piece(r, 2, isdama=True), '-'], [None, '-'], 'X', [None, '+'], 'X', [Piece(b, 4, isdama=True), '*'], 'X', [None, '/'], 'X', 'X', [None, '+'], 'X', [None, '-'], 'X', [None, '/'], 'X', [None, '*'], [None, '*'], 'X', [None, '/'], 'X', [None, '-'], 'X', [None, '+'], 'X', 'X', [None, '/'], 'X', [None, '*'], 'X', [None, '+'], 'X', [None, '-'], [None, '-'], 'X', [None, '+'], 'X', [None, '*'], 'X', [None, '/'], 'X', 'X', [None, '+'], 'X', [None, '-'], 'X', [None, '/'], 'X', [None, '*']]","{""valid_moves"": [{""position"": [15, ""-""], ""piece"": [""red"", 2, true], ""destination"": [[22, 29, 36, 43, 50, 57], [], [6], []]}]}","Piece(r, 2, isdama=True): [(22, 29, 36, 43, 50, 57), (), (6,), ()]"
"[[None, '*'], 'X', [None, '/'], 'X', [None, '-'], 'X', [None, '+'], 'X', 'X', [Piece(b, -5, isdama=True), '/'], 'X', [None, '*'], 'X', [None, '+'], 'X', [Piece(r, 2, isdama=True), '-'], [None, '-'], 'X', [None, '+'], 'X', [Piece(b, 4, isdama=True), '*'], 'X', [None, '/'], 'X', 'X', [None, '+'], 'X', [None, '-'], 'X', [None, '/'], 'X', [None, '*'], [None, '*'], 'X', [None, '/'], 'X', [None, '-'], 'X', [None, '+'], 'X', 'X', [None, '/'], 'X', [None, '*'], 'X', [None, '+'], 'X', [None, '-'], [None, '-'], 'X', [None, '+'], 'X', [None, '*'], 'X', [None, '/'], 'X', 'X', [None, '+'], 'X', [None, '-'], 'X', [None, '/'], 'X', [None, '*']]","{""valid_moves"": [{""position"": [15, ""-""], ""piece"": [""red"", 2, true], ""destination"": [[22, 29, 36, 43, 50, 57], [], [6], []]}]}","Piece(r, 2, isdama=True): [(22, 29, 36, 43, 50, 57), (), (6,), ()]"
"[[None, '*'], 'X', [None, '/'], 'X', [None, '-'], 'X', [None, '+'], 'X', 'X', [Piece(b, -5, isdama=True), '/'], 'X', [None, '*'], 'X', [Piece(b, 4, isdama=True), '+'], 'X', [None, '-'], [None, '-'], 'X', [None, '+'], 'X', [None, '*'], 'X', [None, '/'], 'X', 'X', [None, '+'], 'X', [None, '-'], 'X', [None, '/'], 'X', [None, '*'], [None, '*'], 'X', [None, '/'], 'X', [None, '-'], 'X', [None, '+'], 'X', 'X', [None, '/'], 'X', [None, '*'], 'X', [None, '+'], 'X', [None, '-'], [None, '-'], 'X', [Piece(r, 2, isdama=True), '+'], 'X', [None, '*'], 'X', [None, '/'], 'X', 'X', [None, '+'], 'X', [None, '-'], 'X', [None, '/'], 'X', [None, '*']]","{""valid_moves"": [{""position"": [50, ""+""], ""piece"": [""red"", 2, true], ""destination"": [[57], [59], [41, 32], [43, 36, 29, 22, 15]]}]}","Piece(r, 2, isdama=True): [(57,), (59,), (41, 32), (43, 36, 29, 22, 15)]"
"[[None, '*'], 'X', [None, '/'], 'X', [None, '-'], 'X', [None, '+'], 'X', 'X', [Piece(b, -5, isdama=True), '/'], 'X', [None, '*'], 'X', [Piece(b, 4, isdama=True), '+'], 'X', [None, '-'], [None, '-'], 'X', [None, '+'], 'X', [None, '*'], 'X', [None, '/'], 'X', 'X', [None, '+'], 'X', [None, '-'], 'X', [None, '/'], 'X', [None, '*'], [None, '*'], 'X', [None, '/'], 'X', [None, '-'], 'X', [None, '+'], 'X', 'X', [None, '/'], 'X', [None, '*'], 'X', [None, '+'], 'X', [None, '-'], [None, '-'], 'X', [Piece(r, 2, isdama=True), '+'], 'X', [None, '*'], 'X', [None, '/'], 'X', 'X', [None, '+'], 'X', [None, '-'], 'X', [None, '/'], 'X', [None, '*']]","{""valid_moves"": [{""position"": [50, ""+""], ""piece"": [""red"", 2, true], ""destination"": [[57], [59], [41, 32], [43, 36, 29, 22, 15]]}]}","Piece(r, 2, isdama=True): [(57,), (59,), (41, 32), (43, 36, 29, 22, 15)]"
"[[None, '*'], 'X', [None, '/'], 'X', [None, '-'], 'X', [None, '+'], 'X', 'X', [Piece(b, -5, isdama=True), '/'], 'X', [None, '*'], 'X', [Piece(b, 4, isdama=True), '+'], 'X', [None, '-'], [None, '-'], 'X', [None, '+'], 'X', [None, '*'], 'X', [None, '/'], 'X', 'X', [None, '+'], 'X', [None, '-'], 'X', [None, '/'], 'X', [None, '*'], [None, '*'], 'X', [None, '/'], 'X', [None, '-'], 'X', [None, '+'], 'X', 'X', [None, '/'], 'X', [None, '*'], 'X', [None, '+'], 'X', [None, '-'], [None, '-'], 'X', [Piece(r, 2, isdama=True), '+'], 'X', [None, '*'], 'X', [None, '/'], 'X', 'X', [None, '+'], 'X', [None, '-'], 'X', [None, '/'], 'X', [None, '*']]","{""valid_moves"": [{""position"": [50, ""+""], ""piece"": [""red"", 2, true], ""destination"": [[57], [59], [41, 32], [43, 36, 29, 22, 15]]}]}","Piece(r, 2, isdama=True): [(57,), (59,), (41, 32), (43, 36, 29, 22, 15)]"
"[[None, '*'], 'X', [None, '/'], 'X', [None, '-'], 'X', [None, '+'], 'X', 'X', [Piece(b, -5, isdama=True), '/'], 'X', [None, '*'], 'X', [Piece(b, 4, isdama=True), '+'], 'X', [None, '-'], [None, '-'], 'X', [None, '+'], 'X', [None, '*'], 'X', [None, '/'], 'X', 'X', [None, '+'], 'X', [None, '-'], 'X', [None, '/'], 'X', [None, '*'], [None, '*'], 'X', [None, '/'], 'X', [None, '-'], 'X', [None, '+'], 'X', 'X', [None, '/'], 'X', [None, '*'], 'X', [None, '+'], 'X', [None, '-'], [None, '-'], 'X', [Piece(r, 2, isdama=True), '+'], 'X', [None, '*'], 'X', [None, '/'], 'X', 'X', [None, '+'], 'X', [None, '-'], 'X', [None, '/'], 'X', [None, '*']]","{""valid_moves"": [{""position"": [50, ""+""], ""piece"": [""red"", 2, true], ""destination"": [[57], [59], [41, 32], [43, 36, 29, 22, 15]]}]}","Piece(r, 2, isdama=True): [(57,), (59,), (41, 32), (43, 36, 29, 22, 15)]"
"[[None, '*'], 'X', [None, '/'], 'X', [None, '-'], 'X', [None, '+'], 'X', 'X', [Piece(b, -5, isdama=True), '/'], 'X', [None, '*'], 'X', [Piece(b, 4, isdama=True), '+'], 'X', [None, '-'], [None, '-'], 'X', [None, '+'], 'X', [None, '*'], 'X', [None, '/'], 'X', 'X', [None, '+'], 'X', [None, '-'], 'X', [None, '/'], 'X', [None, '*'], [None, '*'], 'X', [None, '/'], 'X', [None, '-'], 'X', [None, '+'], 'X', 'X', [None, '/'], 'X', [None, '*'], 'X', [None, '+'], 'X', [None, '-'], [None, '-'], 'X', [Piece(r, 2, isdama=True), '+'], 'X', [None, '*'], 'X', [None, '/'], 'X', 'X', [None, '+'], 'X', [None, '-'], 'X', [None, '/'], 'X', [None, '*']]","{""valid_moves"": [{""position"": [50, ""+""], ""piece"": [""red"", 2, true], ""destination"": [[57], [59], [41, 32], [43, 36, 29, 22, 15]]}]}","Piece(r, 2, isdama=True): [(57,), (59,), (41, 32), (43, 36, 29, 22, 15)]"
"[[None, '*'], 'X', [None, '/'], 'X', [None, '-'], 'X', [None, '+'], 'X', 'X', [Piece(b, -5, isdama=True), '/'], 'X', [None, '*'], 'X', [Piece(b, 4, isdama=True), '+'], 'X', [None, '-'], [None, '-'], 'X', [None, '+'], 'X', [None, '*'], 'X', [None, '/'], 'X', 'X', [None, '+'], 'X', [None, '-'], 'X', [None, '/'], 'X', [None, '*'], [None, '*'], 'X', [None, '/'], 'X', [None, '-'], 'X', [None, '+'], 'X', 'X', [None, '/'], 'X', [None, '*'], 'X', [None, '+'], 'X', [None, '-'], [None, '-'], 'X', [Piece(r, 2, isdama=True), '+'], 'X', [None, '*'], 'X', [None, '/'], 'X', 'X', [None, '+'], 'X', [None, '-'], 'X', [None, '/'], 'X', [None, '*']]","{""valid_moves"": [{""position"": [50, ""+""], ""piece"": [""red"", 2, true], ""destination"": [[57], [59], [41, 32], [43, 36, 29, 22, 15]]}]}","Piece(r, 2, isdama=True): [(57,), (59,), (41, 32), (43, 36, 29, 22, 15)]"
"[[None, '*'], 'X', [None, '/'], 'X', [None, '-'], 'X', [None, '+'], 'X', 'X', [Piece(b, -5, isdama=True), '/'], 'X', [None, '*'], 'X', [Piece(b, 4, isdama=True), '+'], 'X', [None, '-'], [None, '-'], 'X', [None, '+'], 'X', [None, '*'], 'X', [None, '/'], 'X', 'X', [None, '+'], 'X', [None, '-'], 'X', [None, '/'], 'X', [None, '*'], [None, '*'], 'X', [None, '/'], 'X', [None, '-'], 'X', [None, '+'], 'X', 'X', [None, '/'], 'X', [None, '*'], 'X', [None, '+'], 'X', [None, '-'], [None, '-'], 'X', [Piece(r, 2, isdama=True), '+'], 'X', [None, '*'], 'X', [None, '/'], 'X', 'X', [None, '+'], 'X', [None, '-'], 'X', [None, '/'], 'X', [None, '*']]","{""valid_moves"": [{""position"": [50, ""+""], ""piece"": [""red"", 2, true], ""destination"": [[57], [59], [41, 32], [43, 36, 29, 22, 15]]}]}","Piece(r, 2, isdama=True): [(57,), (59,), (41, 32), (43, 36, 29, 22, 15)]"
"[[None, '*'], 'X', [None, '/'], 'X', [None, '-'], 'X', [None, '+'], 'X', 'X', [Piece(b, -5, isdama=True), '/'], 'X', [None, '*'], 'X', [Piece(b, 4, isdama=True), '+'], 'X', [None, '-'], [None, '-'], 'X', [None, '+'], 'X', [None, '*'], 'X', [None, '/'], 'X', 'X', [None, '+'], 'X', [None, '-'], 'X', [None, '/'], 'X', [None, '*'], [None, '*'], 'X', [None, '/'], 'X', [None, '-'], 'X', [None, '+'], 'X', 'X', [None, '/'], 'X', [None, '*'], 'X', [None, '+'], 'X', [None, '-'], [None, '-'], 'X', [Piece(r, 2, isdama=True), '+'], 'X', [None, '*'], 'X', [None, '/'], 'X', 'X', [None, '+'], 'X', [None, '-'], 'X', [None, '/'], 'X', [None, '*']]","{""valid_moves"": [{""position"": [50, ""+""], ""piece"": [""red"", 2, true], ""destination"": [[57], [59], [41, 32], [43, 36, 29, 22, 15]]}]}","Piece(r, 2, isdama=True): [(57,), (59,), (41, 32), (43, 36, 29, 22, 15)]"
"[[None, '*'], 'X', [None, '/'], 'X', [None, '-'], 'X', [None, '+'], 'X', 'X', [Piece(b, -5, isdama=True), '/'], 'X', [None, '*'], 'X', [Piece(b, 4, isdama=True), '+'], 'X', [None, '-'], [None, '-'], 'X', [None, '+'], 'X', [None, '*'], 'X', [None, '/'], 'X', 'X', [None, '+'], 'X', [None, '-'], 'X', [None, '/'], 'X', [None, '*'], [None, '*'], 'X', [None, '/'], 'X', [None, '-'], 'X', [None, '+'], 'X', 'X', [None, '/'], 'X', [None, '*'], 'X', [None, '+'], 'X', [None, '-'], [None, '-'], 'X', [Piece(r, 2, isdama=True), '+'], 'X', [None, '*'], 'X', [None, '/'], 'X', 'X', [None, '+'], 'X', [None, '-'], 'X', [None, '/'], 'X', [None, '*']]","{""valid_moves"": [{""position"": [50, ""+""], ""piece"": [""red"", 2, true], ""destination"": [[57], [59], [41, 32], [43, 36, 29, 22, 15]]}]}","Piece(r, 2, isdama=True): [(57,), (59,), (41, 32), (43, 36, 29, 22, 15)]"
"[[Piece(r, 2, isdama=False), '*'], 'X', [Piece(r, -5, isdama=False), '/'], 'X', [Piece(r, 8, isdama=False), '-'], 'X', [Piece(r, -11, isdama=False), '+'], 'X', 'X', [Piece(r, -7, isdama=False), '/'], 'X', [Piece(r, 10, isdama=False), '*'], 'X', [Piece(r, -3, isdama=False), '+'], 'X', [Piece(r, 0, isdama=False), '-'], [Piece(r, 4, isdama=False), '-'], 'X', [Piece(r, -1, isdama=False), '+'], 'X', [Piece(r, 6, isdama=False), '*'], 'X', [Piece(r, -9, isdama=False), '/'], 'X', 'X', [None, '+'], 'X', [None, '-'], 'X', [None, '/'], 'X', [None, '*'], [None, '*'], 'X', [None, '/'], 'X', [None, '-'], 'X', [None, '+'], 'X', 'X', [Piece(b, -9, isdama=False), '/'], 'X', [Piece(b, 6, isdama=False), '*'], 'X', [Piece(b, -1, isdama=False), '+'], 'X', [Piece(b, 4, isdama=False), '-'], [Piece(b, 0, isdama=False), '-'], 'X', [Piece(b, -3, isdama=False), '+'], 'X', [Piece(b, 10, isdama=False), '*'], 'X', [Piece(b, -7, isdama=False), '/'], 'X', 'X', [Piece(b, -11, isdama=False), '+'], 'X', [Piece(b, 8, isdama=False), '-'], 'X', [Piece(b, -5, isdama=False), '/'], 'X', [Piece(b, 2, isdama=False), '*']]","{""valid_moves"": [{""position"": [16, ""-""], ""piece"": [""red"", 4, false], ""destination"": [25]}, {""position"": [18, ""+""], ""piece"": [""red"", -1, false], ""destination"": [25, 27]}, {""position"": [20, ""*""], ""piece"": [""red"", 6, false], ""destination"": [27, 29]}, {""position"": [22, ""/""], ""piece"": [""red"", -9, false], ""destination"": [29, 31]}]}","Piece(r, 4, isdama=False): [25]
Piece(r, -1, isdama=False): [25, 27]
Piece(r, 6, isdama=False): [27, 29]
Piece(r, -9, isdama=False): [29, 31]"
"[[Piece(r, 2, isdama=False), '*'], 'X', [Piece(r, -5, isdama=False), '/'], 'X', [Piece(r, 8, isdama=False), '-'], 'X', [Piece(r, -11, isdama=False), '+'], 'X', 'X', [Piece(r, -7, isdama=False), '/'], 'X', [Piece(r, 10, isdama=False), '*'], 'X', [Piece(r, -3, isdama=False), '+'], 'X', [Piece(r, 0, isdama=False), '-'], [Piece(r, 4, isdama=False), '-'], 'X', [Piece(r, -1, isdama=False), '+'], 'X', [Piece(r, 6, isdama=False), '*'], 'X', [Piece(r, -9, isdama=False), '/'], 'X', 'X', [None, '+'], 'X', [None, '-'], 'X', [None, '/'], 'X', [None, '*'], [None, '*'], 'X', [None, '/'], 'X', [None, '-'], 'X', [None, '+'], 'X', 'X', [Piece(b, -9, isdama=False), '/'], 'X', [Piece(b, 6, isdama=False), '*'], 'X', [Piece(b, -1, isdama=False), '+'], 'X', [Piece(b, 4, isdama=False), '-'], [Piece(b, 0, isdama=False), '-'], 'X', [Piece(b, -3, isdama=False), '+'], 'X', [Piece(b, 10, isdama=False), '*'], 'X', [Piece(b, -7, isdama=False), '/'], 'X', 'X', [Piece(b, -11, isdama=False), '+'], 'X', [Piece(b, 8, isdama=False), '-'], 'X', [Piece(b, -5, isdama=False), '/'], 'X', [Piece(b, 2, isdama=False), '*']]","{""valid_moves"": [{""position"": [16, ""-""], ""piece"": [""red"", 4, false], ""destination"": [25]}, {""position"": [18, ""+""], ""piece"": [""red"", -1, false], ""destination"": [25, 27]}, {""position"": [20, ""*""], ""piece"": [""red"", 6, false], ""destination"": [27, 29]}, {""position"": [22, ""/""], ""piece"": [""red"", -9, false], ""destination"": [29, 31]}]}","Piece(r, 4, isdama=False): [25]
Piece(r, -1, isdama=False): [25, 27]
Piece(r, 6, isdama=False): [27, 29]
Piece(r, -9, isdama=False): [29, 31]"
"[[Piece(r, 2, isdama=False), '*'], 'X', [Piece(r, -5, isdama=False), '/'], 'X', [Piece(r, 8, isdama=False), '-'], 'X', [Piece(r, -11, isdama=False), '+'], 'X', 'X', [Piece(r, -7, isdama=False), '/'], 'X', [Piece(r, 10, isdama=False), '*'], 'X', [Piece(r, -3, isdama=False), '+'], 'X', [Piece(r, 0, isdama=False), '-'], [Piece(r, 4, isdama=False), '-'], 'X', [Piece(r, -1, isdama=False), '+'], 'X', [Piece(r, 6, isdama=False), '*'], 'X', [Piece(r, -9, isdama=False), '/'], 'X', 'X', [None, '+'], 'X', [None, '-'], 'X', [None, '/'], 'X', [None, '*'], [None, '*'], 'X', [None, '/'], 'X', [None, '-'], 'X', [None, '+'], 'X', 'X', [Piece(b, -9, isdama=False), '/'], 'X', [Piece(b, 6, isdama=False), '*'], 'X', [Piece(b, -1, isdama=False), '+'], 'X', [Piece(b, 4, isdama=False), '-'], [Piece(b, 0, isdama=False), '-'], 'X', [Piece(b, -3, isdama=False), '+'], 'X', [Piece(b, 10, isdama=False), '*'], 'X', [Piece(b, -7, isdama=False), '/'], 'X', 'X', [Piece(b, -11, isdama=False), '+'], 'X', [Piece(b, 8, isdama=False), '-'], 'X', [Piece(b, -5, isdama=False), '/'], 'X', [Piece(b, 2, isdama=False), '*']]","{""valid_moves"": [{""position"": [16, ""-""], ""piece"": [""red"", 4, false], ""destination"": [25]}, {""position"": [18, ""+""], ""piece"": [""red"", -1, false], ""destination"": [25, 27]}, {""position"": [20, ""*""], ""piece"": [""red"", 6, false], ""destination"": [27, 29]}, {""position"": [22, ""/""], ""piece"": [""red"", -9, false], ""destination"": [29, 31]}]}","Piece(r, 4, isdama=False): [25]
Piece(r, -1, isdama=False): [25, 27]
Piece(r, 6, isdama=False): [27, 29]
Piece(r, -9, isdama=False): [29, 31]"
"[[Piece(r, 2, isdama=False), '*'], 'X', [Piece(r, -5, isdama=False), '/'], 'X', [Piece(r, 8, isdama=False), '-'], 'X', [Piece(r, -11, isdama=False), '+'], 'X', 'X', [Piece(r, -7, isdama=False), '/'], 'X', [Piece(r, 10, isdama=False), '*'], 'X', [Piece(r, -3, isdama=False), '+'], 'X', [Piece(r, 0, isdama=False), '-'], [Piece(r, 4, isdama=False), '-'], 'X', [Piece(r, -1, isdama=False), '+'], 'X', [Piece(r, 6, isdama=False), '*'], 'X', [Piece(r, -9, isdama=False), '/'], 'X', 'X', [None, '+'], 'X', [None, '-'], 'X', [None, '/'], 'X', [None, '*'], [None, '*'], 'X', [None, '/'], 'X', [None, '-'], 'X', [None, '+'], 'X', 'X', [Piece(b, -9, isdama=False), '/'], 'X', [Piece(b, 6, isdama=False), '*'], 'X', [Piece(b, -1, isdama=False), '+'], 'X', [Piece(b, 4, isdama=False), '-'], [Piece(b, 0, isdama=False), '-'], 'X', [Piece(b, -3, isdama=False), '+'], 'X', [Piece(b, 10, isdama=False), '*'], 'X', [Piece(b, -7, isdama=False), '/'], 'X', 'X', [Piece(b, -11, isdama=False), '+'], 'X', [Piece(b, 8, isdama=False), '-'], 'X', [Piece(b, -5, isdama=False), '/'], 'X', [Piece(b, 2, isdama=False), '*']]","{""valid_moves"": [{""position"": [16, ""-""], ""piece"": [""red"", 4, false], ""destination"": [25]}, {""position"": [18, ""+""], ""piece"": [""red"", -1, false], ""destination"": [25, 27]}, {""position"": [20, ""*""], ""piece"": [""red"", 6, false], ""destination"": [27, 29]}, {""position"": [22, ""/""], ""piece"": [""red"", -9, false], ""destination"": [29, 31]}]}","Piece(r, 4, isdama=False): [25]
Piece(r, -1, isdama=False): [25, 27]
Piece(r, 6, isdama=False): [27, 29]
Piece(r, -9, isdama=False): [29, 31]"
"[[Piece(r, 2, isdama=False), '*'], 'X', [Piece(r, -5, isdama=False), '/'], 'X', [Piece(r, 8, isdama=False), '-'], 'X', [Piece(r, -11, isdama=False), '+'], 'X', 'X', [Piece(r, -7, isdama=False), '/'], 'X', [Piece(r, 10, isdama=False), '*'], 'X', [Piece(r, -3, isdama=False), '+'], 'X', [Piece(r, 0, isdama=False), '-'], [Piece(r, 4, isdama=False), '-'], 'X', [Piece(r, -1, isdama=False), '+'], 'X', [Piece(r, 6, isdama=False), '*'], 'X', [Piece(r, -9, isdama=False), '/'], 'X', 'X', [None, '+'], 'X', [None, '-'], 'X', [None, '/'], 'X', [None, '*'], [None, '*'], 'X', [None, '/'], 'X', [None, '-'], 'X', [None, '+'], 'X', 'X', [Piece(b, -9, isdama=False), '/'], 'X', [Piece(b, 6, isdama=False), '*'], 'X', [Piece(b, -1, isdama=False), '+'], 'X', [Piece(b, 4, isdama=False), '-'], [Piece(b, 0, isdama=False), '-'], 'X', [Piece(b, -3, isdama=False), '+'], 'X', [Piece(b, 10, isdama=False), '*'], 'X', [Piece(b, -7, isdama=False), '/'], 'X', 'X', [Piece(b, -11, isdama=False), '+'], 'X', [Piece(b, 8, isdama=False), '-'], 'X', [Piece(b, -5, isdama=False), '/'], 'X', [Piece(b, 2, isdama=False), '*']]","{""valid_moves"": [{""position"": [16, ""-""], ""piece"": [""red"", 4, false], ""destination"": [25]}, {""position"": [18, ""+""], ""piece"": [""red"", -1, false], ""destination"": [25, 27]}, {""position"": [20, ""*""], ""piece"": [""red"", 6, false], ""destination"": [27, 29]}, {""position"": [22, ""/""], ""piece"": [""red"", -9, false], ""destination"": [29, 31]}]}","Piece(r, 4, isdama=False): [25]
Piece(r, -1, isdama=False): [25, 27]
Piece(r, 6, isdama=False): [27, 29]
Piece(r, -9, isdama=False): [29, 31]"
"[[Piece(r, 2, isdama=False), '*'], 'X', [Piece(r, -5, isdama=False), '/'], 'X', [Piece(r, 8, isdama=False), '-'], 'X', [Piece(r, -11, isdama=False), '+'], 'X', 'X', [Piece(r, -7, isdama=False), '/'], 'X', [Piece(r, 10, isdama=False), '*'], 'X', [Piece(r, -3, isdama=False), '+'], 'X', [Piece(r, 0, isdama=False), '-'], [Piece(r, 4, isdama=False), '-'], 'X', [Piece(r, -1, isdama=False), '+'], 'X', [Piece(r, 6, isdama=False), '*'], 'X', [Piece(r, -9, isdama=False), '/'], 'X', 'X', [None, '+'], 'X', [None, '-'], 'X', [None, '/'], 'X', [None, '*'], [None, '*'], 'X', [None, '/'], 'X', [None, '-'], 'X', [None, '+'], 'X', 'X', [Piece(b, -9, isdama=False), '/'], 'X', [Piece(b, 6, isdama=False), '*'], 'X', [Piece(b, -1, isdama=False), '+'], 'X', [Piece(b, 4, isdama=False), '-'], [Piece(b, 0, isdama=False), '-'], 'X', [Piece(b, -3, isdama=False), '+'], 'X', [Piece(b, 10, isdama=False), '*'], 'X', [Piece(b, -7, isdama=False), '/'], 'X', 'X', [Piece(b, -11, isdama=False), '+'], 'X', [Piece(b, 8, isdama=False), '-'], 'X', [Piece(b, -5, isdama=False), '/'], 'X', [Piece(b, 2, isdama=False), '*']]","{""valid_moves"": [{""position"": [16, ""-""], ""piece"": [""red"", 4, false], ""destination"": [25]}, {""position"": [18, ""+""], ""piece"": [""red"", -1, false], ""destination"": [25, 27]}, {""position"": [20, ""*""], ""piece"": [""red"", 6, false], ""destination"": [27, 29]}, {""position"": [22, ""/""], ""piece"": [""red"", -9, false], ""destination"": [29, 31]}]}","Piece(r, 4, isdama=False): [25]
Piece(r, -1, isdama=False): [25, 27]
Piece(r, 6, isdama=False): [27, 29]
Piece(r, -9, isdama=False): [29, 31]"
"[[Piece(r, 2, isdama=False), '*'], 'X', [Piece(r, -5, isdama=False), '/'], 'X', [Piece(r, 8, isdama=False), '-'], 'X', [Piece(r, -11, isdama=False), '+'], 'X', 'X', [Piece(r, -7, isdama=False), '/'], 'X', [Piece(r, 10, isdama=False), '*'], 'X', [Piece(r, -3, isdama=False), '+'], 'X', [Piece(r, 0, isdama=False), '-'], [Piece(r, 4, isdama=False), '-'], 'X', [Piece(r, -1, isdama=False), '+'], 'X', [Piece(r, 6, isdama=False), '*'], 'X', [Piece(r, -9, isdama=False), '/'], 'X', 'X', [None, '+'], 'X', [None, '-'], 'X', [None, '/'], 'X', [None, '*'], [None, '*'], 'X', [None, '/'], 'X', [None, '-'], 'X', [None, '+'], 'X', 'X', [Piece(b, -9, isdama=False), '/'], 'X', [Piece(b, 6, isdama=False), '*'], 'X', [Piece(b, -1, isdama=False), '+'], 'X', [Piece(b, 4, isdama=False), '-'], [Piece(b, 0, isdama=False), '-'], 'X', [Piece(b, -3, isdama=False), '+'], 'X', [Piece(b, 10, isdama=False), '*'], 'X', [Piece(b, -7, isdama=False), '/'], 'X', 'X', [Piece(b, -11, isdama=False), '+'], 'X', [Piece(b, 8, isdama=False), '-'], 'X', [Piece(b, -5, isdama=False), '/'], 'X', [Piece(b, 2, isdama=False), '*']]","{""valid_moves"": [{""position"": [16, ""-""], ""piece"": [""red"", 4, false], ""destination"": [25]}, {""position"": [18, ""+""], ""piece"": [""red"", -1, false], ""destination"": [25, 27]}, {""position"": [20, ""*""], ""piece"": [""red"", 6, false], ""destination"": [27, 29]}, {""position"": [22, ""/""], ""piece"": [""red"", -9, false], ""destination"": [29, 31]}]}","Piece(r, 4, isdama=False): [25]
Piece(r, -1, isdama=False): [25, 27]
Piece(r, 6, isdama=False): [27, 29]
Piece(r, -9, isdama=False): [29, 31]"
